Customer_ID,Age,Income,Customer_Years,Web_Visits,Web_Purchases,Store_Purchases,Catalog_Purchases,Wine_Spending,Fruit_Spending,Meat_Spending,Fish_Spending,Sweet_Spending,Gold_Spending,Children,Teenagers,Campaign_1,Campaign_2,Campaign_3,Campaign_4,Campaign_5,Pages_Viewed,Time_On_Website,Discount_Purchases,Complaints,Satisfaction,Loyalty_Points,Email_Opens,Email_Clicks,Mobile_Sessions,Returns,Delivery_Rating,Gender,Education,Marital_Status,Total_Spending,Total_Purchases,Total_Family_Members,Total_Campaign_Acceptance,Digital_Engagement,Average_Spending_Per_Purchase,Customer_Value_Score,Discount_Rate,Cluster,Persona
10001,58,100629.5690596765,1,7,2,7,3,69.05880012919484,25.311163007577022,281.93848261674873,24.717624638111026,49.69222159491789,101.00272401264242,1,0,0,0,0,0,0,8,14.333370203422154,2,0,7.889968383117946,750.315531290481,8,6,9,0,4.242687039069472,Female,Postgraduate,Single,551.7210159991919,12,2,0,38,42.44007815378399,1103.4420319983838,0.15384615384615385,0,VIP High-Value Customers
10002,48,43194.514033267355,8,14,4,7,4,314.481094541558,27.223487150791136,31.592052704943168,12.072425801063435,21.60830201290883,93.8104797577026,1,1,0,1,0,0,0,16,8.49482561862396,3,1,10.0,117.41728679737628,8,4,14,1,4.819528099395079,Male,Graduate,Divorced,500.78784196896714,15,3,1,56,31.299240123060446,4507.0905777207045,0.1875,1,Loyal Regular Customers
10003,34,110127.65141259396,5,11,3,10,3,251.5002570277203,64.57178428103977,146.73899948347224,20.783612240614215,36.93845047445667,73.29271110435302,1,1,0,0,0,0,0,12,7.683059288757719,1,1,4.91377712534007,801.3234984799988,5,0,7,0,4.115963585170322,Female,Graduate,Single,593.8258146116561,16,3,0,35,34.930930271273894,3562.954887669937,0.058823529411764705,0,VIP High-Value Customers
10004,62,63280.33088381976,3,6,3,12,3,275.9349460291766,49.80453441004588,30.279267967999154,10.628138788731402,50.13814411550838,55.07656733624682,2,0,0,1,0,0,0,9,4.13211616557788,2,1,7.8515222670084,570.2204902171446,9,1,10,0,3.8025208952159897,Male,High School,Married,471.86159864770826,18,3,1,35,24.83482098145833,1887.446394590833,0.10526315789473684,1,Loyal Regular Customers
10005,27,20000.0,11,9,2,8,2,56.5400610703011,67.25185409471293,176.33594186197357,61.431746192392936,57.72056769563136,7.336082221723457,0,0,1,0,0,0,1,5,5.34222190118365,4,1,7.34262924250832,535.5783585377729,8,3,10,0,3.016933071482428,Female,Graduate,Married,426.6162531367354,12,1,2,35,32.81663485667195,5119.395037640825,0.3076923076923077,1,Loyal Regular Customers
10006,40,53060.3116805776,7,8,10,6,2,90.09141593664293,24.956843848587845,240.36934312857392,58.2291263510316,12.541505876699494,137.8903954316744,3,1,1,0,0,0,0,10,8.653712209831387,1,1,4.424074459579143,642.3541814638572,14,4,15,0,4.441978114748579,Male,Graduate,Single,564.0786305732101,18,5,1,51,29.688348977537377,4512.629044585681,0.05263157894736842,1,Loyal Regular Customers
10007,58,83947.89413884349,7,8,3,7,2,105.78149039922098,46.46648917676136,113.79136687011555,74.30657456419965,24.56866368824208,37.77346975149524,1,1,0,1,0,0,0,9,7.4434416054194354,5,1,8.889062902713032,596.7656068481608,6,3,7,0,2.8962406776042444,Female,High School,Divorced,402.6880544500349,12,3,1,33,30.976004188464223,3221.504435600279,0.38461538461538464,1,Loyal Regular Customers
10008,38,95987.70971249646,9,6,2,7,3,47.79919948713351,6.679242052318772,110.20183330061128,12.787320214109652,22.56945525919804,132.1043560909521,1,1,0,0,0,0,0,14,8.951242518806067,2,3,6.2344770109729994,323.9708204063222,6,3,7,2,5.0,Female,High School,Married,332.14140640432333,12,3,0,36,25.54933895417872,3321.4140640432333,0.15384615384615385,1,Loyal Regular Customers
10009,42,72925.7738685303,7,5,6,2,3,148.13186860125876,15.304943864828145,156.84904144995096,11.634865297690796,7.585638194919374,47.424997425965486,0,2,0,1,0,0,1,16,5.451081909602605,4,0,9.369649079623228,193.00942142152576,14,6,9,1,4.202627242296412,Female,Postgraduate,Single,386.93135483461356,11,3,2,50,32.24427956955113,3095.4508386769085,0.3333333333333333,1,Loyal Regular Customers
10010,30,88216.69957582142,13,7,4,6,3,65.72014271509636,10.586076475276423,120.02320332885543,10.56496562151679,37.60936553299358,58.77333989477743,1,0,1,0,0,0,0,7,4.906348521263769,2,3,6.25087093940687,0.0,10,2,12,0,4.3127668945623325,Male,High School,Married,303.277093568516,13,2,1,38,21.66264954060829,4245.879309959224,0.14285714285714285,1,Loyal Regular Customers
10011,30,38799.86025313764,11,5,6,11,2,123.47847237282116,58.051821810541774,131.72865649190703,16.199554750308664,40.77604760571471,55.78460921729086,1,0,1,1,0,0,0,10,6.329311878381512,1,1,6.780947589291339,720.3050815775906,9,5,8,2,3.680882022276649,Male,Postgraduate,Married,426.01916224858417,19,2,2,37,21.300958112429207,5112.22994698301,0.05,1,Loyal Regular Customers
10012,43,47755.29143050966,14,8,2,9,3,78.18087741591528,97.86902681436628,298.5255018209202,81.47713272540756,90.54606253978383,38.48499729580689,2,0,1,0,1,0,0,8,8.741846401320672,1,0,9.335726968604995,1041.279580234809,8,6,8,0,4.606710067521562,Female,Graduate,Married,685.0835986122,14,3,2,38,45.672239907480005,10276.253979183,0.06666666666666667,0,VIP High-Value Customers
10013,55,29769.73292396777,3,5,4,11,1,172.53269463734782,28.206791760135154,247.67772131612216,87.65580175464815,16.51016901605224,23.325396537057486,0,2,0,0,0,0,0,13,7.36905035746298,2,0,6.4956369727257455,369.01491416523766,8,5,8,2,2.662455936105296,Female,Graduate,Single,575.908575021363,16,3,0,39,33.87697500125665,2303.634300085452,0.11764705882352941,1,Loyal Regular Customers
10014,59,49108.86463214574,11,7,9,9,4,210.11659445235568,49.02704918763699,198.52367778462104,36.75947020871102,30.0403933789678,82.33358347288512,1,0,0,0,0,0,0,10,6.714477353998486,1,2,8.35612175155354,776.7258848656043,8,1,12,0,3.90996575831105,Female,Graduate,Divorced,606.8007684851777,22,2,0,38,26.382642108051208,7281.609221822133,0.043478260869565216,1,Loyal Regular Customers
10015,43,73714.54175584199,13,6,10,13,4,113.95881024590842,48.163576150022436,55.794786914939756,176.22069288872387,71.64921036690423,13.092047337440757,2,1,0,0,0,0,0,7,10.029016755972165,2,0,4.759292207641177,279.78224897156565,8,3,8,0,2.913111821355966,Female,High School,Single,478.87912390393944,27,4,0,32,17.102825853712122,6704.307734655153,0.07142857142857142,1,Loyal Regular Customers
10016,22,63827.80372289434,15,6,5,11,2,108.34570203806855,91.69983923271737,219.6149516148957,19.25277219086843,50.0410494205608,58.53438907172498,2,2,0,0,1,0,0,9,9.338581670027532,1,1,7.849668177083771,374.7395914988104,4,3,11,0,4.353668082780843,Female,Graduate,Single,547.4887035688358,18,5,1,33,28.81519492467557,8759.819257101373,0.05263157894736842,0,VIP High-Value Customers
10017,41,75621.28265993728,14,4,2,9,1,159.78774011571142,25.286174827910983,153.157184192619,30.650518622381263,111.4355732676109,22.766530471016548,2,0,0,0,0,0,0,9,9.358419060467737,3,0,8.24000007569616,814.9169168101089,7,3,12,1,3.3633911273928936,Male,High School,Divorced,503.0837214972501,12,3,0,35,38.69874780748078,7546.255822458752,0.23076923076923078,0,VIP High-Value Customers
10018,21,43142.74768505874,13,5,3,6,3,29.366653423544324,35.31742087733058,10.672799132970955,225.17228135057863,42.925524929422245,58.15816620324309,2,2,0,0,0,0,0,9,7.7714713343918165,3,0,9.107203733959,308.3222005035557,16,2,7,1,4.081030433297793,Female,Postgraduate,Married,401.61284591708977,12,5,0,39,30.893295839776137,5622.579842839257,0.23076923076923078,1,Loyal Regular Customers
10019,43,44240.549517386404,1,11,7,10,3,89.59992160713163,15.77674044492624,121.14145874703642,34.521502191341504,31.516751167031796,62.7199418217344,0,2,0,0,0,0,0,10,5.857338135075151,2,1,7.770416492951202,401.6715908471848,8,2,12,1,3.635606441426301,Female,Postgraduate,Single,355.2763159792019,20,3,0,43,16.917919808533423,710.5526319584038,0.09523809523809523,1,Loyal Regular Customers
10020,63,63682.98377144843,8,9,6,8,2,66.26899789744472,11.52718375098477,132.30822384949346,79.792267471952,21.348657279621914,82.90290604432508,0,1,0,0,0,1,0,10,4.2279940307735515,3,0,5.914474244453008,410.05632364253603,7,1,13,1,4.351192712298852,Male,Postgraduate,Single,394.1482362938219,16,2,1,40,23.18519037022482,3547.334126644397,0.17647058823529413,1,Loyal Regular Customers
10021,49,49152.33950450432,12,3,4,5,4,254.21329414291637,53.57038824762456,333.00063360416766,65.42989248487694,13.478785042308344,94.3742212074946,2,2,0,1,0,0,0,11,7.029244797196443,2,1,6.6113230714465505,441.0248408861703,4,5,7,1,4.231021373753614,Male,Postgraduate,Single,814.0672147293885,13,5,1,30,58.14765819495632,10582.87379148205,0.14285714285714285,0,VIP High-Value Customers
10022,57,83433.28502688171,3,8,2,7,4,409.025985688945,18.683479615707814,270.7043217253132,22.442340742657503,35.4598355619767,36.32391615565447,0,1,0,0,0,0,0,17,8.334691515734484,5,3,4.981707287210403,767.2661461838452,6,6,10,0,3.621414544219659,Female,Postgraduate,Single,792.6398794902547,13,2,0,47,56.6171342493039,3170.5595179610186,0.35714285714285715,0,VIP High-Value Customers
10023,21,48706.46008120541,12,3,7,2,2,49.0661880147144,19.555851196097315,130.8038654628404,209.0893095802839,23.881224217885162,21.898711142411543,3,1,0,0,0,0,0,15,10.61218001035811,1,0,6.603288752695375,202.346221469358,10,2,7,0,4.096696110227736,Female,High School,Married,454.29514961423274,11,5,0,37,37.857929134519395,5905.836944985025,0.08333333333333333,0,VIP High-Value Customers
10024,40,51082.993627237556,8,7,6,12,4,131.1534229724385,45.56853462593885,375.7824271328475,67.73440441770833,33.4974370941944,3.999490245399299,3,0,0,0,0,1,0,13,7.1381124106382305,3,0,7.377548600710243,404.4456751087825,10,4,7,2,3.294835155098096,Male,Postgraduate,Single,657.7357164885269,22,4,1,41,28.597205064718562,5919.621448396742,0.13043478260869565,1,Loyal Regular Customers
10025,52,67539.10944963277,8,7,7,4,3,56.63166994515347,26.87805929961214,259.0479217660727,44.69767726120274,92.8414522250735,5.611128275331045,2,1,0,0,0,0,0,7,4.451808719579276,3,1,7.9695879109099685,301.59145383707687,13,4,4,2,5.0,Male,Postgraduate,Divorced,485.7079087724456,14,4,0,35,32.380527251496375,4371.37117895201,0.2,1,Loyal Regular Customers
10026,31,52992.81254890513,13,4,7,5,1,64.43129103187458,54.37488235668634,98.43260878427012,13.453006192244352,42.89717295923174,87.08268079810986,1,0,0,0,0,0,0,11,3.933828235933415,2,0,5.653218582111103,0.0,12,4,18,0,4.2954610286838815,Male,High School,Married,360.671642122417,13,2,0,49,25.762260151601215,5049.402989713838,0.14285714285714285,1,Loyal Regular Customers
10027,41,37771.000916326564,5,4,3,5,4,132.08868893711127,55.119196613834546,96.86003477944217,38.89095291965278,6.205443190642504,16.462877584125714,1,0,0,0,0,0,0,13,8.616674909205988,0,1,8.80366218384445,583.6644063254685,7,5,10,2,3.959545683639011,Male,PhD,Single,345.62719402480894,12,2,0,39,26.58670723267761,2073.763164148854,0.0,1,Loyal Regular Customers
10028,63,40211.595153022405,13,12,3,4,0,102.81864060041936,37.794268461243774,174.69084516696375,85.36346998282485,12.524916942412629,71.98230702043669,3,0,0,0,0,0,0,12,10.39660839863984,0,0,7.541925988638816,462.39035896605674,8,0,4,2,2.328224064375913,Female,Postgraduate,Married,485.17444817430106,7,4,0,36,60.64680602178763,6792.4422744402145,0.0,0,VIP High-Value Customers
10029,44,69679.7872513252,12,8,4,12,5,130.71359310421096,34.68726948853651,84.33306959791824,37.60618106538768,30.171336681974413,184.73073008014552,2,1,0,0,0,0,0,9,4.029771572221638,4,1,8.821646469610014,0.0,2,2,16,1,4.3994920062813945,Male,High School,Married,502.2421800181733,21,4,0,37,22.82919000082606,6529.148340236253,0.18181818181818182,1,Loyal Regular Customers
10030,68,35543.19273788291,13,9,5,9,1,62.694528372061,96.5998902446826,400.83330772084105,45.92016986081015,23.28796934465947,18.729261023321882,3,0,0,0,0,1,0,15,11.467712772333446,3,1,10.0,639.8491728738127,10,3,11,0,2.714660072002844,Female,Postgraduate,Married,648.0651265663761,15,4,1,48,40.504070410398505,9072.911771929264,0.1875,0,VIP High-Value Customers
10031,46,85148.9596958786,1,8,2,15,4,132.20024875733301,29.88225767275083,177.60500452538903,61.24440933331925,84.22950589278932,50.921355655973166,3,1,1,0,0,0,0,8,4.546427103216818,0,0,6.56104115181238,612.0963473555973,16,4,8,2,3.714643044628549,Male,Postgraduate,Married,536.0827818375545,21,5,1,44,24.367399174434297,1072.165563675109,0.0,1,Loyal Regular Customers
10032,61,47572.8128825685,13,4,4,7,2,247.78724255669022,56.760393329405936,88.16515738951377,9.874061981491245,31.329217736331877,37.37064977952949,1,1,0,1,1,1,0,14,5.8639569389874415,3,0,7.653042417430811,375.9284914281301,11,2,11,0,3.6776029202928355,Male,High School,Divorced,471.28672277296255,13,3,3,42,33.6633373409259,6598.014118821476,0.21428571428571427,1,Loyal Regular Customers
10033,47,71091.8847054251,10,5,7,4,1,190.62657282188164,14.5720789012892,346.88129319035585,13.970624890644562,20.296487467107877,116.16068882711271,3,0,0,0,0,0,0,12,11.073332987588024,3,0,6.1670240362717745,207.91341590048887,10,2,9,0,5.0,Female,Graduate,Married,702.5077460983919,12,4,0,38,54.03905739218399,7727.58520708231,0.23076923076923078,0,VIP High-Value Customers
10034,35,48652.57276746658,7,5,5,3,5,43.5875952404577,34.06425127752894,29.37538364666112,69.27740885537725,72.1340999835879,25.798943625881655,2,1,0,0,0,0,0,19,6.552277519068602,3,0,6.689351419237288,494.3199983387388,16,3,10,1,4.197889398217837,Female,High School,Single,274.23768262949454,13,4,0,53,19.588405902106754,2193.9014610359563,0.21428571428571427,1,Loyal Regular Customers
10035,34,43525.65516006543,12,7,6,15,3,295.81840655500633,57.02709554417068,178.31715784635435,32.043636481219835,33.027581273575265,40.77870677217687,1,0,0,0,1,0,0,13,7.570478983812588,1,0,6.837941823569701,1188.2640183237104,8,3,6,2,3.2166192525013324,Female,Graduate,Married,637.0125844725032,24,2,1,37,25.48050337890013,8281.163598142542,0.04,1,Loyal Regular Customers
10036,66,64429.86628122328,10,6,4,10,2,57.94388084039515,16.362510537672314,149.1528385847779,42.49857777121828,1.701724002829517,15.823931691443148,1,0,0,0,0,0,0,4,9.18674375268954,3,0,7.06661283122569,442.16921852238573,10,4,11,0,3.147162949614909,Male,High School,Married,283.4834634283363,16,2,0,35,16.675497848725662,3118.318097711699,0.17647058823529413,1,Loyal Regular Customers
10037,70,78932.1024062862,5,12,9,7,2,65.1637264300035,31.25675722893601,63.94116529773073,46.80523293703037,26.348540349007177,33.61400163922255,3,0,0,0,0,0,0,14,11.577989957174164,1,0,7.362100202320984,343.4895658897417,4,2,15,1,4.252297182744984,Male,Graduate,Single,267.1294238819304,18,4,0,47,14.059443362206864,1602.7765432915824,0.05263157894736842,1,Loyal Regular Customers
10038,63,55547.380484518115,8,11,2,7,7,210.45352720730946,33.306954893198515,363.6795988393562,33.80861320265279,48.176646073980855,17.1852776303123,0,2,0,0,0,0,0,10,7.735310861075997,1,0,9.158924826031352,391.0056082882572,7,5,12,0,4.656153922504538,Female,Postgraduate,Married,706.6106178468101,16,3,0,45,41.56533046157706,6359.495560621291,0.058823529411764705,0,VIP High-Value Customers
10039,22,58821.40763236572,9,6,6,5,4,134.77868874102376,17.231650418097516,116.76581536131394,150.9190717831761,20.959980903999128,59.30609679497804,3,1,0,0,1,0,0,14,8.330366229964865,0,1,5.950673666990434,141.0295907372127,7,5,10,1,3.935768906095195,Male,Graduate,Married,499.9613040025884,15,5,1,42,31.247581500161775,4999.613040025884,0.0,1,Loyal Regular Customers
10040,56,74533.51249949042,11,2,4,4,2,112.19914631564369,19.657942576652133,107.40758176182877,98.7194282700901,50.79486639055481,136.45537624578816,2,2,0,1,0,0,0,8,7.490033385337757,3,2,7.385263590980132,816.9142948822067,5,3,10,0,3.828793224344882,Male,Graduate,Single,525.2343415605576,10,5,1,28,47.748576505505234,6302.812098726691,0.2727272727272727,0,VIP High-Value Customers
10041,70,75129.49050452802,14,6,3,6,0,98.10128602025104,14.230181015734086,249.28047086883586,23.161256792007382,65.63263545500698,53.21174766090472,0,2,0,0,0,0,0,12,3.821599420020722,0,1,8.510163992948446,237.20381356123755,6,3,8,0,4.021576945099872,Male,High School,Single,503.61757781274014,9,3,0,35,50.361757781274015,7554.263667191102,0.0,0,VIP High-Value Customers
10042,26,59307.14903964466,7,5,6,9,2,100.84605582751284,4.075643340365936,173.89550137755097,31.170375785411697,53.655901313112665,88.68663670680154,2,1,0,0,0,1,0,13,11.853367578102919,1,0,9.333648442967679,140.55422833555485,12,3,13,1,4.865840118799242,Female,High School,Single,452.33011435075565,17,4,1,46,25.1294507972642,3618.640914806045,0.05555555555555555,1,Loyal Regular Customers
10043,40,52017.3619352648,14,5,7,8,1,103.27922819809322,14.858879422284758,90.11589019573346,83.54254121795655,36.071442440196996,20.38455521530847,1,1,0,0,0,0,0,7,1.0,1,0,5.538191121500992,362.944241918538,10,3,14,1,4.3511372552906975,Female,High School,Married,348.2525366895735,16,3,0,39,20.485443334680795,5223.788050343603,0.058823529411764705,1,Loyal Regular Customers
10044,28,61487.80727001057,13,8,8,5,2,167.5219403695885,37.56196439558528,115.87524237408681,81.06981182800364,35.863222361559025,16.567621350441915,2,0,0,0,0,0,0,10,8.9070960039235,4,0,8.49912843640924,861.3251580393145,7,1,11,1,4.001959602994588,Female,Graduate,Divorced,454.45980267926524,15,3,0,37,28.403737667454077,6362.437237509714,0.25,0,VIP High-Value Customers
10045,58,56563.593155009825,15,10,9,12,3,179.75499977854213,20.318003975093127,336.6924705194467,17.702422166978145,19.8458808705513,67.64416863019949,2,2,0,0,1,0,0,11,11.440967137252738,1,3,6.414197544774161,690.5440775896345,7,3,12,0,3.506364769940331,Male,Graduate,Divorced,641.957945940811,24,5,1,43,25.678317837632438,10271.327135052976,0.04,1,Loyal Regular Customers
10046,37,65633.53473270334,7,5,5,5,3,102.77727178358467,31.491054197149964,138.5819892048943,19.077654404806005,16.899771919880415,103.08229301557292,2,1,0,0,0,0,0,11,11.897807265600314,0,1,8.016125242744351,426.77712336232736,12,3,14,0,4.59729928675141,Male,High School,Married,411.9100345258883,13,4,0,45,29.422145323277736,3295.2802762071065,0.0,1,Loyal Regular Customers
10047,23,38503.13231677645,1,7,4,6,3,266.6164345659769,34.958251313671,449.0823542149851,41.46446753430449,48.45604595246928,30.390211607736738,3,0,0,0,0,1,1,7,5.51016374427362,4,0,7.407035088976818,384.69522216274794,9,4,10,3,4.469018013039931,Female,Graduate,Single,856.2110599076855,13,4,2,37,62.21198322779596,1741.935530378287,0.2857142857142857,0,VIP High-Value Customers
10048,44,64989.26842845744,15,7,3,7,4,133.46651965691052,27.85802142594262,83.30664286843654,105.67075730644446,22.753281872853904,37.9820469269165,3,1,0,0,0,0,0,17,9.196712539966958,2,1,7.789605435481423,347.71537142635316,7,0,10,0,4.870705058609428,Male,Postgraduate,Married,411.03727005750454,14,5,0,41,27.402484670500304,6576.596320920073,0.13333333333333333,1,Loyal Regular Customers
10049,33,47070.538508926526,4,6,7,6,1,147.135593764989,56.4112569038267,127.25460709358185,22.949403876897122,17.686000496039146,7.348559878201999,2,1,0,1,0,0,0,8,5.396974563989575,1,1,8.260259372379974,351.6484664785294,2,1,13,1,4.645224110946317,Female,High School,Single,378.7854220135358,14,4,1,30,25.252361467569056,1893.9271100676792,0.06666666666666667,1,Loyal Regular Customers
10050,69,76305.97700682905,2,9,4,11,4,234.12240467538425,118.93911344679425,100.69537721389136,73.45596785190799,28.077621752441463,99.77490996694563,3,0,0,1,0,0,0,9,5.937169780182753,3,0,6.217128475512565,430.0909644150358,8,4,12,0,4.304515788308986,Female,Graduate,Single,655.065394907365,19,4,1,42,32.75326974536825,1965.196184722095,0.15,1,Loyal Regular Customers
10051,28,47895.57871133072,2,7,8,6,4,78.69040818056409,15.006495936969541,238.18429912351874,25.40051118870653,29.633819911518593,32.409789643344574,1,1,1,0,0,0,0,8,11.428561226749226,4,0,8.003758229998226,744.5497413098886,5,3,10,1,4.159398481818614,Female,Graduate,Married,419.3253239846221,18,3,1,33,22.06975389392748,1257.9759719538663,0.21052631578947367,1,Loyal Regular Customers
10052,45,48208.02419056322,2,5,8,4,2,169.52140869216254,64.4888355559997,461.3218123422298,44.18085636001639,38.79957770245868,56.63049453957936,1,0,1,0,0,0,1,8,8.234198294931288,4,1,8.5491391632565,289.38205594795545,9,4,13,0,3.474408536903061,Male,Graduate,Single,834.9429851924465,14,2,2,39,55.662865679496434,2504.8289555773395,0.26666666666666666,0,VIP High-Value Customers
10053,21,68017.17883941132,4,8,1,8,4,71.14244138486274,17.310445478246248,166.61858059317547,95.93407172159863,11.056246831260037,41.29747133843109,0,2,0,0,0,0,0,8,8.783259126287621,1,0,6.865017336710852,1002.1968090608198,8,1,11,0,4.275734968609253,Female,High School,Single,403.35925734757416,13,3,0,36,28.811375524826726,2016.7962867378708,0.07142857142857142,1,Loyal Regular Customers
10054,39,59642.99767046553,14,6,5,8,6,65.61356431934014,43.18573146136878,184.85380982750075,11.283829544814633,27.936738357531624,122.42303850501605,3,0,0,0,0,0,0,20,10.571088831631407,2,0,5.9341960159516765,783.9543356722297,4,1,14,1,3.6492465999793877,Male,PhD,Married,455.296712015572,19,4,0,45,22.7648356007786,6829.45068023358,0.1,1,Loyal Regular Customers
10055,47,100979.72927517907,1,3,4,2,6,280.4316762426995,10.549063365901079,123.17328000041061,47.25085275900112,23.887183481955358,11.887934852302028,3,1,0,0,0,1,0,14,11.20646371893044,1,1,4.672412834244321,1042.8150724117656,3,1,8,1,2.8983245826862736,Female,Graduate,Married,497.17999070226966,12,5,1,29,38.24461466940536,994.3599814045393,0.07692307692307693,1,Loyal Regular Customers
10056,66,30672.553010023457,15,3,3,6,2,324.6461294103117,40.889434766020415,59.74610925539818,14.775327432944522,50.48799588521443,68.36277857771404,2,2,0,0,0,0,0,9,7.456765290957959,1,0,7.119707721273246,83.35030194479157,4,2,8,1,5.0,Male,Graduate,Single,558.9077753276033,11,5,0,26,46.57564794396694,8942.524405241653,0.08333333333333333,0,VIP High-Value Customers
10057,26,61977.3530451854,4,11,2,4,2,146.47269568881458,24.12254875448601,139.1665535331321,160.8993509706265,55.81956035495534,41.12490216515898,0,2,0,1,1,0,0,10,3.008276958977712,2,0,9.268505051333749,498.7109214113636,6,2,6,1,3.3463774462610036,Female,Graduate,Married,567.6056114671736,8,3,2,35,63.067290163019294,2838.028057335868,0.2222222222222222,0,VIP High-Value Customers
10058,63,80333.69072950268,2,11,8,8,0,87.94482516399434,23.6376618471918,208.4932552463324,34.52438447625258,33.17156989987044,67.87175585318298,1,0,1,0,0,0,0,9,7.112518323770049,0,0,6.9026988426744875,582.8977952807753,8,1,12,0,3.432666565136926,Male,Graduate,Single,455.6434524868246,16,2,1,41,26.80255602863674,1366.9303574604737,0.0,1,Loyal Regular Customers
10059,27,49590.34938730858,5,8,8,2,3,164.62558071085084,37.49160927569439,112.10223659605718,88.67093160632835,41.91709216927463,24.055801087909135,1,0,0,0,0,0,0,13,9.855269489967302,1,1,7.761171396726512,512.7795629095169,7,3,11,0,4.108513375519829,Male,Graduate,Single,468.8632514461145,13,2,0,42,33.49023224615103,2813.179508676687,0.07142857142857142,1,Loyal Regular Customers
10060,66,43609.958794682156,3,7,3,2,1,128.57321375451252,13.575976499831242,64.43158463734989,10.217149550046145,30.022516416890063,36.51493226354132,2,0,0,0,1,1,1,12,3.3048710096579486,3,0,7.886557868971025,701.4931685384342,6,2,13,1,4.137778738098554,Female,Postgraduate,Married,283.3353731221712,6,3,3,40,40.47648187459588,1133.3414924886847,0.42857142857142855,1,Loyal Regular Customers
10061,54,44324.43634236608,15,7,4,7,5,196.8280373519878,13.49267716624623,21.607329223166587,104.91538044285672,70.85717394714933,5.769602885768115,3,2,0,0,0,0,0,13,6.520165109921108,5,0,9.646894745265229,643.9586511505318,4,1,13,2,4.132787846217092,Male,High School,Single,413.47020101717476,16,6,0,38,24.321776530422046,6615.523216274796,0.29411764705882354,1,Loyal Regular Customers
10062,33,30984.69876629848,12,7,12,2,5,126.49584525430744,24.906228905618676,375.27322229598315,80.1716082256163,69.77550111826747,18.022470973662983,2,0,0,0,0,0,0,13,6.773351269782481,0,0,4.3765593424013955,237.9303961573694,4,1,7,0,3.7144571097201684,Male,Graduate,Single,694.644876773456,19,3,0,32,34.7322438386728,9030.383398054928,0.0,0,VIP High-Value Customers
10063,36,84294.68329159252,8,9,3,9,3,127.29183798974276,63.343900053692806,122.11391811736559,117.85792127848835,16.471249034779053,10.715310116997749,0,1,0,1,0,0,0,12,8.710077741729544,2,3,8.91523109318194,326.7917609727324,6,3,3,1,4.35799854385634,Male,Graduate,Married,457.79413659106626,15,2,1,33,28.61213353694164,4120.147229319597,0.125,1,Loyal Regular Customers
10064,55,54066.88784748465,4,5,3,6,2,66.61148892374933,25.421613520389513,203.08641401647387,88.77116135294415,8.428400980306888,69.58848265878737,1,2,0,0,0,0,0,12,6.083775642951597,3,1,7.531328652355052,476.42622266658987,7,5,10,2,4.800400520750081,Male,Graduate,Married,461.9075614526511,11,4,0,39,38.492296787720925,2309.5378072632557,0.25,1,Loyal Regular Customers
10065,69,51935.51148359585,1,4,4,4,3,92.28793665877102,120.53522319314348,289.11141254965963,25.099542034320017,53.465743902626286,80.36217180249527,0,0,0,0,0,0,0,11,8.133326622557323,1,0,8.889340600324854,113.58646037800139,4,1,8,3,3.385513961569833,Male,Graduate,Married,660.8620301410157,11,1,0,28,55.07183584508464,1321.7240602820314,0.08333333333333333,0,VIP High-Value Customers
10066,59,21766.23466205687,1,7,3,11,4,111.09645556588471,143.474261752917,323.4219266549821,6.755080990115812,10.70494970563666,29.75269498296192,1,2,0,0,0,0,0,10,4.554571535637282,1,0,8.620075710035154,407.09735065196145,6,2,11,1,3.157659682484589,Male,Graduate,Married,625.2053696524981,18,4,0,36,32.90554577118411,1250.4107393049962,0.05263157894736842,1,Loyal Regular Customers
10067,23,34193.24569568607,12,8,4,2,2,170.10862829772486,31.018475863133187,110.1360586585686,40.14437384186023,74.2495262888239,96.84059681349653,1,1,0,0,0,0,0,10,9.432466519425509,2,0,6.672157323301355,617.4197119545339,7,1,9,0,2.4858065154980573,Male,Postgraduate,Single,522.4976597636073,8,3,0,35,58.0552955292897,6792.469576926895,0.2222222222222222,0,VIP High-Value Customers
10068,21,86377.0155993437,10,8,6,4,3,83.4532694224974,94.25649944453916,198.06164999637693,34.8589135520027,10.747335963638227,68.38087176031846,0,1,0,1,0,0,0,9,9.279486387614277,3,0,9.694152518069961,498.7109214113636,8,3,9,0,3.700773241536952,Male,High School,Single,489.75854013937294,13,2,1,37,34.982752867098064,5387.343941533102,0.21428571428571427,0,VIP High-Value Customers
10069,25,65455.901989810416,3,3,4,6,2,303.82234066621737,15.404991170178448,211.22571653876122,47.823989108319736,55.773766045345155,28.639775781610354,1,1,0,0,0,0,0,14,18.08824880773937,0,0,10.0,575.0209821429612,5,3,7,1,4.0620807979529205,Male,Postgraduate,Single,662.6905793104324,12,3,0,32,50.9761984084948,2650.7623172417298,0.0,0,VIP High-Value Customers
10070,61,80997.0149386519,15,7,3,11,2,124.72300631366318,33.86598702075709,265.4893347686037,55.14112458488244,31.524024018415492,13.222886770326982,1,0,0,0,0,0,1,15,4.979540983116902,0,0,9.275247548448759,0.0,8,6,11,1,4.2458504494113445,Female,High School,Divorced,523.9663634766489,16,2,1,47,30.821550792744052,8383.461815626382,0.0,1,Loyal Regular Customers
10071,23,78719.86391693694,9,9,8,7,1,49.64824291190523,38.73049476857379,209.80495062221502,113.88731526410396,113.33662095074155,9.182611313991313,0,0,0,0,0,0,0,9,6.758474308874758,2,1,10.0,502.8713699755929,6,0,10,1,3.605418488287852,Female,Postgraduate,Single,534.5902358315308,16,1,0,34,31.44648446067828,5345.9023583153075,0.11764705882352941,0,VIP High-Value Customers
10072,48,41988.83494968707,7,12,2,8,1,103.59555760938426,49.76256588357919,184.983397774461,91.41098295697533,75.38453359473597,20.08173724400242,1,2,0,0,0,0,0,8,11.934147839172338,4,0,7.212996942228271,774.2118416416752,8,3,10,0,4.9544384833272535,Female,Graduate,Married,525.2187750631382,11,4,0,41,43.76823125526152,4201.750200505106,0.3333333333333333,0,VIP High-Value Customers
10073,37,103737.25911577145,2,9,3,9,5,184.794481462538,8.85565960958049,84.23560306619495,108.4749874233658,8.404860751504025,163.5452903401672,0,0,0,0,0,0,0,11,3.208918020109201,2,0,6.188768511396142,81.05203657211882,6,0,8,0,4.571755589586852,Male,Postgraduate,Married,558.3108826533505,17,1,0,34,31.01727125851947,1674.9326479600516,0.1111111111111111,1,Loyal Regular Customers
10074,45,95095.18672082212,15,10,7,4,2,105.22338848489379,36.90681643871641,234.61284956490303,35.064755819286326,13.341243975848382,92.40999943944603,2,2,1,0,0,0,0,9,16.24397042156147,0,0,8.57648517361206,465.5568993397249,8,2,12,0,4.131345659114277,Male,High School,Single,517.5590537230939,13,5,1,41,36.968503837363855,8280.944859569503,0.0,0,VIP High-Value Customers
10075,63,49852.20404178537,13,6,3,11,5,66.12855324759066,76.60258201477372,156.90817060723697,82.33315844463046,48.70341698600852,95.09362884071349,3,0,0,0,0,0,0,9,6.511182337516874,4,1,7.963123818870782,769.2473476843579,6,6,11,1,3.7844115056047496,Female,Graduate,Married,525.7695101409538,19,4,0,38,26.28847550704769,7360.773141973354,0.2,1,Loyal Regular Customers
10076,53,20000.0,9,5,7,9,2,95.34116290742405,3.649639031252416,349.1321300928963,79.73021454849554,65.08492271764158,24.935952033267103,3,1,1,1,0,0,0,14,3.402711552819359,2,0,7.541925988638816,480.399530478255,6,4,14,0,3.18674259363042,Female,Postgraduate,Married,617.8740213309769,18,5,2,43,32.51968533320931,6178.740213309769,0.10526315789473684,1,Loyal Regular Customers
10077,29,53582.42238100662,10,11,5,7,1,82.48340290316064,16.296660381079196,235.69449583952942,110.92350404129338,10.20793815128432,89.69849539862865,3,0,0,0,1,0,0,10,9.296726669756866,2,0,6.652381713160922,432.8260692741351,4,3,11,5,3.432230925671917,Female,Graduate,Married,545.3044967149756,13,4,1,39,38.950321193926825,5998.349463864732,0.14285714285714285,0,VIP High-Value Customers
10078,55,64289.33271818607,2,6,2,5,5,167.66289786210095,77.801344923011,39.58613802330482,40.07763921042345,57.4767385687343,53.75487122295957,1,0,1,1,0,0,0,12,8.167276710673484,4,0,10.0,832.1411380150238,4,1,13,2,3.4353642138672065,Male,PhD,Single,436.3596298105341,12,2,2,36,33.566125370041085,1309.0788894316024,0.3076923076923077,1,Loyal Regular Customers
10079,33,49781.05737403757,3,3,9,7,4,80.76235622262783,19.91822457228428,80.21491367291692,148.6859416619748,36.76181012285192,103.35526951709984,0,0,1,0,0,0,0,11,5.008248950606618,1,2,7.777144369868515,480.8876797042405,4,2,7,1,4.176137937073492,Female,Graduate,Married,469.69851576975555,20,1,1,27,22.36659598903598,1878.7940630790222,0.047619047619047616,1,Loyal Regular Customers
10080,50,56012.60225967509,11,10,4,7,3,32.65473125378908,36.00139550386363,123.72135529095756,153.9907675650233,42.57830244885989,93.06923362835991,3,1,0,0,0,0,0,15,6.014180364401056,3,0,5.773562997464718,473.95961632429623,6,4,9,3,4.223676168520725,Female,High School,Single,482.01578569085336,14,5,0,44,32.13438571272356,5784.18942829024,0.2,0,VIP High-Value Customers
10081,67,45084.1553459197,13,9,3,6,1,77.1369494773693,44.18614909354972,154.26638250202373,16.495240291084006,15.499038339062619,88.65247889396414,1,2,0,0,0,0,0,10,10.035780393487235,0,0,7.761986320859181,460.3221130924611,7,2,8,2,2.9038411758269707,Male,Graduate,Divorced,396.23623859705356,10,4,0,36,36.02147623609578,5547.30734035875,0.0,0,VIP High-Value Customers
10082,34,76589.42493036925,10,7,1,14,6,218.9991176893325,16.35317002857476,492.4501208352938,45.59410529680728,96.24596026530845,36.70890996787311,1,0,0,0,0,0,0,8,4.060861041859241,2,2,8.36938981207879,798.5465057026825,9,0,8,1,4.309481384574934,Male,Postgraduate,Married,856.2110599076855,21,2,0,32,41.19779018559954,9969.865224915087,0.09090909090909091,0,VIP High-Value Customers
10083,27,61145.39832663399,14,4,2,3,2,162.99696178509288,11.760605898923714,251.5176100490905,68.63925779523804,41.12481345469763,54.65931316463685,0,1,0,0,0,0,0,12,9.96589735829812,3,1,6.151044480316217,509.0917499383544,1,4,10,2,4.234652012523393,Female,High School,Married,590.6985621476796,7,2,0,31,73.83732026845995,8860.478432215194,0.375,0,VIP High-Value Customers
10084,33,77127.25313297317,2,4,6,9,3,38.58741893232618,27.756863959936563,100.92659949487827,55.56302395695174,23.945953741800956,36.00099084382372,2,0,0,0,0,0,0,15,6.002942786108564,1,0,8.331254851013686,454.94305422356103,6,4,10,1,4.2673960462452145,Male,PhD,Single,282.7808509297174,18,3,0,39,14.883202680511443,848.3425527891523,0.05263157894736842,1,Loyal Regular Customers
10085,42,81999.66023174286,3,9,10,8,0,208.36585339739295,67.9289630764797,255.65646161379246,15.509194683143198,26.2399989263176,37.218322252404135,0,0,0,0,0,0,0,13,15.905963539592838,4,2,7.708490199941688,427.5825603864182,12,2,11,2,3.958691183021344,Male,Graduate,Single,610.91879394953,18,1,0,47,32.15362073418579,2443.67517579812,0.21052631578947367,1,Loyal Regular Customers
10086,59,20862.175846440354,6,5,6,8,3,241.7285227401299,37.12475714307259,179.82905059640757,17.71120434959791,24.661727742884466,44.10103520156354,1,1,0,1,0,0,0,5,12.59403020092464,2,0,5.889966353897618,11.086725108188148,5,4,9,1,3.65371319702061,Female,Postgraduate,Divorced,545.156297773656,17,3,1,28,30.286460987425333,3816.094084415592,0.1111111111111111,1,Loyal Regular Customers
10087,40,46130.60020498614,9,4,6,8,4,173.45616725604583,12.031273943722056,257.1465654762783,18.90723942885281,40.155606154953894,32.27401747094383,2,0,0,0,0,0,0,7,4.158291834381364,0,1,6.504562365319622,622.2173515299312,3,2,9,0,4.97173097341876,Female,Postgraduate,Single,533.9708697307967,18,3,0,25,28.103729985831407,5339.708697307968,0.0,1,Loyal Regular Customers
10088,35,48767.47271447022,9,5,2,9,4,69.67552837493743,57.05615248208559,131.06472545244907,19.375567548004614,33.85562204455326,94.17827721686133,2,0,0,0,1,0,0,10,6.781470927816729,2,0,7.719982584400469,495.01483086288476,5,2,10,0,3.1983625401794487,Male,Graduate,Single,405.20587311889125,15,3,1,32,25.325367069930703,4052.0587311889126,0.125,1,Loyal Regular Customers
10089,64,106284.7024743981,7,7,4,9,4,220.66249223863502,12.654923890948773,517.7270831600978,49.61428668761022,8.643786124729068,77.83989446535121,3,0,1,0,0,0,0,9,10.681965602063862,1,0,7.572585232567199,551.2812775942435,8,5,11,0,2.554613599714414,Male,Graduate,Single,856.2110599076855,17,4,1,40,49.28569258707623,7097.139732538976,0.05555555555555555,0,VIP High-Value Customers
10090,37,62682.096604205835,12,6,5,5,0,110.36432131692672,43.329854645434274,374.20895056460955,164.19139550837818,7.13157102228436,152.23666068770706,1,0,0,0,0,0,0,6,1.0,4,0,4.817557202426403,288.6463026316544,6,3,11,1,3.421929084898394,Female,Graduate,Married,851.46275374534,10,2,0,32,77.40570488594,11069.015798689421,0.36363636363636365,0,VIP High-Value Customers
10091,66,74626.09073453516,3,8,8,8,4,81.13277480885515,28.912851543927882,230.30506785955333,13.686489932286253,56.29209487376045,16.70372266975134,0,0,0,1,0,0,0,11,5.249713525811051,2,0,8.195759922513952,206.94506697101582,9,3,7,0,4.793011201607015,Male,Graduate,Married,427.0330016881344,20,1,1,38,20.334904842292115,1708.1320067525376,0.09523809523809523,1,Loyal Regular Customers
10092,43,26147.548153058793,4,11,5,6,5,110.55331737883583,22.834959592408175,121.38958198434705,38.63596021314095,44.626880110497886,315.02812273980476,0,1,0,0,0,1,0,13,6.556395563257881,4,0,7.813981037876207,331.17667343486175,8,2,11,0,4.101639663496302,Female,Postgraduate,Single,653.0688220190347,16,2,1,45,38.41581305994322,3265.344110095173,0.23529411764705882,0,VIP High-Value Customers
10093,45,62577.878144955386,6,9,3,15,3,155.19386268873527,26.644049534247998,256.93335294727217,43.667138001555806,92.06308058869153,77.75300970365166,3,1,1,0,0,0,0,12,3.4109705023439094,2,0,8.667432731153335,33.8241768986025,6,2,10,1,3.3566288623525593,Female,Postgraduate,Divorced,652.2544934641544,21,5,1,39,29.647931521097927,4565.7814542490805,0.09090909090909091,1,Loyal Regular Customers
10094,44,77609.27367809264,11,8,1,11,2,173.24324714543218,29.563171389368705,59.85297742985569,137.80199403238555,9.818650411343807,1.6312146963849723,1,0,0,0,0,0,0,14,8.04554871912884,3,0,8.266358696918278,340.2989354514655,9,3,9,1,4.4127835569507745,Female,PhD,Divorced,411.91125510477093,14,2,0,43,27.46075034031806,4942.935061257251,0.2,1,Loyal Regular Customers
10095,64,75515.37153108281,5,6,7,8,3,136.985773601964,31.71442741766644,389.8323141763457,76.69448352541984,30.845645820029723,25.37834319539088,0,0,0,0,0,0,0,7,6.749931970459603,0,1,7.063456569829199,1160.6503281842954,7,1,8,0,4.109548366831804,Female,PhD,Married,691.4509877368166,18,1,0,29,36.39215724930614,4148.7059264209,0.0,0,VIP High-Value Customers
10096,60,71221.18990049433,2,6,7,9,5,119.99549944017068,38.76888895952114,342.5593930957675,52.65693688928212,31.731556434653882,65.25892481916473,0,2,1,1,0,0,0,8,5.486107726654003,1,0,7.58409916125245,631.8134286873944,8,3,14,0,4.0709295254639155,Male,Postgraduate,Married,650.97119963856,21,3,2,39,29.58959998357091,1952.9135989156803,0.045454545454545456,1,Loyal Regular Customers
10097,48,60234.00911691226,13,7,4,4,0,66.21859019986854,63.12244086887147,215.00392635897674,17.04589091723859,1.9850795686112779,72.03832336702459,0,1,0,0,0,0,1,9,12.192576037290989,4,0,10.0,548.9356862548759,5,3,13,3,3.224442050281981,Male,Postgraduate,Single,435.4142512805912,8,2,1,37,48.379361253399026,6095.799517928277,0.4444444444444444,0,VIP High-Value Customers
10098,34,61108.235171258115,6,7,4,14,4,163.21077410294166,102.7666307371335,86.16693930830381,57.594979592522456,28.758736502857506,41.37400800489807,2,0,0,0,0,0,0,7,10.538061164614653,0,0,6.324386370849573,238.3430199102387,9,6,17,1,4.486242547341252,Female,Postgraduate,Divorced,479.87206824865706,22,3,0,46,20.864002967332915,3359.1044777405996,0.0,1,Loyal Regular Customers
10099,64,29521.20885522379,3,4,4,5,1,139.10126742816237,32.592787186524205,130.52278182211785,87.31978918536399,49.10399020394231,76.62385880804841,2,2,0,0,0,0,0,11,10.496728836025314,1,0,6.983569972838273,268.49343497832575,9,4,7,0,3.4617003114642424,Male,Postgraduate,Married,515.2644746341592,10,5,0,35,46.842224966741746,2061.057898536637,0.09090909090909091,0,VIP High-Value Customers
10100,20,43790.40806663141,14,8,9,7,6,170.7702027101112,58.3856099930948,31.18646317956555,13.264186726643931,69.6611921686704,43.23933057088449,3,1,1,0,0,0,0,13,7.913311281193783,2,1,6.339579671081651,441.6008758958146,10,3,12,0,4.917251821198307,Male,Graduate,Single,386.5069853489704,22,5,1,46,16.804651536911756,5797.604780234556,0.08695652173913043,1,Loyal Regular Customers
10101,44,64156.99121498695,8,5,1,8,3,115.54374034036225,35.49487810556888,32.26442577290078,52.411855584863446,10.360466986260036,59.17308423088078,3,2,0,0,0,0,0,9,8.99595561046972,5,0,5.747693845768058,0.0,7,2,11,0,3.027964505130525,Male,Postgraduate,Married,305.24845102083617,12,6,0,34,23.48065007852586,2747.2360591875254,0.38461538461538464,1,Loyal Regular Customers
10102,26,47112.4354753283,2,8,3,8,4,181.44123902492527,25.38319268580311,142.10888393035356,65.77810087024693,43.50209366061339,8.990004968192958,0,2,0,1,0,0,0,18,13.144631880318858,4,0,6.9051404793780495,555.7235707525891,11,4,19,2,4.210919798637165,Male,PhD,Married,467.20351514013527,15,3,1,60,29.200219696258454,1401.6105454204057,0.25,1,Loyal Regular Customers
10103,28,72399.08844659012,1,7,4,8,1,169.9013772778789,40.17678341596155,80.76072751620984,74.37355790887136,6.606907726980791,24.795993947165336,1,0,0,1,0,0,0,11,4.462589090067947,0,0,7.205461315099854,368.6392459946231,7,3,14,0,3.1479633669505938,Female,Postgraduate,Married,396.6153477930678,13,2,1,42,28.329667699504846,793.2306955861357,0.0,1,Loyal Regular Customers
10104,43,68402.08590476752,9,8,3,11,4,97.23356547964381,8.774176690915233,41.07146517691338,67.40487986958885,22.794740609604776,120.12569395781286,1,0,0,0,0,0,0,6,4.922843325545427,1,1,6.307969978535901,1187.2257812586654,12,4,12,2,3.0285602791212725,Female,Graduate,Divorced,357.40452178447896,18,2,0,42,18.810764304446263,3574.0452178447895,0.05263157894736842,1,Loyal Regular Customers
10105,20,84612.66458499589,14,5,3,8,6,121.84082821432928,14.502523500644475,121.14310254361645,99.67858775255372,36.60776961023453,30.054848180119354,3,1,0,0,0,0,0,9,11.304250733124434,1,1,10.0,859.719001809892,7,2,6,0,4.314276952072842,Female,Postgraduate,Married,423.82765980149776,17,5,0,29,23.54598110008321,6357.414897022466,0.05555555555555555,1,Loyal Regular Customers
10106,63,77248.56887074627,12,4,8,6,2,190.89624889190344,11.151556164899269,128.0148316910459,12.450360580006636,31.10049347714486,65.55253019897252,1,2,1,0,0,0,0,11,9.615249284286044,3,3,7.366917639127407,665.0890894673107,6,4,15,2,3.3598607617735494,Male,Graduate,Single,439.1660210039727,16,4,1,40,25.83329535317486,5709.158273051645,0.17647058823529413,1,Loyal Regular Customers
10107,27,64090.705364422225,3,5,11,8,6,198.54005359769593,38.552465688941155,67.36681618481516,106.25191457036007,6.036155667684594,16.37513364437346,1,2,0,1,0,0,0,11,6.275694106470739,2,0,6.051076507113855,378.65328934840454,5,2,9,0,3.6974222952730584,Female,Graduate,Single,433.1225393538703,25,4,1,32,16.65855920591809,1732.4901574154812,0.07692307692307693,1,Loyal Regular Customers
10108,43,73463.64781311448,11,7,4,3,4,237.69613421213955,4.83947074698384,193.01326797424923,10.70810233021885,9.947241822472154,19.250137092973944,0,0,0,1,0,0,0,12,9.353174696998053,2,0,8.821633724747613,916.2736959007751,8,2,8,1,3.2426499132543656,Female,Graduate,Divorced,475.4543541790376,11,1,1,37,39.62119618158646,5705.452250148451,0.16666666666666666,0,VIP High-Value Customers
10109,30,78091.8389213938,1,6,2,8,4,80.51546660787885,10.018284053231648,280.8814476527448,70.33286539339049,14.074671276414614,26.257013383512,0,1,0,0,1,0,0,15,4.599713767191703,1,1,6.083740354217024,221.30186843963912,7,3,14,2,5.0,Male,Graduate,Married,482.0797483671724,14,2,1,45,32.13864989114482,964.1594967343448,0.06666666666666667,1,Loyal Regular Customers
10110,70,50866.12885365632,7,6,3,7,3,100.47140605379158,6.270655897677115,199.76347196625497,104.40670902387026,40.475085602164285,42.78152069767748,1,0,1,0,0,0,0,11,9.211192554143413,2,1,7.24546052651958,672.7151390189031,5,5,7,1,3.5870289261851416,Male,PhD,Married,494.16884924143574,13,2,1,34,35.29777494581684,3953.350793931486,0.14285714285714285,1,Loyal Regular Customers
10111,36,54072.04203024357,13,13,4,8,3,288.93818151964035,33.05421965402731,154.22600768159214,27.45367644189121,27.313946276087595,45.704547447632784,0,1,0,1,0,0,0,10,5.963764113363773,2,0,5.015724241795571,358.05729009981513,6,5,12,2,4.551834643740728,Male,Graduate,Single,576.6905790208714,15,2,1,46,36.04316118880446,8073.6681062922,0.125,0,VIP High-Value Customers
10112,27,58257.13132691861,15,7,2,2,2,364.36476879773835,22.521972835887183,162.11189177711196,19.124202756706403,19.3771672050841,163.98137640363132,1,2,0,0,0,0,0,11,12.588500633270375,4,0,8.507569135955627,618.3239835564216,5,5,12,0,3.502723577047101,Male,PhD,Single,751.4813797761593,6,4,0,40,107.35448282516562,11635.65917132781,0.5714285714285714,0,VIP High-Value Customers
10113,54,51440.45020504171,10,5,7,7,3,147.15107240024182,26.79415326810414,135.4741222340873,27.29407901879899,44.41803895895674,70.22240239298145,1,1,0,0,0,0,0,11,8.9529864151922,1,1,8.468298100506741,443.80099852315726,12,4,11,3,2.86200692068173,Male,High School,Married,451.35386827317046,17,3,0,43,25.075214904065025,4964.892551004875,0.05555555555555555,1,Loyal Regular Customers
10114,54,78282.36501114271,5,7,2,6,3,120.69138953855884,43.386072921819895,120.36814571955264,28.74082768622932,42.428038511794945,52.8568915713141,2,2,0,0,0,1,0,7,8.043155465472585,1,1,8.329501974402842,212.98303619820257,13,4,13,1,3.963063310800804,Female,Graduate,Single,408.47136594926974,11,5,1,44,34.03928049577248,2450.8281956956184,0.08333333333333333,1,Loyal Regular Customers
10115,52,48708.41024980853,5,7,11,4,3,363.3747869571144,30.609976367707034,197.3696139715111,34.19337303694301,16.449270906007815,88.27512444408706,1,1,0,0,0,0,0,10,7.148460745303577,3,0,8.605823375586107,463.4344287501864,9,4,14,0,4.586977363905596,Female,Graduate,Married,730.2721456833704,18,3,0,44,38.43537608859844,4381.632874100222,0.15789473684210525,0,VIP High-Value Customers
10116,24,82529.72648519684,14,10,5,7,2,304.8846495356889,24.530653825896284,203.71607398335854,77.92159135641471,34.66282033566359,20.94390305742983,2,0,0,0,0,0,0,9,8.919730116267756,1,0,7.07044262196383,767.348152872087,6,0,7,0,3.862029541173189,Female,Postgraduate,Married,666.6596920944519,14,3,0,32,44.443979472963456,9999.895381416778,0.06666666666666667,0,VIP High-Value Customers
10117,61,53394.482420153116,1,10,5,9,2,192.14159559451423,4.703679253274492,162.90155996787135,40.90097004584676,42.20520769779455,7.588547809714571,3,0,0,0,0,0,0,6,10.566382935234179,1,0,8.638267150515944,1024.906300677731,9,3,9,2,3.7908861912809058,Male,Graduate,Married,450.4415603690159,16,4,0,37,26.496562374647993,900.8831207380318,0.058823529411764705,1,Loyal Regular Customers
10118,58,68503.13957110845,15,6,4,9,5,116.5582995878793,43.444008221541914,123.15401831022396,57.42290794791792,14.840406373161784,53.39401085514309,1,0,0,0,0,1,0,10,7.173722257451806,1,0,10.0,813.8772938077719,5,4,7,1,4.134916710482152,Female,Graduate,Divorced,408.813651295868,18,2,1,32,21.51650796294042,6541.018420733888,0.05263157894736842,1,Loyal Regular Customers
10119,60,59642.99767046553,15,8,4,11,1,153.78794324357162,4.296445198229573,85.27622896356101,26.114860465004963,21.405069264871738,44.084516871361,3,1,1,0,0,0,0,11,13.916130825864116,1,0,8.080324779093,422.8679217580745,6,3,15,0,4.487696999701305,Male,Postgraduate,Divorced,334.9650640065999,16,5,1,43,19.703827294505878,5359.441024105598,0.058823529411764705,1,Loyal Regular Customers
10120,47,42432.363450749996,9,11,4,11,2,41.74099093485223,37.319322374210536,51.16102105952876,23.016597772120402,25.195073541060204,11.397564752592661,0,2,0,1,0,0,0,8,7.5317376449008835,1,0,7.522983349721899,234.48779088796647,8,3,19,0,4.1301854738697985,Male,Postgraduate,Single,189.8305704343648,17,3,1,49,10.546142801909156,1898.305704343648,0.05555555555555555,1,Loyal Regular Customers
10121,26,59641.984869165775,7,3,3,6,6,210.98350398828737,187.40874293725327,85.36134294815581,24.11213938318981,48.77655488731684,85.3157543698583,2,0,0,0,0,0,0,14,9.655412048538944,3,0,5.371503773931314,442.5505619852922,5,2,13,2,3.379846060874982,Female,Postgraduate,Married,641.9580385140614,15,3,0,37,40.12237740712884,5135.664308112491,0.1875,0,VIP High-Value Customers
10122,28,66005.58356611076,8,6,5,6,4,83.96800129820988,48.75047645546076,122.47748061805477,56.15269111103925,55.1616894161754,34.40436032816634,3,1,0,0,0,0,0,17,9.03380519281501,2,0,7.920987576537414,1117.0236223284624,9,5,12,2,3.4904665020246317,Male,Graduate,Married,400.9146992271064,15,5,0,49,25.05716870169415,3608.2322930439573,0.125,1,Loyal Regular Customers
10123,27,58842.73163201104,9,6,9,7,1,279.8585452572671,18.701956901055325,129.9538069854744,63.94955492836352,44.36751913616312,35.486967711675014,0,1,0,0,0,0,0,16,1.0,2,1,6.082434954267934,173.69317508964866,13,1,8,1,4.385793143613142,Male,Graduate,Divorced,572.3183509199985,17,2,0,44,31.795463939999916,5723.183509199985,0.1111111111111111,1,Loyal Regular Customers
10124,31,35831.281946886884,6,6,5,8,3,33.38800165076134,61.42372589149385,581.563113657969,85.62016489882728,7.513377210646954,45.80108869856374,1,0,0,0,0,1,0,7,11.099907831381525,0,2,7.511649708513853,492.9918835151541,11,5,14,2,3.387653727713968,Female,PhD,Married,815.3094720082621,16,2,1,43,47.95938070636836,5707.166304057835,0.0,0,VIP High-Value Customers
10125,53,90625.72638347109,12,8,2,5,3,86.32828755756114,113.92763042783939,264.5411191598711,67.22384411742772,14.140909531859446,84.73301410485367,2,0,0,0,0,1,0,12,15.117730357783662,2,1,6.1019723639217816,244.99098195534796,8,1,17,1,3.8049779309202263,Male,Graduate,Divorced,630.8948048994123,10,3,1,46,57.35407317267384,8201.63246369236,0.18181818181818182,0,VIP High-Value Customers
10126,52,61578.59069151125,5,5,6,9,2,135.79820718443952,68.5233742573246,198.0452998830268,47.016953534176196,47.98325437691817,21.854960956337706,1,0,0,0,0,0,0,15,7.913311281193783,3,0,6.012628562996977,0.0,6,4,12,1,4.622494735266098,Female,Graduate,Divorced,519.222050192223,17,2,0,42,28.845669455123502,3115.3323011533384,0.16666666666666666,1,Loyal Regular Customers
10127,67,45702.55364705661,6,8,7,6,1,131.50022246288992,83.96220499935446,230.5898560775583,35.66030195468867,52.11564908033205,42.03067525093476,3,0,0,0,1,0,0,16,9.16378251479953,0,0,7.353053644626616,1029.7272115385613,9,3,13,1,4.112957977657994,Male,High School,Married,575.8589098257582,14,4,1,49,38.390593988383884,4031.012368780308,0.0,1,Loyal Regular Customers
10128,42,89173.82442241094,11,5,5,8,4,78.74386353831949,15.333310750719136,511.44182002100575,13.795256822001257,32.558921374923955,51.17515930378508,1,1,1,0,0,0,0,10,8.791411032852118,1,1,7.541925988638816,522.5089680644081,6,4,14,0,3.9170762324373523,Male,High School,Married,703.0483318107548,17,3,1,39,39.058240656153046,8436.579981729057,0.05555555555555555,0,VIP High-Value Customers
10129,43,71113.01657496585,2,9,7,7,5,134.9360937222645,22.952509592590047,102.46813794756228,27.04748993513278,26.842632242019263,62.008097551329925,0,2,0,0,0,0,0,8,4.968672146395552,2,0,6.5415844211905645,643.1918881492381,13,4,14,3,3.1053115371462776,Female,Graduate,Married,376.2549609908988,19,3,0,48,18.81274804954494,1128.7648829726963,0.1,1,Loyal Regular Customers
10130,56,38396.94006477103,4,6,7,9,2,115.23791035107593,53.99079283936877,400.4178782147582,9.140593041327497,62.72437285487341,17.675668069177686,3,2,0,1,1,0,0,9,8.132367798717322,1,1,5.975621014703723,526.8997690557943,9,1,10,0,2.8989016988813807,Female,Graduate,Single,659.1872153705816,18,6,2,35,34.69406396687272,3295.936076852908,0.05263157894736842,0,VIP High-Value Customers
10131,54,41199.09456480219,3,8,8,2,1,135.4106873999931,30.039177203322822,22.414162355589173,44.53747805590926,3.8002110061575856,39.75192743120223,2,1,0,0,0,0,0,13,8.64272313527962,4,0,10.0,710.5312196565252,7,0,7,1,4.277396742272183,Male,Graduate,Married,275.95364345217416,11,4,0,35,22.996136954347847,1103.8145738086967,0.3333333333333333,1,Loyal Regular Customers
10132,63,55996.89504201884,13,6,7,10,4,94.02006783259951,14.265549544035759,140.66696209310814,22.151353737429474,21.41922845330253,131.9785069074563,0,2,0,0,1,0,0,13,10.408101129500599,2,1,6.7016897334091245,757.711839857396,6,3,9,1,4.045148358458832,Male,Postgraduate,Divorced,424.5016685679317,21,3,1,37,19.29553038945144,5943.023359951044,0.09090909090909091,1,Loyal Regular Customers
10133,59,65351.5256192968,7,9,3,6,3,232.39435718956597,49.333717903634465,77.32974652757596,30.788794386078607,79.88985910105959,96.3073398911604,0,1,0,0,0,0,0,10,9.253891089448851,1,0,7.256410143533678,286.20605832080435,7,5,7,1,3.070725853465953,Male,Graduate,Married,566.043814999075,12,2,0,38,43.54183192300577,4528.3505199926,0.07692307692307693,0,VIP High-Value Customers
10134,41,71210.39696635058,9,6,4,7,5,155.6614473864109,53.850836882384186,48.436146666114354,51.847689091216424,78.75056979982644,139.50075326109464,2,1,0,1,0,1,0,12,9.635650105165753,1,0,7.334257832658952,1018.2482364806878,3,2,7,0,4.693662657031257,Male,Graduate,Married,528.047443087047,16,4,2,30,31.06161429923806,5280.47443087047,0.058823529411764705,1,Loyal Regular Customers
10135,46,77103.21263151421,5,4,4,9,2,97.02016627158363,25.423502941358187,342.1616127233347,31.226348616907117,9.504737975251759,61.06180027126596,0,1,0,0,0,0,1,13,6.82550866856426,4,0,8.276643876806425,885.295308721152,14,0,6,0,3.147703918786563,Male,Graduate,Married,566.3981687997014,15,2,1,37,35.399885549981335,3398.389012798208,0.25,0,VIP High-Value Customers
10136,54,69712.30331520257,6,9,3,11,1,180.54960444353523,12.29757307561491,139.27550800852234,22.516402833210936,18.9340412197251,50.83016841849145,3,2,0,0,0,0,0,6,11.433134322513716,2,1,5.973461168853708,629.4657762310628,8,3,9,0,3.4762181961664473,Male,Postgraduate,Married,424.40329799909995,15,6,0,35,26.525206124943747,2970.8230859937,0.125,1,Loyal Regular Customers
10137,20,84241.42761553792,10,13,7,2,2,85.78870815531515,22.075869074960014,124.66153794583393,20.882865098497945,43.07409958053044,18.946010333371486,1,1,0,0,1,1,0,8,12.355761846515362,2,2,7.156939739295513,263.96254071583724,4,1,8,0,3.626902798709965,Male,High School,Married,315.42909018850895,11,3,2,34,26.28575751570908,3469.7199920735984,0.16666666666666666,1,Loyal Regular Customers
10138,54,62282.276874248455,14,11,7,9,1,87.29236741277782,23.54020625846376,140.5540481112178,100.48587005238494,27.170522303357508,129.6175359218696,2,1,0,0,0,0,0,10,8.920212214510224,5,2,8.099568353748666,262.06954507270234,5,3,7,1,5.0,Female,Postgraduate,Single,508.66055006007144,17,4,0,36,28.258919447781746,7629.908250901071,0.2777777777777778,0,VIP High-Value Customers
10139,56,46326.491151392,12,4,3,6,7,37.779705431208626,35.65291385129846,174.62191917381867,46.70292387809808,38.85791010300428,25.7583333397608,2,0,0,0,1,1,0,11,9.080492226752028,1,0,7.540872222550513,160.41447773119012,7,3,10,0,4.3246886078152915,Male,High School,Married,359.3737057771889,16,3,2,35,21.139629751599347,4671.858175103455,0.058823529411764705,1,Loyal Regular Customers
10140,66,59939.68434613848,12,4,7,8,2,161.70001527576923,10.403087351840806,92.88437048179895,62.56883391177676,8.030544935697302,36.490621919549454,3,0,0,0,0,0,0,11,6.065829306243426,2,0,6.2475696463796195,500.2741222963442,8,4,6,2,4.131625025107163,Female,High School,Married,372.0774738764326,17,4,0,33,20.67097077091292,4837.007160393623,0.1111111111111111,1,Loyal Regular Customers
10141,33,58758.34811377574,2,10,8,3,6,141.39098768564904,28.207695922888043,47.925606419676534,19.023564208327873,60.88866841526189,50.147583023023,3,2,0,1,0,0,0,9,9.819590908972128,0,0,5.842911570726692,753.5250483154863,4,5,14,1,3.529022653550153,Male,Graduate,Single,347.5841056748264,17,6,1,42,19.31022809304591,1042.7523170244792,0.0,1,Loyal Regular Customers
10142,22,20000.0,3,8,3,9,3,72.2496485062768,20.740229931884485,155.02901225834935,14.035061887831507,33.05217534889784,69.98266420461376,2,0,1,0,0,0,0,11,7.976308184890746,1,0,8.276751143224082,615.6497245531137,7,5,11,2,3.4909557849215638,Male,Postgraduate,Married,365.0887921378537,15,3,1,42,22.818049508615857,1460.3551685514149,0.0625,1,Loyal Regular Customers
10143,20,49895.396536278146,3,5,4,6,1,70.89654165941832,49.71979743940332,175.56421371769588,5.133493477917829,25.203653654548827,23.592588791554157,2,0,1,0,0,0,0,8,6.6153473286436375,4,0,6.9410700054487595,380.67926096805417,8,5,12,1,3.302306835727335,Female,High School,Single,350.11028874053835,11,3,1,38,29.17585739504486,1400.4411549621534,0.3333333333333333,1,Loyal Regular Customers
10144,24,65655.66719310812,12,6,7,2,4,163.50408797243153,248.37113015600625,357.4835738180553,27.54486887718988,52.81076642699673,36.54725321275822,2,0,0,0,0,0,0,11,7.04907864927578,1,1,9.466968961864943,175.5005062248718,7,2,9,1,5.0,Male,High School,Married,856.2110599076855,13,3,0,35,63.30440574738842,11521.401846024692,0.07142857142857142,0,VIP High-Value Customers
10145,45,52364.119826187845,12,4,1,4,7,99.53398671426041,37.14590862057339,151.36504358526588,133.88274702462505,36.29795179644364,32.59627699201316,2,1,0,0,0,0,1,13,8.418331030733821,3,0,7.349280524641735,823.053173061252,5,2,5,1,3.2983311372927817,Male,Postgraduate,Single,490.8219147331814,12,4,1,29,37.75553190255242,6380.6848915313585,0.23076923076923078,0,VIP High-Value Customers
10146,33,48368.231487186014,15,5,4,6,0,163.6838287681988,31.015139478278737,168.58460445728738,59.126431154375105,44.3159701879815,34.34887322994729,3,0,0,0,0,1,0,9,8.330017866776862,2,1,8.177217067980493,330.32381852689423,9,6,9,1,3.1641914082721296,Female,PhD,Divorced,501.0748472760688,10,4,1,38,45.552258843278985,8017.197556417101,0.18181818181818182,0,VIP High-Value Customers
10147,58,76404.77152448214,9,6,2,7,5,39.714071944753904,42.7884459376713,81.07271836888461,28.566273639867628,31.692147457654105,21.45403146012683,1,2,0,0,0,0,0,13,12.214117556444126,4,0,7.541925988638816,72.30742552230691,5,1,9,1,3.756305085960327,Male,Graduate,Divorced,245.28768880895836,14,4,0,34,16.35251258726389,2452.8768880895836,0.26666666666666666,1,Loyal Regular Customers
10148,46,43502.17515404209,15,5,2,12,3,56.46734633031142,54.946864376538,81.32781919082903,81.30395676942321,21.10429103611908,71.25771197960331,2,1,0,0,0,0,0,10,6.307747697926441,2,0,8.15596053302195,569.5399786064966,9,1,12,1,5.0,Female,High School,Divorced,366.40798968282405,17,4,0,37,20.35599942682356,5862.527834925185,0.1111111111111111,1,Loyal Regular Customers
10149,28,72809.20770847482,7,5,5,8,5,218.68629083884096,1.4705919910965655,198.85353549596155,12.758709821513111,48.18476064913631,90.54852824700903,0,2,0,0,0,1,0,12,7.913311281193783,1,0,6.311939561306349,418.1964430142572,3,5,8,1,4.088413434406292,Male,Graduate,Single,570.5024170435576,18,3,1,33,30.026443002292503,4564.0193363484605,0.05263157894736842,1,Loyal Regular Customers
10150,34,36010.599525810874,8,9,6,10,3,147.020481036124,30.811989250517648,246.33580105928553,91.26687182848757,68.11131025853383,194.25173769843906,0,2,0,0,0,0,0,19,4.981727723280446,3,0,8.781971649452757,498.7109214113636,12,3,8,2,3.707135264171038,Female,Postgraduate,Single,777.7981911313877,19,3,0,51,38.889909556569386,7000.183720182489,0.15,0,VIP High-Value Customers
10151,34,109693.71484307131,11,8,5,8,2,190.0745419785506,59.61068760778977,292.80680133292543,105.36952090043602,76.68718252714262,71.81905906656593,0,2,0,0,0,0,1,12,4.8579923144626935,3,1,8.65767801217845,363.7098978369578,7,3,14,1,3.3085415555864026,Female,PhD,Married,796.3677934134104,15,3,1,44,49.77298708833815,9556.413520960925,0.1875,0,VIP High-Value Customers
10152,45,56117.66051577737,10,5,4,6,3,99.6923409851342,6.957535775421095,192.04434622102207,28.30620265850229,23.78278250036182,15.990161971570853,3,2,1,0,0,0,0,12,2.3880765466290974,2,1,6.5712497006650565,522.4415989780445,12,3,9,1,4.588234310383161,Male,Graduate,Divorced,366.7733701120123,13,6,1,41,26.198097865143733,4034.5070712321353,0.14285714285714285,1,Loyal Regular Customers
10153,61,54181.22479267099,11,6,5,6,2,77.28121322852103,36.91673678452676,92.53048261635671,31.804094041533055,10.923431137757582,23.26393016513664,2,2,0,0,0,0,0,10,11.239546089873878,2,1,6.814659140420703,511.74830528926435,8,2,8,1,4.881856067126388,Male,Postgraduate,Married,272.71988797383176,13,5,0,34,19.47999199813084,3272.638655685981,0.14285714285714285,1,Loyal Regular Customers
10154,32,80575.18625201854,9,7,7,8,5,209.8789659409379,63.73129590717495,52.44889973645893,50.989183034253884,47.691697040418966,15.844313315226508,3,0,0,0,0,0,0,11,10.87241009268016,0,1,7.837955668249685,430.72531524242424,5,1,10,1,3.22689405955552,Male,Graduate,Married,440.58435497447107,20,4,0,34,20.98020737973672,4405.843549744711,0.0,1,Loyal Regular Customers
10155,70,52463.31286548392,6,5,4,7,3,11.94551833262548,111.42258487835147,76.27393588396505,13.612743127578556,16.96939329731284,78.27325420377387,0,0,0,0,0,0,0,6,1.0,2,0,8.370681720242278,315.8751947462056,17,1,8,1,3.600746083787289,Female,High School,Divorced,308.4974297236073,14,1,0,37,20.566495314907154,2159.482008065251,0.13333333333333333,1,Loyal Regular Customers
10156,51,86188.700549862,4,4,2,10,4,123.74542000936017,39.83983376539298,191.71241861679405,40.47948563902548,24.42931973012044,84.91999238354138,1,2,0,1,0,0,0,12,8.488057680642239,4,1,6.889489495189099,748.3172085556304,6,0,12,0,3.4869011866584945,Male,Graduate,Married,505.1264701442345,16,4,1,34,29.713321773190263,2525.6323507211723,0.23529411764705882,1,Loyal Regular Customers
10157,58,66688.68894875748,12,8,9,12,2,184.18041673096974,49.458951310651074,57.12815126043394,163.33256188331376,54.44053421186936,110.46952614826343,0,2,0,0,0,0,0,13,6.690208307666318,2,0,7.863759212940502,585.7907594351395,8,3,6,1,3.5685902629766013,Female,High School,Married,619.0101415455013,23,3,0,38,25.79208923106255,8047.131840091516,0.08333333333333333,1,Loyal Regular Customers
10158,68,57868.837790167876,1,10,4,6,1,99.12890911776967,45.94541240146136,77.9739253811409,24.24661223420397,26.206273845640204,37.52302071968058,2,0,0,0,0,0,0,10,8.883531872532354,0,0,6.499551174213611,514.4895677449857,3,3,8,0,4.029714533414439,Female,High School,Married,311.0241536998967,11,3,0,34,25.918679474991393,622.0483073997934,0.0,1,Loyal Regular Customers
10159,51,55949.893739333245,8,10,3,8,5,384.77231641354604,8.782399931471899,100.0135813578847,36.45433866261203,9.04486612919026,63.021693676479465,1,2,0,0,0,0,0,11,8.283738272419747,4,1,7.299445748880648,486.1931242973796,8,4,10,0,3.39980394235004,Female,Graduate,Married,602.0891961711844,16,4,0,43,35.417011539481436,5418.8027655406595,0.23529411764705882,0,VIP High-Value Customers
10160,23,81736.65906774471,7,8,4,3,4,125.8587368347298,140.4419486507984,218.97172381435263,37.9282604798522,27.451001344016483,86.90075073331235,1,0,0,0,0,0,0,12,7.334023683750122,0,0,7.283344241334711,488.8593811496181,6,2,6,5,3.86339270155037,Male,Graduate,Married,637.552421857062,11,2,0,34,53.129368488088495,5100.419374856496,0.0,0,VIP High-Value Customers
10161,49,64148.76986286305,2,8,4,4,5,164.0473538557029,42.37162458619014,327.69927399968657,82.30263573580913,52.407863492955606,119.37092614549454,1,2,0,0,0,0,0,9,4.849658276456395,2,0,10.0,311.8732258587048,7,5,13,0,3.4794040549477185,Male,High School,Married,788.199677815839,13,4,0,42,56.29997698684564,2364.599033447517,0.14285714285714285,0,VIP High-Value Customers
10162,56,67781.55716143386,8,8,6,14,5,72.82068846371418,27.38370678004813,164.6896673278291,56.1750470592967,53.13863630896996,101.55400912157519,0,2,0,0,0,0,0,15,6.03656939961685,3,2,8.860666319685503,273.28807245938503,5,3,11,1,3.6894236106965734,Male,Graduate,Divorced,475.76175506143323,25,3,0,42,18.298529040824356,4281.8557955528995,0.11538461538461539,1,Loyal Regular Customers
10163,42,69738.03370686532,12,10,4,5,3,304.7013234920481,77.7491577099451,184.2698632434934,78.98846656126265,93.44030271734248,76.0311676807215,3,1,0,1,0,0,1,7,6.020065817490222,2,1,7.336087845043323,531.2464825168638,5,4,11,0,4.096177044815579,Male,High School,Single,815.1802814048132,12,5,2,37,62.706175492677936,10597.34365826257,0.15384615384615385,0,VIP High-Value Customers
10164,58,62392.85133400844,5,7,6,7,5,134.28452806250826,17.485456347253752,153.82952256927499,27.370561464193305,27.27686689928764,87.1880783625351,0,2,1,0,0,1,0,18,6.844178067290102,2,0,7.689849090747264,498.7109214113636,11,3,10,1,4.410100372710588,Male,Postgraduate,Married,447.43501370505305,18,3,2,49,23.54921124763437,2684.6100822303183,0.10526315789473684,1,Loyal Regular Customers
10165,64,69357.7000742997,7,4,9,5,2,102.83829277686249,46.677886693312665,141.43547992009658,67.13475232248254,28.389038765525562,87.38498254699735,2,1,1,0,0,0,0,9,10.423572638924705,4,0,6.755340831404218,629.2741896810267,9,0,14,2,4.153649786247069,Male,Postgraduate,Single,473.8604330252772,16,4,1,36,27.87414311913395,3790.8834642022175,0.23529411764705882,1,Loyal Regular Customers
10166,34,57870.17839174217,4,8,3,6,1,130.0739693448848,25.37990039413583,207.01749619725504,13.425763534215346,43.158607920091974,53.59522698483467,1,2,0,0,0,0,0,19,13.204388846029751,1,2,7.110977174010223,755.8010548835864,7,6,13,2,4.122831302392811,Female,Graduate,Married,472.65096437541763,10,4,0,53,42.96826948867433,2363.254821877088,0.09090909090909091,1,Loyal Regular Customers
10167,62,59103.44462712164,5,3,3,4,3,51.63948019845204,16.91365228541179,142.15987981429063,9.153109102951952,11.646955299554813,36.48920454863836,3,1,1,0,0,0,0,9,5.648561470295867,2,0,7.606994878013148,702.6814396840443,13,3,4,0,5.0,Male,Graduate,Married,268.0022812492996,10,5,1,32,24.363843749936326,1608.0136874957975,0.18181818181818182,1,Loyal Regular Customers
10168,48,39855.93129551924,8,4,8,7,6,175.34793047291384,33.2566990022871,385.61423060682716,87.64586123678663,71.00537891789128,51.132332664280895,3,0,0,0,1,0,0,10,10.009263423314572,0,2,6.749356306563344,397.30388165265174,7,1,9,3,4.180578453824894,Female,Graduate,Married,804.0024329009867,21,4,1,31,36.545565131863036,7236.02189610888,0.0,0,VIP High-Value Customers
10169,55,65359.68451653115,1,6,6,8,4,87.27704019267671,36.9564294312672,177.9963582969578,18.792401173576256,52.39228441753188,56.42194541742175,2,2,0,0,0,0,0,14,2.083520463565815,0,0,8.122127109545028,1142.5347485537554,7,3,11,1,4.991664646348188,Male,High School,Single,429.83645892943156,18,5,0,41,22.62297152260166,859.6729178588631,0.0,1,Loyal Regular Customers
10170,32,29048.261879180034,1,6,1,9,1,155.23989595724416,30.144256488675474,189.76608054855845,6.2715840862109715,31.506640824090688,6.518792251609325,2,0,0,0,0,0,0,8,2.8770088351154177,0,0,8.15284770516109,935.9588578087275,6,5,10,1,4.208398421314376,Female,High School,Single,419.4472501563891,11,3,0,35,34.95393751303242,838.8945003127782,0.0,1,Loyal Regular Customers
10171,51,65104.04527099644,15,7,7,9,6,38.83994972339474,149.84374256921797,156.69556537622677,40.73938065312993,36.17819123834821,13.14181658921399,2,1,0,0,0,0,0,6,8.491430398643129,0,0,10.0,257.1620958562654,4,3,9,0,3.585558737258109,Female,Graduate,Married,435.4386461495317,22,4,0,29,18.93211504997964,6967.018338392507,0.0,1,Loyal Regular Customers
10172,26,54948.91170903334,4,9,5,9,3,49.765019682097495,36.713957896754955,254.12052866889516,63.63174044280311,56.7974675262025,18.6678040664724,1,1,0,0,0,0,0,10,10.397243322608727,1,1,4.087913069167373,570.5260359732222,8,6,6,1,4.870003893853238,Female,Graduate,Divorced,479.69651828322566,17,3,0,39,26.649806571290313,2398.4825914161283,0.05555555555555555,1,Loyal Regular Customers
10173,70,66742.5319701176,3,6,7,10,2,133.15753767478353,24.4722920847489,98.13108591626404,8.151617362537591,117.97287108910778,146.60466535811523,1,1,0,0,0,0,0,12,9.557636887076933,4,3,7.072050407825684,314.527753478633,4,1,4,1,4.793851629180251,Male,Graduate,Married,528.4900694855571,19,3,0,27,26.424503474277856,2113.9602779422285,0.2,1,Loyal Regular Customers
10174,41,41121.089986529834,13,7,5,7,0,287.3491285728267,36.01332253493353,80.7610776709545,32.37748846794624,33.04312188372866,20.103507333346496,2,1,0,0,0,0,0,10,6.524570655435118,2,1,6.381563256196978,301.64665297237207,5,1,13,0,4.239328775650059,Male,High School,Married,489.6476464637362,12,4,0,36,37.66520357413355,6855.067050492306,0.15384615384615385,0,VIP High-Value Customers
10175,47,21851.56737530444,10,8,2,7,4,34.987193521571136,54.32283274210416,234.28808559870183,60.656236696351826,18.81476054361954,50.69092100641311,1,0,0,1,0,0,0,17,11.994053554348662,4,0,3.6391027767086683,426.00277908057274,8,0,12,1,4.345649609573251,Male,Graduate,Divorced,453.76003010876155,13,2,1,45,32.4114307220544,4991.360331196377,0.2857142857142857,1,Loyal Regular Customers
10176,21,53684.42447447629,12,1,6,8,1,85.25126699930318,44.64052222893252,177.4941751703805,58.58032732955384,25.923719104213067,60.11062248906564,0,1,0,0,1,0,0,12,7.913311281193783,2,0,8.04957968367031,803.3131326435682,4,7,8,1,3.8472854744549387,Male,PhD,Single,452.00063332144873,15,2,1,32,28.250039582590546,5876.0082331788335,0.125,0,VIP High-Value Customers
10177,61,41173.571960572226,2,4,7,9,4,55.44901111392044,94.00644138159223,236.1858905844499,5.9828973871038595,62.155584515314914,59.95254480612818,3,2,0,0,1,0,0,14,6.894664659546914,4,0,7.24457022715145,221.41124521889986,6,1,8,1,4.532410112668672,Male,Graduate,Married,513.7323697885095,20,6,1,33,24.463446180405214,1541.1971093655284,0.19047619047619047,1,Loyal Regular Customers
10178,64,27949.979702211316,12,8,5,6,2,98.13715043702209,40.01174264941091,129.3029615807051,48.289412515067546,39.34955277265156,38.942371225335016,1,1,0,0,0,1,0,11,8.869478153969617,4,0,8.575929132082036,1089.1451574555617,6,3,4,0,4.199703747441294,Male,High School,Single,394.03319118019226,13,3,1,32,28.145227941442304,5122.431485342499,0.2857142857142857,1,Loyal Regular Customers
10179,25,73823.69885450226,3,5,6,7,6,128.253647622785,3.121360198505805,170.43608959905262,51.453942153693745,82.10926995906217,91.5499499784454,3,0,0,1,0,0,0,17,9.39839911304748,0,1,8.691693705446962,651.0369163783606,7,4,11,3,4.025559782023828,Female,PhD,Married,526.9242595115447,19,4,1,44,26.346212975577238,2107.697038046179,0.0,1,Loyal Regular Customers
10180,47,88822.28808855673,11,8,5,8,2,107.91642878323006,37.008297015379966,118.95864510035568,40.92810712105001,7.4741410970596425,60.31170856304574,0,0,0,0,1,0,0,17,4.63389460785158,1,0,6.140655399176097,174.30164521582913,4,4,13,2,2.905477389591361,Female,Graduate,Single,372.5973276801211,15,1,1,46,23.28733298000757,4471.167932161454,0.0625,1,Loyal Regular Customers
10181,47,45654.8741560581,15,8,6,6,2,24.847953204656186,37.350808018391035,151.90391111100885,92.34343485916429,29.398099150352866,38.34274506736678,1,2,1,0,0,0,0,9,7.913311281193783,3,0,6.880152469128092,652.0251554005756,9,3,8,0,5.0,Male,Graduate,Married,374.18695141094,14,4,1,37,24.945796760729333,5986.99122257504,0.2,1,Loyal Regular Customers
10182,63,58636.12511001383,15,11,3,5,6,39.84477190885767,65.79997436027789,53.314723061654206,34.583161989446964,60.47359900708567,73.20051446317235,2,0,0,1,0,0,0,4,10.504025116066147,0,2,9.467490075084669,371.7463237376576,8,2,11,0,5.0,Female,Graduate,Married,327.2167447904948,14,3,1,36,21.81444965269965,5235.467916647916,0.0,1,Loyal Regular Customers
10183,63,54459.85889976338,11,4,4,5,5,56.40421066064426,4.622843697705042,31.14439093587275,64.91002552748559,7.688099525755437,140.31900901090808,2,1,0,0,0,0,0,6,6.767635003263577,2,0,4.660641411067102,362.0676603927832,15,2,9,3,3.837085009540255,Female,Postgraduate,Divorced,305.08857935837113,14,4,0,36,20.339238623891408,3661.0629523004536,0.13333333333333333,1,Loyal Regular Customers
10184,39,48139.82840442835,14,5,5,6,1,91.29028556874334,48.144161168191815,59.6173904907739,46.98337284045106,5.869172293272849,13.11740166655789,0,2,0,1,0,1,0,11,10.152426029014299,0,0,6.841757847014909,753.338668026928,7,2,8,0,3.675458913909765,Male,Graduate,Married,265.02178402799086,12,3,2,33,20.38629107907622,3975.3267604198627,0.0,1,Loyal Regular Customers
10185,49,71947.26984998438,11,5,8,6,4,74.18578613268106,59.34722606176748,250.29529365048643,55.23680655398916,58.99313099813711,38.20596255752311,0,2,0,0,0,0,0,6,4.299257954957049,6,0,7.4986494869252285,513.9963720005842,5,4,5,0,3.9031617336336906,Female,Postgraduate,Married,536.2642059545843,18,3,0,25,28.224431892346544,6435.170471455012,0.3157894736842105,0,VIP High-Value Customers
10186,30,78182.54628771513,1,7,10,11,1,93.69554812235796,37.58288359814764,245.80012026893587,44.014232642219525,22.625243744327186,54.96226345763696,1,0,1,0,1,0,0,11,6.869476426072355,2,1,6.550722513952096,421.29099463280926,2,5,7,1,3.9736474480115316,Female,Postgraduate,Married,498.6802918336252,22,2,2,32,21.681751818853268,997.3605836672504,0.08695652173913043,1,Loyal Regular Customers
10187,47,44365.07059321913,1,10,5,8,4,116.50757590616928,55.82420837123276,395.0167944703984,39.0575719069399,48.30624626500936,49.08429153507106,0,2,0,0,0,1,1,13,11.35624635386001,2,0,7.019542326195134,570.3193045665661,6,5,12,0,4.603688969439096,Male,Graduate,Single,703.7966884548208,17,3,2,46,39.09981602526782,1407.5933769096416,0.1111111111111111,0,VIP High-Value Customers
10188,44,60805.803607708265,6,8,3,8,3,101.78813101473271,14.638490595076636,238.8359988619176,102.97386312151812,11.302352609866919,78.16639665037496,3,1,0,1,0,0,1,9,11.487074251288096,0,0,7.541925988638816,200.62034801868367,11,3,9,0,2.4318470266883887,Female,Postgraduate,Married,547.705232853487,14,5,2,40,36.513682190232466,3833.9366299744092,0.0,1,Loyal Regular Customers
10189,58,83121.59461081009,5,6,7,3,3,319.08438911478447,61.970790578992016,124.00082863043946,24.87636964754079,23.735427651092547,25.223675304478718,2,1,0,0,0,0,0,13,6.389792426172292,2,1,9.039135759474862,508.50661838374754,7,5,12,0,4.213272000734067,Female,High School,Single,578.8914809273281,13,4,0,43,41.34939149480915,3473.3488855639685,0.14285714285714285,0,VIP High-Value Customers
10190,52,72402.6516578695,8,7,2,11,3,325.2515933932939,12.498822320130254,154.45657679348363,23.184376289279534,39.28791901504266,44.039626249046776,1,0,0,0,0,0,0,12,1.6973099993375644,4,0,5.5349617721489475,968.1181227445352,6,1,9,2,2.900716769950952,Male,Graduate,Married,598.7189140602768,16,2,0,35,35.21875965060452,5388.470226542491,0.23529411764705882,0,VIP High-Value Customers
10191,20,75078.5538912088,2,6,6,5,1,130.53089736233622,19.91116614880358,30.421136162537113,98.42416833022818,11.658577739962139,15.443596671388502,0,1,0,0,0,1,0,14,10.030755481957057,3,0,8.7979339634228,36.18191722128438,8,4,14,0,3.0046497728379524,Female,High School,Single,306.38954241525573,12,2,1,46,23.568426339635057,919.1686272457672,0.23076923076923078,1,Loyal Regular Customers
10192,46,84623.73553396345,4,7,6,12,3,80.43167758089675,52.23115720309012,125.01937759296783,25.336368806609755,10.275744527921377,48.58619335274021,3,1,0,0,1,0,0,12,8.667122685506998,2,0,7.742831199468574,581.990033148743,11,3,11,0,4.3534266064169405,Female,Postgraduate,Married,341.88051906422606,21,5,1,44,15.540023593828458,1709.4025953211303,0.09090909090909091,1,Loyal Regular Customers
10193,32,84387.2131027185,8,7,6,8,2,100.94204652955605,119.60482304677552,170.6878421322212,7.569446527137841,32.75422010662205,52.39012198622169,2,0,0,0,0,0,0,16,8.997590694393232,2,1,8.650990009520118,570.7059987190356,7,0,10,0,4.002176129163832,Female,High School,Single,483.9485003285343,16,3,0,40,28.46755884285496,4355.536502956808,0.11764705882352941,1,Loyal Regular Customers
10194,60,78515.56734545519,12,10,5,5,3,143.46160224913024,105.55238246529552,279.1421591321679,39.69577358823836,6.57952244556249,37.38313573137162,2,1,0,0,1,0,0,7,4.469360600051014,3,0,9.346680518507013,463.2795691929581,7,3,10,1,4.372227552522004,Female,Postgraduate,Single,611.814575611766,13,4,1,37,43.701041115126145,7953.589482952959,0.21428571428571427,0,VIP High-Value Customers
10195,22,62608.87346606125,6,5,0,3,3,66.36670615342503,42.59401649786071,162.32916491381508,9.807708828152558,16.120376356803266,21.423577042217254,1,0,0,0,0,0,1,8,7.668171287339208,3,2,8.069111298466847,0.0,1,3,20,3,3.173506215592429,Male,PhD,Divorced,318.64154979227385,6,2,1,37,45.52022139889626,2230.490848545917,0.42857142857142855,0,VIP High-Value Customers
10196,58,53115.30568575435,1,8,6,10,1,144.93147523493545,7.1925358945908515,72.55527829454287,1.4125449960637653,56.4115528434315,17.516882118206937,1,0,1,0,0,0,1,10,8.303591751269845,0,0,10.0,378.5666951130661,12,6,12,0,2.8497505123726565,Male,PhD,Married,300.02026938177136,17,2,2,48,16.667792743431743,600.0405387635427,0.0,1,Loyal Regular Customers
10197,25,61862.59977563734,15,6,4,3,3,104.21153528202696,20.563048454255842,269.2771236005586,39.1102943897028,43.39241740841436,23.0562776990526,1,0,0,0,0,0,0,21,12.674782209879671,1,1,9.61924386232654,651.1944309854371,6,8,9,1,4.280128414047214,Female,Graduate,Married,499.61069683401115,10,2,0,50,45.41915425763738,7993.771149344178,0.09090909090909091,0,VIP High-Value Customers
10198,27,50380.67965157937,4,6,6,6,4,294.3143775094143,25.96696555273338,115.03297229459895,60.707665269551605,54.35000731457602,41.431292286884855,1,2,1,1,0,0,0,10,11.62631882033553,2,1,9.755145671783499,879.268063798505,7,2,14,0,2.871286362392517,Female,Graduate,Married,591.8032802277592,16,4,2,39,34.81195766045642,2959.016401138796,0.11764705882352941,1,Loyal Regular Customers
10199,46,24855.236285807718,1,8,3,11,3,65.20356921145776,1.9044887987125483,92.03527655924898,92.40675217966482,41.81882245972407,27.665070028986356,0,1,0,0,0,0,0,17,11.22817489761406,1,0,7.541925988638816,356.69823893295734,4,2,13,2,2.741815854937878,Female,High School,Married,321.03397923779454,17,2,0,44,17.835221068766362,642.0679584755891,0.05555555555555555,1,Loyal Regular Customers
10200,28,54969.01681559927,13,7,6,3,4,251.3741023699284,12.270558268666214,149.19743444184593,79.64389067217549,0.7719609596264089,59.066741115609005,1,1,0,0,0,0,0,9,8.699198231053646,3,1,7.846386032539784,193.63032153589052,9,5,9,0,3.936349349870161,Male,Graduate,Married,552.3246878278514,13,3,0,39,39.45176341627511,7732.54562958992,0.21428571428571427,0,VIP High-Value Customers
10201,56,66435.47238906997,2,9,3,5,4,144.12196298362028,63.249335259256966,114.16814511212006,12.438128842815921,9.044616113844858,80.43210795791869,0,1,0,0,0,0,0,10,5.39302568062935,1,0,7.38100837876071,649.0571625079979,10,1,11,0,2.89896512045046,Female,Graduate,Single,423.45429626957673,12,2,0,41,32.57340740535206,1270.36288880873,0.07692307692307693,1,Loyal Regular Customers
10202,52,49429.15048020878,5,6,5,7,2,77.29895473866729,100.98994646764365,170.52652442037845,30.90569392620055,16.140865486109096,16.001360136340168,3,0,1,0,0,0,0,10,7.318266914087876,1,1,6.456144076415759,677.2974221206955,5,5,14,4,3.628875325092408,Female,Postgraduate,Divorced,411.8633451753392,14,4,1,40,27.457556345022613,2471.180071052035,0.06666666666666667,1,Loyal Regular Customers
10203,70,56529.963829705055,14,7,2,7,2,185.5310431984309,70.49673200645623,228.1587456197239,67.76649604803933,83.67177503655603,40.70804895805449,3,0,0,0,0,0,0,11,4.222051148451033,1,1,9.10261588875265,362.0638898998565,7,1,11,5,3.6026859891142675,Male,PhD,Single,676.3328408672609,11,4,0,37,56.36107007227174,10144.992613008913,0.08333333333333333,0,VIP High-Value Customers
10204,61,57227.33911259882,8,7,4,7,0,14.045148296914833,21.624819419549034,125.28406116000723,36.97748930649219,58.30711118949022,38.48241467727209,2,1,0,0,0,1,0,16,7.913311281193783,7,0,8.45706343273541,694.3651118427935,4,2,13,0,4.136084785260575,Female,PhD,Married,294.7210440497256,11,4,1,42,24.5600870041438,2652.4893964475305,0.5833333333333334,1,Loyal Regular Customers
10205,63,84423.42193593999,8,11,7,5,2,90.75960310015067,54.020173704656344,126.92848566199015,21.924598071287,75.56946385463914,41.64024381262505,3,1,0,0,0,0,0,9,5.453350560856158,3,0,6.6438577825136615,262.34461839213077,9,6,13,0,4.182357011939055,Female,Postgraduate,Married,410.8425682053483,14,5,0,48,27.38950454702322,3697.583113848135,0.2,1,Loyal Regular Customers
10206,43,53530.12906755176,11,6,6,10,4,106.4930902038857,32.46847663270706,228.8613020283474,5.34359997549416,70.49421137115152,38.86161310294573,3,1,0,0,0,0,0,12,7.971956389055348,3,0,8.034366186194026,526.5694815243254,11,2,12,1,5.0,Male,Graduate,Married,482.52229331453157,20,5,0,43,22.97725206259674,5790.267519774379,0.14285714285714285,1,Loyal Regular Customers
10207,34,84419.40087930218,3,5,7,8,3,79.49780800946961,12.173950731350123,229.24083627270196,42.26541358759242,57.41137735094645,33.17674213995566,1,1,0,0,0,0,0,9,7.753972617850533,2,1,5.500399311057541,561.3173548418122,5,1,7,0,3.1063914207722063,Female,Postgraduate,Married,453.76612809201623,18,3,0,27,23.882427794316644,1815.064512368065,0.10526315789473684,1,Loyal Regular Customers
10208,51,59642.99767046553,11,4,6,4,2,215.5148588201482,41.08448471387315,180.19164566032327,12.138111250215724,10.79772935030796,40.396543298312906,1,2,0,0,0,0,0,8,5.1501700092258,6,0,3.42869202912063,256.9964492976932,7,0,7,1,2.5467589712001697,Female,Graduate,Single,500.1233730931812,12,4,0,26,38.471028699475475,6001.480477118174,0.46153846153846156,0,VIP High-Value Customers
10209,51,84261.40406392266,13,7,2,10,6,365.47580510117666,50.521429437834875,144.27515124893628,54.46445783499553,28.689223275984208,59.8017517272014,1,0,0,0,0,0,0,8,9.6882465474655,6,0,7.919105214432054,502.8400286181862,6,4,12,3,2.3977300934373433,Male,High School,Married,703.2278186261289,18,2,0,37,37.011990454006785,9845.189460765803,0.3157894736842105,0,VIP High-Value Customers
10210,43,83353.31006752723,4,4,0,8,1,65.8641927444255,14.615634397080484,307.18885539693446,25.476584661951566,20.480637120677816,61.03727196034599,3,2,0,0,0,1,1,14,4.180010676174986,2,1,10.0,438.4092022083389,7,5,8,1,4.263507124716779,Male,Graduate,Single,494.6631762814158,9,6,2,38,49.46631762814158,2473.315881407079,0.2,0,VIP High-Value Customers
10211,60,76240.58412100545,10,5,4,8,2,205.78802765595705,9.003460963417908,100.61095943556285,27.052071194599964,17.43969920825939,54.59567610492772,1,1,1,0,0,0,0,12,15.901390396470276,0,1,6.554281774507107,139.27186141514278,13,3,9,0,4.39787516616688,Male,Postgraduate,Married,414.4898945627249,14,3,1,42,27.632659637514994,4559.388840189974,0.0,1,Loyal Regular Customers
10212,68,23785.47594233211,11,5,5,10,6,127.41102100396921,22.01621652728356,230.58374585745494,68.73254400810805,67.49026461429989,30.912381672737816,1,0,1,0,0,1,0,19,11.723101991183526,3,0,7.160677173611692,329.02204114993003,2,0,8,1,4.349771722624665,Male,High School,Married,547.1461736838535,21,2,2,34,24.87028062199334,6565.754084206242,0.13636363636363635,1,Loyal Regular Customers
10213,68,78339.96591400466,14,6,2,6,1,194.33846553843364,78.00913031966441,97.7231209119337,24.157705123868052,40.497583486896005,14.859271720483475,1,2,0,1,0,0,0,13,4.402887696219706,1,0,6.213743291019966,500.2391504201255,10,4,13,0,4.870448872670614,Male,High School,Single,449.58527710127925,9,4,1,46,44.958527710127925,6743.779156519188,0.1,0,VIP High-Value Customers
10214,31,59097.85483784549,6,8,3,11,2,141.72612485216615,57.44474609693685,167.82669285715644,20.230380430009813,21.651515251525417,56.635775667280924,1,2,0,0,0,0,1,10,8.812988245273754,0,1,7.436681488832158,616.9356868169581,8,4,14,2,3.195452553435187,Female,PhD,Married,465.51523515507563,16,4,1,44,27.383249126769154,3258.6066460855295,0.0,1,Loyal Regular Customers
10215,58,20000.0,11,4,6,7,5,109.75815300550815,23.332467792742136,65.36273892995955,49.43622691052583,71.50486237455964,49.513813104373824,0,0,0,0,0,0,0,9,7.531531024250742,3,0,6.927173793850761,419.2585729971043,7,5,17,1,3.6484931709135084,Female,Graduate,Married,368.9082621176691,18,1,0,42,19.416224321982583,4426.89914541203,0.15789473684210525,1,Loyal Regular Customers
10216,21,83367.19874102453,11,6,9,8,3,467.1517231764829,15.788747403927161,170.9788801043494,24.775648679637786,10.86654757880554,52.08798143545544,1,2,1,1,0,0,0,10,7.5832636999072225,2,0,7.438225135836834,674.3942600392479,5,3,11,2,3.1940182082619653,Male,Graduate,Single,741.6495283786583,20,4,2,35,35.31664420850753,8899.7943405439,0.09523809523809523,0,VIP High-Value Customers
10217,22,85995.11541388143,10,6,6,4,7,136.3162310317763,32.23732896853062,317.6446453257819,35.49600132581654,51.70210263887378,147.1706085724083,3,1,0,0,0,1,1,13,6.6075793858683,0,1,5.953153308299898,740.8462313968068,12,6,7,1,2.0997585845660844,Male,Postgraduate,Married,720.5669178631874,17,5,2,44,40.03149543684375,7926.236096495062,0.0,0,VIP High-Value Customers
10218,68,25718.782706426915,3,5,4,8,2,204.13556681595432,11.520990129040928,260.7127678692078,117.31569982399765,4.799395406852469,72.45447379317528,1,2,1,1,0,0,0,12,10.770040159703207,2,0,7.143854488256052,495.30387186285606,7,4,16,0,4.229700519023711,Male,Postgraduate,Married,670.9388938382285,14,4,2,44,44.72925958921523,2683.755575352914,0.13333333333333333,0,VIP High-Value Customers
10219,56,63157.579355402035,2,8,2,10,2,80.46433467681632,37.90468944744165,38.885089472758345,44.96868913313594,34.51221154682431,45.391159875094324,1,2,0,0,0,0,0,9,5.648907726746177,2,0,6.225627253017188,1036.75381227046,9,5,8,2,4.427001752159365,Male,Postgraduate,Married,282.1261741520709,14,4,0,39,18.808411610138062,846.3785224562127,0.13333333333333333,1,Loyal Regular Customers
10220,68,84994.64018599529,6,10,6,8,1,282.6611433499145,28.56078590956473,310.28263706983284,36.119300092139056,12.613781190541982,88.48159446563969,0,1,0,0,0,0,0,10,11.349560114574047,1,0,4.295526432232053,738.4993990299256,10,1,4,2,3.489899108727391,Male,High School,Single,758.7192420776328,15,2,0,35,47.41995262985205,5311.034694543429,0.0625,0,VIP High-Value Customers
10221,36,82142.90364222863,11,9,7,7,0,124.04996689893952,1.616525062327616,111.94612204628184,80.63274846074474,16.18563991522897,55.10787944620706,1,1,1,0,0,0,0,14,12.734061353822938,2,0,8.586641733507433,538.9679698212702,12,2,9,0,3.558154834778727,Male,Graduate,Divorced,389.53888182972975,14,3,1,46,25.96925878864865,4674.466581956757,0.13333333333333333,1,Loyal Regular Customers
10222,68,75049.09892087142,13,8,2,9,2,49.367694665336714,24.374714496607858,209.04811819548559,4.222805999676358,54.869048238863215,70.68845225710224,1,2,1,1,0,0,0,11,5.407070347928618,0,0,7.890721153707975,323.4662968021464,10,4,10,1,3.858958510309873,Female,Postgraduate,Divorced,412.57083385307203,13,4,2,43,29.469345275219432,5775.991673943008,0.0,1,Loyal Regular Customers
10223,21,20000.0,15,9,6,4,2,96.9520235633236,2.017160525679362,154.90859261352279,87.56852839462319,18.1411929309076,46.668840909148734,2,1,0,0,0,0,0,10,10.55984501542391,1,1,7.563295334557601,682.0115448694273,6,2,6,1,4.197504437376382,Female,Postgraduate,Married,406.25633893720527,12,4,0,33,31.250487610554252,6500.101422995284,0.07692307692307693,0,VIP High-Value Customers
10224,21,73131.76979944465,5,8,8,8,4,134.59628362836983,39.88019960099716,106.13020741823209,3.981854103274464,10.751077399922744,3.7015272063211917,1,0,0,0,0,0,0,8,10.173734247075233,6,2,8.09271158768356,422.10308489609764,7,3,9,1,3.8201983967556767,Male,Postgraduate,Divorced,299.0411493571175,20,2,0,35,14.240054731291309,1794.2468961427048,0.2857142857142857,1,Loyal Regular Customers
10225,47,56074.129829269026,14,6,4,10,1,130.54870147399737,10.676846002752525,195.1449468639533,113.92614360137574,44.65057409853327,41.11984945896077,3,0,0,0,0,0,0,7,2.200558582554394,0,0,5.164237794532076,350.5359085340002,9,1,6,3,3.658764885297707,Male,Graduate,Single,536.067061499573,15,4,0,29,33.50419134372331,8041.005922493595,0.0,0,VIP High-Value Customers
10226,42,77925.43551693289,10,11,6,4,6,115.42742241569258,5.901060177065387,108.88294956891852,10.741048189161969,52.85424603706883,57.71240192358323,2,1,0,0,0,0,0,12,13.09494699103704,2,0,9.561227196875608,215.7645955927179,9,3,8,0,4.779274733575081,Male,Graduate,Single,351.51912831149053,16,4,0,43,20.677595783028856,3866.7104114263957,0.11764705882352941,1,Loyal Regular Customers
10227,56,64610.90625180885,5,6,6,9,3,127.72018592604711,26.643740684433467,236.41463528788515,42.62492223339704,4.242231909568707,34.00405094017098,2,1,0,1,0,0,0,14,6.599555186639831,1,0,7.3088829241557125,397.99797276316235,10,6,7,2,4.112805494145123,Male,Graduate,Single,471.6497669815025,18,4,1,43,24.82367194639487,2829.898601889015,0.05263157894736842,1,Loyal Regular Customers
10228,51,59642.13101480043,10,5,1,10,6,61.96764909631468,24.70644589824294,107.74437854286536,10.16833507151067,86.75541356972731,63.85287123821075,3,0,1,0,0,0,0,6,8.395321824783272,2,1,9.076136483753332,157.9332782565757,10,3,11,0,4.770936441198226,Female,Graduate,Single,355.1950934168717,17,4,1,35,19.733060745381763,3907.146027585589,0.1111111111111111,1,Loyal Regular Customers
10229,52,71536.26928936625,13,6,7,11,5,124.83510374690675,40.871192323883285,99.7567253287701,74.54162601305453,20.46412043314904,33.68565528104088,3,0,0,0,0,0,1,9,12.242943402318346,4,0,5.385939014232072,498.7109214113636,11,2,15,0,4.498412115996798,Female,High School,Single,394.15442312680455,23,4,1,43,16.423100963616857,5518.161923775264,0.16666666666666666,1,Loyal Regular Customers
10230,20,56905.55932070836,5,5,6,1,1,89.4193422836703,11.147684103213749,239.7164338674068,85.77438118738256,19.010053263355783,146.62703855187692,1,2,0,1,0,0,0,7,10.337678617651509,2,0,6.98157747652083,533.6851538419811,7,5,12,0,3.1671336464562967,Female,High School,Married,591.6949332569061,8,4,1,36,65.74388147298957,3550.1695995414366,0.2222222222222222,0,VIP High-Value Customers
10231,38,59563.008961945045,10,11,5,9,3,164.11382596878164,84.4063146471168,485.9912898223383,82.06930870619325,2.901844926207366,57.210207132152604,1,2,0,0,0,0,0,9,7.398085699142035,3,0,10.0,283.1918170142633,5,3,11,3,5.0,Female,Graduate,Married,856.2110599076855,17,4,0,39,48.70515506682167,9643.62070323069,0.16666666666666666,0,VIP High-Value Customers
10232,21,50005.96801568229,12,6,3,6,5,129.13604332148947,55.27557531711732,275.8883500537074,21.453109154357072,46.22670573538214,45.28195338995948,1,2,0,0,0,0,0,14,10.411364238858566,4,0,8.62860480024352,547.6391570168363,9,3,10,2,3.614046636829108,Male,Postgraduate,Single,573.2617369720128,14,4,0,42,38.217449131467525,7452.402580636167,0.26666666666666666,0,VIP High-Value Customers
10233,63,31102.638158677877,5,4,7,10,1,83.2015149388985,86.63777389864035,253.3124859730226,55.85167527109688,12.335340521360369,49.78116912655039,2,2,0,0,0,0,0,13,11.477644955039395,1,0,5.426654071784204,528.010107264474,5,1,7,1,4.0974459105608005,Male,Graduate,Single,541.1199597295691,18,5,0,30,28.47999788050364,3246.719758377415,0.05263157894736842,1,Loyal Regular Customers
10234,45,70221.36252788288,3,6,4,5,4,169.23406325315702,27.724207715318826,158.836778230394,114.9018948053655,22.429940157081955,29.554992865757452,3,0,0,0,0,0,1,13,8.130327988010652,5,0,8.332256822398437,498.7109214113636,5,2,18,2,4.325890837101605,Male,High School,Single,522.6818770270747,13,4,1,44,37.334419787648194,2090.727508108299,0.35714285714285715,0,VIP High-Value Customers
10235,51,45491.454245929745,7,6,2,6,3,213.39079977237412,14.2888093961087,228.1689317948314,35.348571676405314,48.9177369453502,93.8141321636652,0,0,0,0,0,0,0,9,5.9278848099349535,1,0,6.54252256618921,750.1309678823814,3,3,9,0,3.4772437770277573,Female,High School,Married,633.9289817487349,11,1,0,30,52.82741514572791,5071.4318539898795,0.08333333333333333,0,VIP High-Value Customers
10236,25,56385.74641126679,6,11,7,3,1,147.8970349377468,101.14017897607589,125.05263160272452,36.1038418755217,22.379281650400813,23.950763426777197,0,0,0,0,0,1,0,13,9.036288746976751,3,0,5.762466628769287,297.74543342597735,11,4,9,0,3.995418319555666,Male,Postgraduate,Married,456.52373246924697,11,1,1,48,38.04364437243725,3195.6661272847286,0.25,1,Loyal Regular Customers
10237,51,65165.5312521708,4,5,5,8,2,73.16464135975556,54.531014888993596,346.5826709883432,60.568079185085,20.217168350409484,125.05275177152869,1,1,1,0,0,0,0,11,5.556280651639257,4,1,6.5531092476221495,268.72351198635454,10,6,8,2,4.7282360525597396,Female,Graduate,Married,680.1163265441155,15,3,1,40,42.50727040900722,3400.5816327205775,0.25,0,VIP High-Value Customers
10238,23,22466.0824158221,2,9,8,8,3,337.8472589674838,26.06509132722211,48.441621538215806,21.399762125674147,28.643470938275797,97.86963913425686,3,0,0,0,0,0,0,8,11.160160594043884,0,1,7.7188349573342885,758.2676827867948,11,1,6,1,4.433366590261597,Male,PhD,Married,560.2668440311286,19,4,0,35,28.01334220155643,1680.8005320933858,0.0,1,Loyal Regular Customers
10239,30,26495.719733817183,12,11,7,6,2,118.80356993799614,31.317760427532694,154.39173716085403,14.085115804501108,42.889582891961794,25.323916361678624,1,1,0,0,0,0,0,8,5.345076582898205,3,1,7.674162607544622,442.2607660161754,10,1,12,0,3.4396256667023763,Male,Postgraduate,Married,386.8116825845245,15,3,0,42,24.17573016153278,5028.551873598818,0.1875,1,Loyal Regular Customers
10240,36,59642.99767046553,9,9,5,7,3,145.12431225500328,22.23366427907358,132.78286114611396,6.536350302786194,59.152329266692234,17.596300802966766,2,1,0,0,0,0,0,19,5.847193532660164,4,3,6.1991821435744665,117.10031237264207,4,4,13,0,3.323083599944097,Male,High School,Married,383.425818052636,15,4,0,49,23.96411362828975,3834.25818052636,0.25,1,Loyal Regular Customers
10241,57,68182.1426813938,1,10,4,8,3,33.848971331117085,64.79591770499533,159.4921013756632,62.90113063731082,4.718104470748429,26.787352227483204,2,1,1,0,0,0,0,6,11.000180402817708,2,1,7.248544135231911,404.92361831503507,7,2,8,0,3.826792100357422,Female,High School,Married,352.54357774731807,15,4,1,33,22.03397360920738,705.0871554946361,0.125,1,Loyal Regular Customers
10242,43,73392.6888716849,13,6,3,12,3,127.3028545637848,43.32111704292777,103.09049835873242,27.890951824515746,57.226114308041275,112.31157865333219,0,2,0,0,0,0,0,7,8.046058284923296,1,1,5.97228794112687,459.5020061750619,10,6,11,0,4.310207787400799,Male,High School,Married,471.1431147513342,18,3,0,40,24.797006039543906,6596.00360651868,0.05263157894736842,1,Loyal Regular Customers
10243,24,31356.33907423367,13,9,9,6,3,192.3938750069321,47.50470080027236,175.56768099951802,53.17324221154017,52.14660146940478,40.43480205341017,3,1,0,1,0,0,0,18,9.313948199414062,5,0,7.312737827706771,691.8244414116206,8,4,12,0,4.310221165810559,Male,High School,Married,561.2209025410776,18,5,1,51,29.537942239004085,7857.092635575087,0.2631578947368421,0,VIP High-Value Customers
10244,53,71459.36671943068,11,9,4,4,2,103.50585397162708,13.108275399314707,101.02946335578827,34.47892061549203,17.392534283533443,12.95575794905384,3,0,1,0,0,0,0,13,10.04367560460592,1,0,8.082631041083133,521.9941499426533,9,6,7,1,4.408236750582324,Female,Graduate,Married,282.4708055748094,10,4,1,44,25.67916414316449,3389.6496668977125,0.09090909090909091,1,Loyal Regular Customers
10245,25,55588.74687030594,15,12,8,5,1,158.28501526414672,29.11402449993094,119.81021232786108,86.1269798529474,39.90679787536295,88.41912268609845,2,0,0,0,0,0,0,14,5.904839167342777,1,1,5.05625323465031,296.6289906088333,9,7,10,2,4.230751203339599,Female,Graduate,Single,521.6621525063475,14,3,0,52,34.7774768337565,8346.59444010156,0.06666666666666667,0,VIP High-Value Customers
10246,41,44103.16958826341,14,7,4,8,1,161.22999742766683,37.36153967529239,213.47097577700822,98.84579331807322,36.67070996822766,76.76304584563752,3,0,0,0,0,0,0,13,6.543455983445213,4,0,5.635506583579581,614.3510281033972,7,1,16,0,2.6695840145042684,Male,Graduate,Divorced,624.3420620119059,13,4,0,44,44.59586157227899,9365.130930178588,0.2857142857142857,0,VIP High-Value Customers
10247,30,48326.066590931325,4,8,2,4,4,200.9946268539432,6.625325841134899,576.8124715987221,43.61157649366803,45.26439744355705,69.62780610174364,0,0,0,0,0,0,0,10,12.41066153257746,2,0,6.535385925359449,531.7491216901939,8,5,16,0,3.5382851927445125,Male,PhD,Married,856.2110599076855,10,1,0,47,85.72147312116083,4714.681021663845,0.18181818181818182,0,VIP High-Value Customers
10248,67,74433.43197672299,1,11,2,9,2,121.21374658738532,42.821089647095114,118.68991126721431,115.58043850350445,34.18163824714697,136.72430578901947,1,0,1,0,0,0,1,14,9.966368207573609,0,1,8.28538711540963,0.0,7,2,6,0,3.512496640043425,Female,Graduate,Single,569.2111300413657,13,2,2,40,40.65793786009755,1138.4222600827313,0.0,1,Loyal Regular Customers
10249,35,64932.10413154028,13,7,5,7,1,94.30312613958583,34.654442874752924,195.14211362476883,21.21123889128319,8.548219020351521,66.48818625241441,3,0,0,0,0,0,0,10,6.9238591791330855,0,1,5.754777019861013,626.2682874525973,5,6,18,2,5.0,Male,Graduate,Married,420.34732680315665,13,4,0,46,30.024809057368333,5884.862575244193,0.0,1,Loyal Regular Customers
10250,52,60905.51740959577,6,9,8,7,2,53.810126936357065,60.922236754066724,299.0910188158422,19.418627701800073,43.217002038460606,98.27607461776265,3,1,0,0,0,0,0,15,8.841562591344047,1,0,8.646888970674475,243.5742232997074,9,7,8,2,5.0,Female,Postgraduate,Married,574.7350868642893,17,5,0,48,31.929727048016073,4023.145608050025,0.05555555555555555,1,Loyal Regular Customers
10251,28,64382.9232985422,4,2,5,8,4,162.21441173041518,68.35787731681121,202.3449218866379,46.15565055132245,12.868155906415755,35.45007337349477,0,0,1,0,0,0,0,11,7.444151523334987,1,0,5.7265464563578234,424.13993276583705,8,3,4,4,3.70434189785681,Male,High School,Married,527.3910907650973,17,1,1,28,29.2995050425054,2636.955453825486,0.05555555555555555,1,Loyal Regular Customers
10252,25,76705.75997909148,5,9,6,9,1,324.72661151913945,116.88077196003603,141.7024063676749,56.22718922962071,67.89861680804134,59.89001484318358,0,1,0,1,0,1,0,11,10.60970054879979,2,0,6.0292880393831165,363.9080392575886,11,0,10,1,4.90036777519367,Female,Graduate,Married,767.3256107276961,16,2,2,41,45.13680063104095,4603.953664366177,0.11764705882352941,0,VIP High-Value Customers
10253,35,58252.20778674018,5,5,3,8,4,74.53930609963264,36.50403244767426,140.19372442144018,97.41754311935873,120.34746412881145,93.74683109612592,1,2,0,0,0,0,0,15,8.517367942527956,7,0,6.846058654432992,0.0,4,4,7,0,3.868185651054146,Female,Postgraduate,Married,562.7489013130431,15,4,0,35,35.171806332065195,3376.493407878259,0.4375,0,VIP High-Value Customers
10254,48,60977.73995617626,9,9,5,9,3,185.22850756928116,24.376047487575462,311.69792385249815,38.806367922322394,28.18157075117395,11.841413295624859,0,0,0,0,0,1,0,14,7.681069972085728,1,0,6.632815726319233,595.7764609416344,8,2,11,0,4.1645888186458535,Male,Graduate,Married,600.1318308784759,17,1,1,44,33.34065727102644,6001.318308784758,0.05555555555555555,1,Loyal Regular Customers
10255,22,80487.0733224805,1,10,8,13,3,298.8257220234979,11.25007198290344,37.69020490898149,50.160123026636924,9.388028229742506,37.462024071098234,2,2,0,0,0,0,0,14,4.736281736537401,3,1,6.282725826060591,145.04558519944447,8,5,5,0,4.075552320806773,Male,Graduate,Married,444.7761742428606,24,5,0,42,17.791046969714422,889.5523484857212,0.12,1,Loyal Regular Customers
10256,39,54031.44076326315,13,4,4,3,2,80.64577293846122,9.385559257633096,174.6423133930047,233.12586908944172,17.336515554610724,45.24802791575244,2,2,0,0,0,0,0,13,9.945508580227372,1,0,5.465104824713968,400.17009056469067,10,5,7,2,5.0,Male,Graduate,Single,560.3840581489039,9,5,0,39,56.038405814890396,7845.376814084655,0.1,0,VIP High-Value Customers
10257,55,71126.53071505227,2,1,5,4,1,217.57005998874484,30.982529301389153,129.70698575781842,17.438742535363083,69.73653856925343,115.00346962014615,1,2,0,0,0,0,0,6,6.976561822073506,1,1,5.106340373389523,426.5229187954023,5,0,10,1,4.353902086618894,Male,High School,Divorced,580.4383257727151,10,4,0,22,52.76712052479228,1741.3149773181453,0.09090909090909091,0,VIP High-Value Customers
10258,38,50933.31934788346,13,6,1,8,3,48.89830837966347,8.522644238825151,52.67010859511855,32.30797335529622,56.3041647812794,52.6307275251561,1,0,1,0,0,0,0,7,10.944724312608887,3,0,8.680844682067587,76.91048033560423,6,1,6,1,3.743992784560748,Male,High School,Married,251.33392687533888,12,2,1,26,19.333378990410683,3518.6749762547443,0.23076923076923078,1,Loyal Regular Customers
10259,45,52514.387854587876,6,7,5,7,0,219.07651060610735,10.166622683890862,164.51800247571956,58.163071856400386,49.68486304717703,13.751665372400096,3,1,1,0,0,0,0,9,2.725872794586924,5,0,7.498282458006824,732.5157591766281,14,3,13,0,5.0,Female,Graduate,Single,515.3607360416953,12,5,1,46,39.64313354166887,3607.525152291867,0.38461538461538464,0,VIP High-Value Customers
10260,22,58127.10437760654,5,4,6,7,2,34.84163448333748,31.847329369765554,107.9536001615443,136.2714221983886,77.07064560156623,25.245545801388303,2,2,0,0,0,0,0,15,6.460441031511741,1,0,9.981374482522682,402.40578012622336,8,0,11,3,3.944344826902402,Female,Graduate,Single,413.2301776159905,15,5,0,38,25.826886100999406,2479.381065695943,0.0625,1,Loyal Regular Customers
10261,38,69274.91135376178,11,4,3,5,4,25.12083514433645,22.852070659182505,78.14480622814683,27.907406872354244,16.457767600351644,36.900107451665455,2,0,0,0,0,1,0,10,9.861504103231736,3,0,7.438659548150514,422.7570716977395,7,3,12,1,4.251301375051666,Female,Postgraduate,Married,207.38299395603713,12,3,1,36,15.95253799661824,2488.5959274724455,0.23076923076923078,1,Loyal Regular Customers
10262,39,81495.27532591924,7,5,6,7,1,65.98623968304078,14.194464390301398,332.4343752079804,9.368569418938161,29.52621198658036,36.61125614001068,2,1,0,0,0,0,0,12,7.976037063499339,3,0,8.093377358160796,541.0798714959877,10,8,10,1,3.7102574464839257,Male,Graduate,Married,488.1211168268517,14,4,0,45,32.54140778845678,3904.9689346148134,0.2,1,Loyal Regular Customers
10263,51,61737.81474369795,3,6,5,14,0,165.05272121323358,24.20424124540652,87.74664994042944,115.61418025724544,19.756190774765056,97.26511692504889,2,2,0,0,0,0,0,9,6.142512318263552,1,0,9.581298818537139,498.7109214113636,5,0,17,1,3.5215830470767675,Male,Graduate,Single,509.6391003561289,19,5,0,37,25.481955017806445,2038.5564014245156,0.05,1,Loyal Regular Customers
10264,26,33002.935596176205,3,10,5,11,0,134.93650524949422,56.59967608049594,73.27552836691962,25.48475517059891,37.77733154095833,81.92079315828992,0,0,0,0,0,0,0,12,11.437488208773125,5,0,8.348771621273354,266.0705249235118,9,1,10,0,4.020873298424828,Male,Graduate,Divorced,409.994589566757,16,1,0,42,24.11732879804453,1639.978358267028,0.29411764705882354,1,Loyal Regular Customers
10265,60,71366.03328361089,10,3,6,8,4,222.60272872579515,43.41744075848305,59.73230282266443,19.301810663744693,50.976505006019586,27.75320706469678,2,1,0,0,0,0,0,9,10.879417429731143,2,0,6.97108188468553,212.14888178918306,11,3,7,3,4.0541681035982275,Female,High School,Married,423.78399504140367,18,4,0,33,22.304420791652824,4661.623945455441,0.10526315789473684,1,Loyal Regular Customers
10266,52,104169.15913462277,2,6,6,8,1,118.62234762813904,66.47008025087945,189.84968218739508,28.905675695010626,18.19594192206044,42.07236040745998,1,1,0,0,0,0,0,14,5.703701025035003,1,2,6.680778426418044,943.5003766346897,5,1,13,1,4.232052942408977,Female,Postgraduate,Single,464.11608809094463,15,3,0,39,29.00725550568404,1392.3482642728338,0.0625,1,Loyal Regular Customers
10267,59,61956.03895921231,13,4,7,5,3,60.89840739799838,27.779003655133316,202.5524848983227,20.982683360365208,68.1522049182607,27.64529335795566,3,0,0,0,0,1,0,11,7.548763624581139,2,0,8.02024565294088,490.24327321857453,5,6,9,1,1.6255456558117265,Female,Postgraduate,Married,408.010077588036,15,4,1,35,25.50062984925225,5712.141086232504,0.125,1,Loyal Regular Customers
10268,58,29242.18249476757,3,8,6,10,4,137.59045794090832,22.236083729709964,481.40993232994344,56.316075693837995,20.133158832077598,76.43751378837814,3,2,0,0,0,0,0,14,5.106114652831158,1,0,8.23108099098795,304.6253221059777,5,6,7,1,3.7258720284898454,Male,Graduate,Divorced,794.1232223148555,20,6,0,40,37.81539153880264,3176.492889259422,0.047619047619047616,0,VIP High-Value Customers
10269,37,63053.75201047532,10,4,5,10,1,174.60669204185055,35.79139980214968,131.27473630678764,73.78046662998774,31.59092079854198,49.889537058804,1,0,0,0,0,0,0,9,7.258539424159595,1,0,8.11540054854062,583.3735452543572,7,3,6,4,3.908855081973907,Female,High School,Married,496.9337526381216,16,2,0,29,29.231397214007153,5466.271279019337,0.058823529411764705,1,Loyal Regular Customers
10270,59,59945.773142690894,1,6,6,8,3,158.58680233272165,10.377286693923542,117.84685176793782,40.904364561246986,60.295422607882884,20.98871589930466,2,2,0,0,0,0,1,12,7.385250701978311,1,0,7.2445484657538115,726.1955076887728,9,2,1,1,4.117224055896045,Female,High School,Single,408.9994438630176,17,5,1,30,22.722191325723198,817.9988877260352,0.05555555555555555,1,Loyal Regular Customers
10271,20,58432.04081947699,5,5,6,4,2,162.7307355124538,26.036192672496515,71.46807045354525,34.539783114189824,47.18188661606176,125.34371693565028,0,0,0,0,0,0,0,7,6.662131479023304,0,0,6.851959430924715,1196.464680852042,11,4,10,2,4.504733033080674,Female,High School,Single,467.3003853043975,12,1,0,37,35.94618348495365,2803.802311826385,0.0,1,Loyal Regular Customers
10272,30,77017.37819958839,14,7,5,8,3,187.76614023495196,23.824951811738583,209.4556802987666,83.80587818196341,25.75286902482897,127.46031354195864,2,1,0,0,0,0,1,17,10.124695825949152,3,1,8.211733845646325,495.34684915126945,14,3,10,2,2.4477106582126136,Male,Postgraduate,Married,658.0658330942082,16,4,1,51,38.7097548878946,9870.987496413123,0.17647058823529413,0,VIP High-Value Customers
10273,47,84808.94615404303,15,9,10,6,2,124.68178105825574,165.4740457859653,57.94442882115214,21.685616225816577,44.58496786654564,19.233154397025423,2,1,0,0,0,0,1,16,10.194969280666838,1,1,7.311873330946322,372.0193988574191,14,3,8,1,3.8315046825853587,Male,Graduate,Single,433.60399415476087,18,4,1,50,22.821262850250573,6937.663906476174,0.05263157894736842,1,Loyal Regular Customers
10274,44,72304.5434136195,12,6,4,11,2,222.57377064348947,75.49794022701347,106.96556148053881,21.20311997750151,31.45650972681939,104.01452476677426,1,1,0,0,0,0,0,9,11.48770565759306,3,1,5.456129243394464,0.0,4,1,10,1,4.2229117583270135,Male,Postgraduate,Single,561.7114268221369,17,3,0,30,31.206190379007605,7302.2485486877795,0.16666666666666666,0,VIP High-Value Customers
10275,69,57604.95447592077,5,8,8,9,2,43.53754697183739,51.59505476734887,183.47149965864625,41.7475371637026,36.84963137873691,27.838138974002238,3,1,0,1,0,1,0,12,9.15498174899662,6,0,7.541925988638816,479.19140538192477,8,2,4,0,5.0,Male,High School,Married,385.03940891427425,19,5,2,34,19.251970445713713,2310.2364534856456,0.3,1,Loyal Regular Customers
10276,42,80262.21811865334,12,5,6,6,2,229.52785304028768,44.555892731196394,109.6973501973672,11.855405661044289,34.338110860629,69.86631881695475,3,1,1,0,0,0,0,8,3.098873957027701,1,0,5.887826691071427,358.12193511058683,8,6,11,3,4.133230054649748,Female,Postgraduate,Divorced,499.8409313074793,14,5,1,38,33.32272875383195,6497.932106997231,0.06666666666666667,0,VIP High-Value Customers
10277,50,33111.06645814367,11,6,4,8,4,224.6994294665131,95.04589085792745,107.68064652497488,10.007977372959807,6.350158898828733,19.55712475389038,3,0,0,0,0,0,0,10,8.015728565781119,1,1,8.065726968537517,522.9618118187158,8,6,4,1,4.817167787342884,Female,PhD,Divorced,463.3412278750943,16,4,0,34,27.255366345593785,5560.094734501132,0.058823529411764705,1,Loyal Regular Customers
10278,49,47110.98982678809,7,7,5,11,3,119.52948995093163,44.28115670477122,95.44955803377799,27.007898509348177,27.19414024414356,20.23240536431855,1,0,0,0,0,0,0,8,10.31679186272136,2,1,6.410838520735284,518.1020127617364,4,3,8,1,3.0097049509855793,Female,PhD,Married,333.6946488072911,19,2,0,30,16.684732440364556,2669.557190458329,0.1,1,Loyal Regular Customers
10279,61,49116.69998516887,4,9,4,10,2,149.2940667401527,16.503195722490545,343.5116255907454,32.277897069124165,41.8898608767432,26.9756237517316,0,0,0,0,0,1,0,14,8.383012575388385,1,0,10.0,803.9691354219808,5,5,11,0,4.071673925954996,Male,PhD,Single,610.4522697509876,16,1,1,44,35.90895704417574,3052.261348754938,0.058823529411764705,1,Loyal Regular Customers
10280,54,59442.88833722518,3,6,6,8,3,168.4655372760351,15.369474022486019,103.92639074989548,87.579686486488,107.548123261191,93.93788971528633,0,2,0,0,0,0,0,8,10.538614721128933,6,0,8.318041586187642,549.96297296595,10,4,13,2,4.352424790151406,Male,Postgraduate,Single,576.8271015113819,17,3,0,41,32.045950083965664,2307.3084060455276,0.3333333333333333,1,Loyal Regular Customers
10281,26,69121.22392476308,1,6,2,9,4,434.94107686278534,57.660972440228726,211.09349774846282,36.439285177089964,28.271080185107984,8.182380898778916,3,2,1,1,0,0,1,12,11.3302258487468,1,1,9.902002705971324,523.9350813519684,9,1,16,0,3.466687973320503,Female,Postgraduate,Married,776.5882933124536,15,6,3,44,48.53676833202835,1553.1765866249073,0.0625,0,VIP High-Value Customers
10282,35,56387.16692992889,12,8,2,3,4,113.3013109173072,50.44684377508358,99.46335056334385,27.488708415683398,77.20719338074272,68.73796585668322,3,1,0,0,0,0,0,15,3.7074526403279684,0,0,9.945558998808442,544.4211800651408,9,7,9,1,4.582590093588585,Male,Postgraduate,Married,436.645372908844,9,5,0,48,43.664537290884404,5676.389847814972,0.0,0,VIP High-Value Customers
10283,45,43691.35569895906,15,6,9,10,3,116.30598270897055,44.11170804811702,116.8844358417037,14.378176252453242,18.6290445306426,60.67039706260463,0,1,0,1,0,0,0,10,10.016970515859708,2,1,6.987822098855389,420.3321694698186,9,4,16,1,3.190332655423347,Female,Postgraduate,Married,370.97974444449176,22,2,1,45,16.12955410628225,5935.675911111868,0.08695652173913043,1,Loyal Regular Customers
10284,67,77547.30512453034,8,5,1,9,5,56.58973155586444,68.56287928023924,160.44029548512881,78.49911042259218,71.36048148903129,97.66217624025987,1,1,0,0,0,0,0,5,9.186596482610785,1,0,9.164404337020015,850.8722815860904,15,3,12,2,2.9309848511213126,Male,Graduate,Single,533.1146744731159,15,3,0,40,33.31966715456974,4798.032070258043,0.0625,0,VIP High-Value Customers
10285,68,55761.77900031551,13,5,3,6,0,277.1224621693575,65.95773148251685,325.65881558226044,24.984766570676324,108.04977935219875,24.604044015311707,0,2,1,0,0,0,0,11,12.953537860090277,5,0,7.645545852960883,601.1757650859286,8,8,13,0,4.3495698286232765,Male,High School,Single,826.3775991723217,9,3,1,45,82.63775991723216,11569.286388412504,0.5,0,VIP High-Value Customers
10286,21,61838.320575678605,3,4,4,10,1,160.1299601203628,5.288825800494921,31.12169456639122,19.62610611557441,14.341219911838184,99.00377466092017,2,2,0,1,0,0,0,17,6.197869705956432,3,0,9.291824381381982,691.7704328568107,7,2,7,2,5.0,Female,High School,Divorced,329.5115811755817,15,5,1,37,20.594473823473855,1318.0463247023267,0.1875,1,Loyal Regular Customers
10287,20,69919.21941856634,13,7,3,10,2,100.78180462230527,28.364502441173105,303.74729080947947,36.90194113771783,30.8018889463362,94.10945147389599,2,0,0,0,0,0,0,14,11.517758235501203,1,3,5.3970607923098575,498.7109214113636,7,2,11,2,4.621067672546475,Male,High School,Married,594.7068794309079,15,3,0,41,37.16917996443174,8325.89631203271,0.0625,0,VIP High-Value Customers
10288,67,60699.796942613044,15,9,2,3,4,128.21601792421487,47.55588297289052,87.00367564537272,82.56431127180333,3.765706919173932,34.642992303121524,1,2,0,0,0,0,0,11,7.747752508296933,1,0,8.021188456679218,229.8271835555583,15,2,15,1,4.029270399185886,Female,High School,Married,383.74858703657685,9,4,0,52,38.37485870365769,6139.97739258523,0.1,0,VIP High-Value Customers
10289,31,60778.89050539723,2,8,6,5,3,199.36900830394012,80.66243704306567,173.10652160095702,54.10819696967217,17.145394942725016,73.6564194683405,3,1,0,0,0,0,0,8,8.615123948637105,2,0,8.06237680954536,254.07607600891643,8,2,14,3,3.758893464573804,Male,Postgraduate,Married,598.0479783287004,14,5,0,40,39.869865221913365,1794.1439349861012,0.13333333333333333,1,Loyal Regular Customers
10290,24,78548.52156784493,11,9,2,3,4,134.19059275587534,52.98506918154433,149.76414459538827,58.65615407171097,32.870390746693374,20.53354694043754,2,0,0,0,1,0,0,9,8.08275656540986,1,0,9.591946742350428,874.6495406733924,6,2,9,0,3.727082912093959,Male,PhD,Divorced,448.99989829164986,9,3,1,35,44.89998982916499,5387.998779499798,0.1,0,VIP High-Value Customers
10291,56,62724.650542266776,4,11,7,10,2,159.51641616537245,58.19033321699915,66.57988113853898,23.79612042958204,7.0236148986038245,39.30435040270578,0,2,1,0,0,0,0,14,13.168745018319463,3,0,5.8276832110148415,968.5596117100467,14,1,13,0,4.1924229538162585,Male,Postgraduate,Married,354.41071625180217,19,3,1,53,17.720535812590107,1772.0535812590108,0.15,1,Loyal Regular Customers
10292,51,75530.3457442288,3,8,10,15,0,63.47543655635821,11.936922671366762,108.31629699128793,66.4074900234551,6.274869071976043,28.69228540545541,2,0,1,1,0,0,0,12,5.314445194284131,3,1,7.113336767856902,309.7865093602353,9,2,8,1,2.9129049576800714,Male,Graduate,Married,285.1033007198995,25,3,2,39,10.965511566149981,1140.413202879598,0.11538461538461539,1,Loyal Regular Customers
10293,28,59642.99767046553,13,9,1,10,1,69.12014645298598,7.71951757626435,150.0910398830859,70.91021093291948,10.263114610844571,18.2691534692523,0,2,0,1,0,0,0,12,8.816745699511442,1,1,7.857174928114972,226.24143540509624,6,3,12,1,3.425214875776189,Female,Graduate,Divorced,326.3731829253526,12,3,1,42,25.105629455796354,4569.224560954936,0.07692307692307693,1,Loyal Regular Customers
10294,60,96303.97579536449,1,11,2,8,4,242.34983458949637,42.67428801666696,62.41211880663837,58.54302459004376,15.974848355784314,67.45066704313197,0,2,1,1,0,0,0,14,11.485509557558192,2,2,8.141568210583918,693.5480981330165,5,1,8,0,4.896930645420002,Male,High School,Single,489.40478140176174,14,3,2,39,32.62698542678412,978.8095628035235,0.13333333333333333,1,Loyal Regular Customers
10295,54,67369.44152164434,3,5,4,7,2,83.24086894357033,21.928516463330936,267.57118862337336,75.74152823043752,67.23331191979068,32.69162027224257,0,2,0,0,0,0,0,12,14.080513089657252,4,0,10.0,380.64343479194827,11,2,7,1,4.473290156493894,Female,Graduate,Married,548.4070344527454,13,3,0,37,39.171931032338954,2193.6281378109816,0.2857142857142857,0,VIP High-Value Customers
10296,38,71483.51886271391,12,1,4,9,3,183.37885961705447,48.429259585880175,161.00077701123908,143.47366110202117,22.33363604492206,102.6413920677391,2,1,0,0,0,0,1,10,5.062947156394143,5,0,7.93841095709939,101.11141380177486,13,4,13,0,3.9980862469152427,Female,High School,Single,661.2575854288561,16,4,1,41,38.897505025226835,8596.348610575129,0.29411764705882354,0,VIP High-Value Customers
10297,67,79829.82085193461,2,7,8,4,6,70.03604619092675,18.55150134296205,111.25998034016608,98.49740995038414,46.00797363397242,17.0708161941917,1,2,1,0,0,0,0,10,11.02877992257798,2,2,8.223430254524768,498.7109214113636,13,2,6,1,4.379702147662526,Female,High School,Single,361.4237276526032,18,4,1,38,19.022301455400168,1084.2711829578095,0.10526315789473684,1,Loyal Regular Customers
10298,35,61145.11967910306,8,9,6,5,3,30.375982769727774,21.42417439884025,127.10348819013409,18.342477962654495,25.55943026128411,90.29666166476872,0,1,0,0,0,0,0,10,7.2124264477786735,3,0,8.880067590705353,481.30229061566973,7,3,5,0,4.137693423630091,Female,PhD,Married,313.10221524740945,14,2,0,34,20.87348101649396,2817.919937226685,0.2,1,Loyal Regular Customers
10299,22,48518.64425887006,6,9,2,8,2,219.02623860707848,57.02773640537124,266.6274107763053,20.834212029764057,21.960733110961534,46.56829778566081,2,0,0,0,0,0,0,9,10.769215271454408,4,0,7.798563371486302,1068.9308108182547,9,5,10,0,5.0,Male,Postgraduate,Married,632.0446287151415,12,3,0,42,48.61881759347242,4424.31240100599,0.3076923076923077,0,VIP High-Value Customers
10300,39,51465.37953977778,9,7,6,9,2,90.2170314911601,33.30587147347859,302.38978803188985,76.76904784492031,43.90410081412432,55.20755090802146,3,2,0,0,0,0,0,5,6.00469979983497,2,1,6.490251178495494,924.6384440826564,7,3,9,1,3.1788273968298455,Female,Postgraduate,Single,601.7933905635946,17,6,0,31,33.43296614242192,6017.933905635946,0.1111111111111111,0,VIP High-Value Customers
10301,43,51638.875340955216,8,6,8,6,2,295.5290043437116,17.667677953126386,91.25152621822635,51.53923032074824,30.116028336603534,22.90975184170086,1,1,0,0,1,0,0,8,11.876233618026138,4,3,6.356915183544176,498.7109214113636,8,2,12,4,3.6069561820445752,Male,Graduate,Divorced,509.013219014117,16,3,1,36,29.94195405965394,4581.118971127053,0.23529411764705882,1,Loyal Regular Customers
10302,52,42894.04257245907,10,11,8,10,5,77.90344333995223,29.607115433273073,70.90411777950618,121.7433320687528,42.89358547714351,44.309234918394544,2,1,1,0,0,0,0,10,6.99890238473205,1,0,8.683985839063753,149.3727276785553,8,7,11,1,4.142893575074863,Male,Graduate,Single,387.3608290170224,23,4,1,47,16.140034542375933,4260.969119187246,0.041666666666666664,1,Loyal Regular Customers
10303,43,65720.4930456339,3,7,2,10,3,50.298426672967096,51.47016739565851,227.18189319091522,91.72761809507462,45.663151725364514,55.393226555957206,1,0,0,0,1,0,0,9,10.917179368474542,4,0,7.255374826243577,389.72840597050345,8,2,10,0,4.657159823969309,Male,Graduate,Married,521.7344836359372,15,2,1,36,32.608405227246074,2086.9379345437487,0.25,1,Loyal Regular Customers
10304,30,48668.70213511649,5,12,5,7,1,73.27786301423905,31.211404182756887,77.5177238431468,26.806408430683152,14.337955948687764,65.43571622808815,2,0,0,1,1,0,0,9,7.8575833316878665,3,0,5.891944490937783,457.3784589894039,7,4,7,3,4.898160115446876,Male,PhD,Married,288.5870716476018,13,3,2,39,20.61336226054299,1731.522429885611,0.21428571428571427,1,Loyal Regular Customers
10305,68,63507.35078163324,7,7,4,2,5,127.5667635799098,47.221312411298875,202.82587750569724,12.729749791105293,69.38450052315636,67.67209220863596,0,0,0,0,0,0,1,8,3.912164427154564,0,2,5.993656187117081,523.8505408077762,5,2,12,2,5.0,Female,Postgraduate,Married,527.4002960198035,11,1,1,34,43.950024668316956,4219.202368158428,0.0,0,VIP High-Value Customers
10306,27,57143.86001320855,5,10,3,3,3,410.5121454457795,26.56775900955084,84.73553800522086,74.9856152938399,76.40482943047785,59.97763723934047,3,2,1,0,0,0,0,8,8.745290566634855,1,1,7.600689403341456,341.9464878260278,7,1,9,1,3.4715693329510118,Female,PhD,Divorced,733.1835244242094,9,6,1,35,73.31835244242095,4399.101146545257,0.1,0,VIP High-Value Customers
10307,55,59250.81312073473,8,6,8,7,3,271.67659620330926,76.12921295700095,84.34133601295314,23.93616640652489,4.546268100235477,111.23739004234204,2,2,0,0,1,0,0,10,4.871207133983027,2,0,8.356217341690158,351.43592751649624,4,4,13,1,3.2159231675849376,Female,Graduate,Single,571.8669697223658,18,5,1,37,30.09826156433504,5146.802727501292,0.10526315789473684,1,Loyal Regular Customers
10308,57,59642.99767046553,12,8,3,9,2,215.74347690535544,29.11388346121559,52.36501344641751,31.744609275135875,53.65873607463608,16.343555242182788,1,0,0,0,0,0,0,9,7.022544903084308,2,0,8.75321688073368,651.2614854812432,7,1,15,2,3.8770905163505005,Female,Graduate,Married,398.96927440494323,14,2,0,40,26.597951626996217,5186.600567264262,0.13333333333333333,1,Loyal Regular Customers
10309,59,59642.99767046553,5,4,7,5,2,299.32879685658213,20.738229890141042,413.3984955142575,24.090340181164756,44.74454430799932,10.339042890823553,3,2,1,0,0,0,0,11,16.14492817668496,2,0,7.857974836762732,409.7531862852538,7,2,12,1,4.832067998050878,Male,Postgraduate,Married,812.6394496409682,14,6,1,36,54.17596330939788,4875.836697845809,0.13333333333333333,0,VIP High-Value Customers
10310,39,71500.03882686191,1,6,2,5,4,114.7791218919259,89.55463869977741,303.4329279770957,40.545902845045795,5.694467438985526,124.9372816442545,3,1,1,0,0,0,0,11,8.969740985079985,0,0,5.4276381209057325,431.0995402061334,10,4,14,1,3.973598788861425,Male,High School,Married,678.9443404970848,11,5,1,45,56.578695041423735,1357.8886809941696,0.0,0,VIP High-Value Customers
10311,54,88211.54159950114,5,4,1,4,3,91.05265739434745,33.47883835314753,130.5502180220838,66.87674053209551,31.74598345250882,60.53261580753284,3,1,0,1,0,1,0,17,8.211630786052076,2,0,6.5204406089776,563.3214345473278,6,3,9,1,3.7980497048187947,Male,Graduate,Single,414.237053561716,8,5,2,39,46.02633928463511,2485.422321370296,0.2222222222222222,0,VIP High-Value Customers
10312,67,66175.96349313165,4,4,5,1,6,225.1093014533821,46.68526810186164,178.3938695448864,34.31075213258885,37.1080826303655,96.97136668024612,0,2,0,0,0,0,0,17,4.264252757571276,2,0,4.643163305702078,698.8012918604666,9,2,14,0,4.365380244554973,Female,Graduate,Single,618.5786405433306,12,3,0,46,47.58297234948697,3092.893202716653,0.15384615384615385,0,VIP High-Value Customers
10313,44,45922.277665095564,6,5,4,6,0,122.9860554286714,20.54041994779123,175.3509851102189,45.067572685593746,12.22017147219319,3.7990426550866347,0,2,0,0,0,0,0,10,2.3535823998363945,2,0,9.75656197555563,548.4012360900699,8,3,9,0,3.7302680280772744,Male,High School,Single,379.9642472995551,10,3,0,35,34.54220429995956,2659.7497310968856,0.18181818181818182,1,Loyal Regular Customers
10314,54,48929.67579588367,3,6,4,9,3,71.25355844462143,45.64082520596925,417.25102478435787,36.80217473181613,16.01831153768647,55.9410812747084,2,1,1,0,0,1,0,14,5.54483785937622,1,1,4.445387849201301,646.634286734675,7,1,10,2,4.150156166597601,Male,High School,Married,642.9069759791595,16,4,2,38,37.81805741053879,2571.627903916638,0.058823529411764705,1,Loyal Regular Customers
10315,44,55531.26778586792,15,10,4,7,4,6.8865302817493586,51.279908824432106,196.9833442868549,75.84910307849016,20.991121992728235,7.782062996149995,0,1,1,0,0,0,0,12,6.2417800025914305,2,2,7.9938798766035175,890.8814665081629,7,2,8,0,4.003693803378382,Female,Graduate,Married,359.77207146040473,15,2,1,39,22.485754466275296,5756.353143366476,0.125,1,Loyal Regular Customers
10316,48,49291.97465274781,11,6,3,6,2,66.16940341057602,16.547008241864233,252.45289748155113,88.84106464457159,26.161319177233754,70.096449489304,3,2,0,0,0,0,0,12,5.185082407252661,0,0,8.768831272632719,419.8060816972021,11,7,7,2,4.038267685741947,Male,High School,Single,520.2681424451007,11,6,0,43,43.35567853709173,6243.217709341208,0.0,0,VIP High-Value Customers
10317,37,42158.7544270191,5,10,0,12,2,167.42972223697495,60.44708242390732,331.3519612037435,81.01661890753252,17.167254820251287,60.89935662826613,1,2,0,0,0,0,0,12,5.934936318574105,3,0,8.617566479784818,675.7533078189821,13,1,10,2,3.6558767185506453,Male,Graduate,Single,718.3119962206757,14,4,0,46,47.88746641471172,4309.871977324055,0.2,0,VIP High-Value Customers
10318,65,62779.33098531045,2,5,2,3,2,71.45626728197358,30.527245780506647,89.8324144712525,117.3225376468982,17.301676637926445,122.73433823076599,3,0,1,0,0,0,0,9,3.5041690648070443,2,1,10.0,288.62077126775176,8,4,8,2,3.951592944129097,Female,Graduate,Single,449.1744800493234,7,4,1,34,56.146810006165424,1347.5234401479702,0.25,0,VIP High-Value Customers
10319,37,56018.44802893562,11,12,3,8,2,199.98098976400036,60.433221827818045,99.36336050794812,11.517157328825324,4.044666892362288,52.09140370647381,3,0,0,0,0,0,0,15,6.861556625166773,1,2,6.23518394128473,498.82976579183236,9,1,8,0,3.8996788584545055,Male,Postgraduate,Married,427.43080002742795,13,4,0,45,30.530771430530567,5129.169600329135,0.07142857142857142,1,Loyal Regular Customers
10320,21,59642.99767046553,6,7,4,6,1,48.516389291088636,18.167713586146824,302.7632557836372,90.80129677395587,56.710882945666924,99.93257385986502,0,2,1,0,0,0,0,13,2.496809705619598,3,0,6.80253438356022,370.0561896925743,5,2,7,0,3.469066883254122,Female,High School,Divorced,616.8921122403603,11,3,1,34,51.40767602003003,4318.244785682522,0.25,0,VIP High-Value Customers
10321,54,59642.99767046553,13,5,2,4,5,67.45330269067618,21.575159262997484,127.74124887922694,28.412835559522577,20.865650260752947,80.6310054187538,1,1,0,0,0,0,1,10,8.446779289496629,4,1,4.569149341718504,538.33267187419,9,4,14,0,3.341321495930501,Female,PhD,Married,346.6792020719299,11,3,1,42,28.88993350599416,4853.508829007019,0.3333333333333333,1,Loyal Regular Customers
10322,35,55745.648989361536,15,6,6,3,2,300.9445071951276,37.564211631005634,81.78133818739587,32.44391123362871,30.34427199749124,44.26420662722565,3,2,1,0,0,0,0,17,4.8948919930966355,1,0,7.7093477443807545,742.6055338056985,4,3,11,1,2.9872649546007937,Female,Graduate,Married,527.3424468718747,11,6,1,41,43.94520390598956,8437.479149949995,0.08333333333333333,0,VIP High-Value Customers
10323,60,38662.439915754396,12,5,5,10,2,214.38769460643877,15.336741349360937,169.4280250738038,6.742400241399901,77.75131734009001,61.77054811646926,1,1,0,0,0,0,0,7,7.36914984556031,4,0,6.191277953452717,280.950414603013,7,0,10,1,4.59413061423632,Male,Graduate,Married,545.4167267275626,17,3,0,29,30.300929262642367,7090.417447458314,0.2222222222222222,0,VIP High-Value Customers
10324,55,52819.93513943608,6,5,1,5,1,128.4721167614362,38.50745459977633,297.4152952419343,60.39585944153818,9.198394316936815,113.29849614559816,1,2,0,0,0,0,0,8,9.12955949390772,4,0,8.650190662487299,793.3511467643866,12,2,6,2,4.791161821967737,Female,Graduate,Single,647.28761650722,7,4,0,33,80.9109520634025,4531.01331555054,0.5,0,VIP High-Value Customers
10325,52,73867.65390809957,5,12,8,5,6,128.3705649085839,43.04287798224048,441.87571462499807,12.884341030133372,22.099121857389115,221.15940144886642,3,2,0,0,0,0,0,12,4.673690545997316,3,0,6.409969284833391,448.4899543750269,6,4,11,1,4.436292254146027,Female,Graduate,Married,856.2110599076855,19,6,0,45,43.47160109261057,5216.592131113268,0.15,0,VIP High-Value Customers
10326,23,72181.8648729052,6,8,6,12,2,74.04969982982468,37.51365058789682,370.68452457635215,59.165614334513826,43.50766507186967,80.78077987247157,0,1,0,0,0,0,0,7,4.278711660450006,1,0,8.004572370336792,502.3558505788609,10,3,13,2,4.2962852590942475,Female,Graduate,Married,665.7019342729288,20,2,0,41,31.700092108234706,4659.913539910502,0.047619047619047616,1,Loyal Regular Customers
10327,52,69335.51365704421,11,10,1,6,2,245.43094595253217,35.656153504004294,25.14395290827335,17.18248950131402,51.466000922521,95.5802145160332,0,1,0,0,1,0,0,10,8.739385180482785,2,1,10.0,318.98028665168204,12,5,13,2,5.0,Male,PhD,Divorced,470.459757304678,9,2,1,50,47.0459757304678,5645.517087656136,0.2,0,VIP High-Value Customers
10328,33,48755.27898308214,7,8,9,5,3,247.91154830925797,12.65438292272205,130.24676272860674,56.25702798202735,13.29694045243139,71.59211136543469,2,2,0,0,0,0,0,1,5.068270599229184,2,1,6.345653599533927,129.05474584183474,7,4,8,0,3.691958532153593,Female,Postgraduate,Married,531.9587737604802,17,5,0,28,29.553265208915565,4255.670190083842,0.1111111111111111,1,Loyal Regular Customers
10329,40,73534.24712458857,12,5,3,4,5,113.92007567867414,8.910869793001533,68.2482504886177,89.88295099362902,35.296170849163744,105.18304675993534,3,1,0,1,0,0,0,10,5.840146252721022,0,1,9.524780258227045,341.15816405806675,3,2,18,2,3.9483128630521582,Male,Graduate,Divorced,421.44136456302147,12,5,1,38,32.4185665048478,5478.737739319279,0.0,1,Loyal Regular Customers
10330,67,77584.18340466719,5,5,9,6,1,112.32995556767803,32.014846891594125,92.74087820704837,54.6874623256261,12.195693348892462,8.588377239138499,3,1,0,0,0,0,0,6,6.3807232771325815,0,0,4.806073150102423,661.0898118748496,11,7,6,1,4.013978408249173,Female,Graduate,Divorced,312.55721357997754,16,5,0,35,18.385718445881032,1875.3432814798653,0.0,1,Loyal Regular Customers
10331,39,47482.41066198043,1,9,4,2,6,87.77077851406018,5.842693514120027,173.05105347018787,35.05818766221165,9.12292459443517,61.029285312565364,1,2,0,0,0,0,0,9,11.562907712178923,1,0,7.541925988638816,234.71223630103322,5,4,14,1,4.029316768944585,Female,High School,Single,371.8749230675803,12,4,0,41,28.605763312890794,743.7498461351606,0.07692307692307693,1,Loyal Regular Customers
10332,27,59251.738244234555,8,4,3,5,5,146.74927165152874,4.807993290404311,172.426258668823,43.878441223606366,66.88663954261833,51.81009782137985,1,0,0,0,0,0,0,12,13.129303182006147,1,2,8.125976334986584,632.5132617461517,10,1,13,3,2.6810797110585534,Female,Graduate,Married,486.5587021983606,13,2,0,40,34.754193014168614,4379.028319785246,0.07142857142857142,1,Loyal Regular Customers
10333,26,96367.23534627802,4,12,7,7,6,32.03134787714371,21.332206183485635,25.806227159804344,11.619559855280903,21.17941606944644,49.8921975815983,2,0,0,0,0,0,0,5,5.074870555954444,1,0,7.009959125988952,201.18265295301865,11,4,6,2,4.6575710224837295,Male,Postgraduate,Married,161.86095472675933,20,3,0,38,7.707664510798064,809.3047736337967,0.047619047619047616,1,Loyal Regular Customers
10334,22,46682.26302365903,9,6,5,8,5,120.41099944828811,15.062065197717008,93.0657439559381,29.967630876573065,79.5268858929627,63.249182716715005,2,1,0,0,0,0,1,9,4.8201601993334835,2,1,8.60240130188342,150.06858892549502,14,4,8,1,3.6825961426788423,Male,High School,Married,401.282508088194,18,4,1,41,21.12013200464179,4012.82508088194,0.10526315789473684,1,Loyal Regular Customers
10335,36,29308.439953612953,14,7,6,8,3,216.55269912000526,44.16734469650645,385.1451703727024,50.939412116232795,14.352862280851612,58.76018786686585,1,2,0,0,0,0,0,9,3.460224176465024,1,0,7.950491576346639,350.05614296439234,11,4,8,2,3.630519372929599,Male,Graduate,Single,769.9176764531644,17,4,0,39,42.77320424739802,11548.765146797467,0.05555555555555555,0,VIP High-Value Customers
10336,52,84892.27982036638,10,8,3,7,3,137.30056659916022,31.956454620028115,57.9541351083587,9.824075543841206,44.758289353551504,59.25005699425168,1,1,1,1,0,0,0,6,9.77439583784582,1,0,8.031413197048316,352.83207556391244,12,2,9,1,4.248203965227277,Female,Graduate,Married,341.04357821919143,13,3,2,37,24.360255587085103,3751.4793604111055,0.07142857142857142,1,Loyal Regular Customers
10337,67,80458.88589068208,12,6,7,7,2,184.8155623177808,42.85912951347194,298.0824105434313,4.658025171541784,13.549234548358019,0.2865797171337964,2,2,0,0,0,0,1,12,9.794699649953827,0,0,6.589519348257152,806.7738489748126,6,3,11,0,3.7799303164080844,Female,High School,Married,544.2509418117178,16,5,1,38,32.01476128304222,7075.262243552331,0.0,0,VIP High-Value Customers
10338,31,51774.588175606346,6,10,5,6,3,155.7896979094176,59.86608599307958,112.23461356106219,64.89385095280636,25.638587119942056,112.92251612879026,0,0,0,0,0,0,0,4,11.520591670277083,4,0,6.939316274689664,735.8073395958456,10,1,8,0,3.8401789438331635,Male,PhD,Married,531.3453516650981,14,1,0,33,35.42302344433987,3719.4174616556866,0.26666666666666666,0,VIP High-Value Customers
10339,70,57966.14792637444,1,5,8,12,6,140.5227770954903,76.84120656892156,154.72292043760248,30.73558213727242,3.017390910806219,93.64488272380949,2,0,0,0,0,0,0,16,14.242195376316142,1,0,8.933962858041046,364.30642295481687,9,3,8,3,3.2998611193423226,Female,High School,Divorced,499.48475987390253,26,3,0,41,18.49943555088528,998.9695197478051,0.037037037037037035,1,Loyal Regular Customers
10340,41,37951.16909659886,3,3,7,11,5,126.27099550026111,55.0745654562958,320.1198065941517,47.05120209776034,46.3337529023105,14.023138106703922,1,0,1,0,0,0,0,10,7.66435182697084,0,0,6.048534987128778,754.8473633192405,8,1,5,0,3.1474464735050107,Female,PhD,Single,608.8734606574833,23,2,1,27,25.36972752739514,2435.493842629933,0.0,1,Loyal Regular Customers
10341,41,61601.14090697464,3,6,3,5,2,200.5949071250798,36.837731021101725,134.48999527195784,65.28565771029537,22.71024840843173,28.136581820114934,3,1,0,0,0,0,0,13,4.007424575366946,1,0,6.657408198658093,530.9656813785863,15,4,10,0,4.458267511583638,Male,Postgraduate,Divorced,488.0551213569814,10,5,0,48,44.368647396089216,1952.2204854279255,0.09090909090909091,1,Loyal Regular Customers
10342,65,80986.44687668521,10,13,5,11,1,109.24921030123707,13.977740436153294,398.8246397280031,43.585635583563665,23.100756886001406,129.6989522440065,1,0,1,0,0,0,0,13,10.839460322100866,5,0,5.3362352930668955,199.2199536312021,5,2,17,0,4.235463695049352,Female,Postgraduate,Single,718.436935178965,17,2,1,50,39.913163065498054,7902.806286968615,0.2777777777777778,0,VIP High-Value Customers
10343,49,50233.112848351,12,7,9,7,7,64.35708570656153,72.3525327850987,56.462740013980735,68.63604131942654,20.745067223914646,33.26256704802214,0,0,0,0,0,0,0,4,7.913311281193783,2,0,7.390084577499753,425.44104841116234,5,3,6,4,5.0,Female,Postgraduate,Single,315.8160340970044,23,1,0,25,13.159001420708515,4105.608443261057,0.08333333333333333,1,Loyal Regular Customers
10344,57,75787.83561815327,12,5,5,9,4,260.8205976749722,11.52811592004229,264.02305678704005,22.233810858346267,38.70407814831371,67.62627331195533,1,1,0,0,0,0,0,12,3.774640098861938,1,0,10.0,339.0118483336487,7,4,11,1,2.892640916723982,Female,Graduate,Single,664.9359327006698,18,3,0,39,34.99662803687736,8644.167125108708,0.05263157894736842,0,VIP High-Value Customers
10345,57,68347.02943302778,4,6,6,4,2,189.30320385289252,60.93307480609768,245.00019016888047,48.20359639842503,19.762044188592014,66.60735528044738,1,2,1,0,0,0,0,8,12.419071563709952,1,0,8.225570099429538,647.7119438445136,10,4,15,1,3.9228612973409525,Male,High School,Single,629.809464695335,12,4,1,43,48.446881899641156,3149.047323476675,0.07692307692307693,0,VIP High-Value Customers
10346,64,70400.70403586052,6,7,4,8,3,29.07104005242407,82.40325275242424,373.4364890148553,6.168315499725195,32.5739078944504,33.23216290989311,2,0,0,1,0,0,0,9,1.0,2,0,5.639792483475983,252.0141795803044,6,4,6,1,3.772689015178002,Female,Postgraduate,Single,556.8851681237722,15,3,1,32,34.805323007735765,3898.196176866406,0.125,0,VIP High-Value Customers
10347,70,51282.43474944537,15,7,6,4,5,148.43768653596277,44.838422481277355,220.83117179112566,41.32910208775134,13.954669634651626,19.406445284892506,0,2,0,0,0,0,0,4,11.230351838119564,2,0,9.62904437874393,405.3545748330183,9,4,14,2,3.685606118954825,Female,PhD,Single,488.79749781566125,15,3,0,38,30.549843613478828,7820.75996505058,0.125,0,VIP High-Value Customers
10348,27,53616.7647071971,7,9,6,7,2,26.72397889499647,14.345954623713691,143.216593227902,13.28843362878358,56.47793618030428,10.052142037396727,2,2,1,0,0,0,0,11,7.913311281193783,3,0,5.938998541992364,588.7736094378978,12,2,9,0,4.3791969442604985,Male,Postgraduate,Divorced,264.10503859309676,15,5,1,43,16.506564912068548,2112.840308744774,0.1875,1,Loyal Regular Customers
10349,46,26758.096179514774,10,9,5,6,2,51.70904028836602,22.640680947422283,88.60108221543744,139.7976272497987,17.73019760697665,64.99898286247043,3,1,1,0,0,0,0,8,6.498895733814878,1,0,8.86161416018432,455.3141583619087,10,5,6,2,4.004228870231777,Male,PhD,Single,385.4776111704715,13,5,1,38,27.53411508360511,4240.253722875186,0.07142857142857142,1,Loyal Regular Customers
10350,46,49799.950574818096,4,8,6,11,3,157.8428194496656,39.37745499502687,127.3148493978949,31.676767273379003,33.361771994405,73.00197445171332,3,2,0,1,0,0,0,11,9.698723499968072,1,0,7.397134458898033,689.7763841799256,10,2,12,1,4.574747313924307,Male,PhD,Married,462.5756375620847,20,6,1,43,22.027411312480222,2312.8781878104237,0.047619047619047616,1,Loyal Regular Customers
10351,53,80942.73824456266,6,9,4,3,5,254.57673710691046,17.4750981350175,51.54248757274863,19.520666131250234,79.96266103674655,20.847173310578466,0,2,1,0,0,0,0,8,9.527377734088985,2,1,8.222501712327157,550.1192702857419,9,5,15,1,3.199031011890058,Male,Postgraduate,Divorced,443.92482329325185,12,3,1,46,34.14806333025014,3107.473763052763,0.15384615384615385,1,Loyal Regular Customers
10352,40,43272.020506159075,11,2,4,8,3,366.8275557476315,36.4321578116457,255.95026634998067,33.18479706343888,36.280292560745295,75.9709393140172,3,1,0,0,1,1,0,18,5.681190566868009,0,0,9.187901395507089,211.69770188618662,5,4,13,0,3.7595762447733447,Male,Graduate,Single,804.6460088474591,15,5,2,42,50.290375552966196,9655.75210616951,0.0,0,VIP High-Value Customers
10353,49,45954.570230575715,1,11,7,10,3,301.83932328157636,44.3164118661341,154.06542811513611,33.42555886087652,48.02113487801718,50.30730341294363,3,2,0,0,0,0,0,10,6.741377391493419,2,2,5.24909016311723,617.418964986863,8,3,12,0,3.15555216505088,Male,High School,Divorced,631.9751604146838,20,6,0,44,30.094055257842086,1263.9503208293677,0.09523809523809523,1,Loyal Regular Customers
10354,52,71523.41682672824,14,6,7,6,2,37.94430847940823,47.468414137821796,140.82198965792972,10.345950202225417,37.78643304210013,66.34408311657474,1,0,0,0,0,0,0,12,15.927003529767227,2,0,7.0060067471913055,833.7521001851064,5,5,14,2,3.378056653928534,Female,High School,Married,340.71117863606,15,2,0,42,21.29444866475375,5110.6676795409,0.125,1,Loyal Regular Customers
10355,47,59642.99767046553,8,11,5,9,4,324.1856645179621,22.374484358572715,121.37018037254376,82.34626548341363,33.46486097200785,46.41660506892861,2,1,0,1,0,0,0,11,10.466028738786322,2,0,8.770250891630623,507.06465748109025,12,4,16,1,3.1008528721627346,Female,Postgraduate,Married,630.1580607734286,18,4,1,54,33.16621372491729,5671.422546960857,0.10526315789473684,1,Loyal Regular Customers
10356,66,72417.5384963334,7,3,3,10,7,200.3365486233103,33.37599867669256,237.0278001209146,89.14012534691035,27.598805338771154,51.917736808467225,2,1,0,0,0,0,0,14,14.487513910027271,2,0,7.200448826390587,577.67006721914,5,3,12,3,4.573953711097314,Male,High School,Married,639.3970149150663,20,4,0,37,30.44747690071744,5115.17611932053,0.09523809523809523,1,Loyal Regular Customers
10357,52,39062.03027837273,15,6,3,4,1,209.7390195648481,38.04973591793876,140.2064108848768,138.87908823203517,8.131843778282274,57.188222069581855,2,1,0,0,0,0,0,13,7.354995757623539,3,0,6.618852197709407,243.28922631785713,7,3,11,1,3.7411176965057287,Male,Postgraduate,Married,592.1943204475629,8,4,0,40,65.7993689386181,9475.109127161006,0.3333333333333333,0,VIP High-Value Customers
10358,24,106153.04308740623,11,10,3,6,3,84.9185035488127,7.323733211883063,163.7347889146232,93.10239260314171,19.126243472135023,78.15341116778283,0,0,1,0,0,0,1,9,5.863196400914538,2,0,7.294386663092376,309.95217705335597,9,4,10,1,4.114054462205201,Female,Postgraduate,Married,446.35907291837856,12,1,2,42,34.335313301413734,5356.3088750205425,0.15384615384615385,1,Loyal Regular Customers
10359,67,38116.439264989494,11,4,2,7,3,166.88083039720837,21.703670641080095,161.94480415908234,81.09681083706525,12.880705650014836,83.08119768759386,1,2,1,0,0,0,0,17,9.26139661792417,1,1,6.680594338819042,921.9617124566652,7,1,11,2,2.5237625745471925,Female,Postgraduate,Married,527.5880193720448,12,4,1,40,40.5836937978496,6331.056232464537,0.07692307692307693,0,VIP High-Value Customers
10360,38,62776.45164721322,9,6,6,8,3,159.61307488023138,35.00033984445688,219.0953389927188,58.39604975133056,23.613722905531557,23.069163664299488,1,2,0,0,0,0,0,11,6.338105124470181,3,1,6.898389876992219,808.2952644914258,8,3,8,0,4.453666241376925,Female,Postgraduate,Divorced,518.7876900385687,17,4,0,36,28.82153833547604,5187.876900385687,0.16666666666666666,1,Loyal Regular Customers
10361,23,57144.20107436545,3,4,3,7,2,165.55570813265234,43.94268897048097,209.57053768356514,54.343497917464276,8.598228327419532,30.522263356859142,0,2,0,1,1,0,0,9,8.436126833430086,0,0,9.607749921628553,538.0190331155,7,2,14,1,3.96046145719034,Male,High School,Married,512.5329243884414,12,3,2,36,39.42560956834165,2050.1316975537657,0.0,1,Loyal Regular Customers
10362,54,38640.45268742915,2,6,3,8,1,183.00861359692803,87.44316811102965,319.7087598698396,38.44385591116322,26.218902739025246,19.450743836779594,2,0,0,0,0,0,0,14,5.239638790703349,1,0,6.916916746004661,518.2880070743108,9,5,10,0,4.093913734183609,Female,Graduate,Married,674.2740440647653,12,3,0,44,51.867234158828104,2022.822132194296,0.07692307692307693,0,VIP High-Value Customers
10363,68,53336.2303893615,1,6,11,5,4,124.71788972623474,41.390987500150516,296.6294634912398,48.920911284913124,72.52167628591654,150.3283030058795,1,2,1,0,1,0,0,15,7.646386625803099,3,0,9.54917609772766,652.4608977593317,1,3,6,2,4.818528068795169,Female,Postgraduate,Single,734.5092312943343,20,4,2,31,34.976630061634964,1469.0184625886686,0.14285714285714285,1,Loyal Regular Customers
10364,36,60419.536815945656,3,7,4,4,4,109.4377403519805,11.056703412332569,120.16858839686769,51.284409365597895,73.18583777534697,21.135568184594863,1,2,0,0,0,0,0,16,4.156479884991274,3,1,9.105990667516188,240.9864719597394,2,5,4,1,4.195878676595814,Female,High School,Divorced,386.2688474867205,12,4,0,34,29.71298826820927,1545.075389946882,0.23076923076923078,1,Loyal Regular Customers
10365,63,48300.48218645754,5,9,10,5,6,132.9705104229089,16.343401828418802,432.23184146568366,50.043773818743354,43.937363381866994,11.160850678411705,2,0,0,0,0,0,1,9,7.403329625844775,1,0,8.234680293290703,796.1853013341422,8,2,12,0,2.8954950479539163,Female,PhD,Married,686.6877415960336,21,3,1,40,31.213079163456072,4120.126449576202,0.045454545454545456,1,Loyal Regular Customers
10366,47,76870.02518762728,14,4,8,6,3,238.03344272095407,63.3091360026992,207.90705134636718,80.94045214173097,18.900876298185246,25.375180126447095,3,0,1,0,0,0,0,8,9.429400574506225,1,0,6.653716176100087,688.8685162552764,9,3,11,0,4.345605636773234,Female,Postgraduate,Divorced,634.4661386363837,17,4,1,35,35.24811881313243,9516.992079545755,0.05555555555555555,0,VIP High-Value Customers
10367,49,57090.73658167552,11,10,3,6,3,207.95377283291285,109.07338565254021,485.4000677785044,19.86728907663003,26.18830968014624,164.49211136729534,0,2,0,1,0,0,0,11,8.838616028649524,2,1,7.8755978719403945,419.3076530423206,6,4,7,1,4.641490054213605,Male,Postgraduate,Single,856.2110599076855,12,3,1,38,77.92114895292532,11635.65917132781,0.15384615384615385,0,VIP High-Value Customers
10368,48,35857.05592167084,2,9,7,11,3,230.53801274900516,13.596532978565392,191.581986496235,55.304592907682824,57.80135510420002,25.754080318340456,1,0,0,0,0,0,0,12,9.589878794831023,1,0,7.627952706623028,480.3936011231991,6,3,12,0,2.852716005137257,Male,Postgraduate,Divorced,574.5765605540289,21,2,0,42,26.117116388819497,1723.7296816620867,0.045454545454545456,1,Loyal Regular Customers
10369,65,34329.740411952655,12,7,5,6,3,160.08516615515643,21.095289574228477,127.614205171742,32.82693411652799,32.44583637930615,28.573112904247246,2,0,0,0,0,1,0,11,5.779939147643406,3,2,6.664404347053583,498.7109214113636,5,2,10,2,4.040325800061078,Male,Graduate,Married,402.6405443012083,14,3,1,35,26.842702953413887,5234.327075915708,0.2,1,Loyal Regular Customers
10370,25,70910.9716310062,3,6,3,5,6,67.75039860844386,112.31424796753731,110.2985769248767,61.463717767897904,100.99294191254617,82.50734327503699,3,0,0,0,0,0,0,13,7.3668421630336045,3,1,7.673313662411926,385.2314455708835,12,3,12,0,3.019035593665972,Male,High School,Divorced,535.327226456339,14,4,0,46,35.68848176375593,2141.308905825356,0.2,1,Loyal Regular Customers
10371,54,33238.125911393945,15,8,5,4,5,87.12784455416505,94.89858153274824,48.23831320522214,103.53873091214926,45.15914645098897,99.26943087512035,2,1,1,0,0,0,0,12,4.619860804934897,3,0,6.784756803111102,434.8962524038475,5,1,13,0,4.663649764115133,Female,PhD,Married,478.232047530394,14,4,1,39,31.882136502026267,7651.712760486304,0.2,0,VIP High-Value Customers
10372,60,65695.6693148835,15,9,6,8,5,206.9057024789108,50.55012565453466,181.79064353669335,55.411273540369436,43.40301340344339,27.99932856961792,2,1,1,0,0,0,0,9,9.99807332339344,3,1,10.0,666.0020549997316,6,3,12,4,4.122992790164401,Male,High School,Married,566.0600871835695,19,4,1,39,28.303004359178477,9056.961394937112,0.15,0,VIP High-Value Customers
10373,56,68003.79334200526,15,6,5,3,3,243.70792673166122,21.432580563243807,187.67674122576113,112.0277238776634,40.18820068075617,14.854886605948426,3,2,0,1,0,0,0,15,14.648627798546922,2,1,5.825729631773457,568.4877956060856,8,8,15,3,3.906868491497461,Female,Graduate,Single,619.8880596850341,11,6,1,52,51.65733830708618,9918.208954960546,0.16666666666666666,0,VIP High-Value Customers
10374,43,42083.6034493677,4,5,5,6,4,225.18890521691102,13.049787553238108,155.7169718936311,94.00929983222264,31.94239588616604,30.17957408305592,0,2,0,0,0,0,0,11,7.511750998388559,4,0,8.543966824896431,483.23190815678754,11,4,5,1,3.759411701927606,Male,High School,Married,550.0869344652249,15,3,0,36,34.380433404076555,2750.434672326124,0.25,1,Loyal Regular Customers
10375,48,76033.28550794802,7,9,2,10,2,133.49824859184582,20.12162530268696,198.48223436088674,79.06033940993096,32.1500026511255,68.86646713383324,1,0,0,0,0,0,0,11,6.4258194758899165,3,0,7.550177107098175,705.2104268359069,11,4,7,0,3.4326672504132616,Female,Postgraduate,Married,532.1789174503092,14,2,0,42,35.47859449668728,4257.431339602474,0.2,1,Loyal Regular Customers
10376,68,29079.71477229062,13,3,6,10,1,145.1398492640068,24.785413668814936,63.497312943996974,72.68016917578223,35.19196948386074,52.76830119218146,0,2,0,0,0,0,0,9,1.0,1,0,8.629703039917057,807.9968855764682,7,2,11,3,3.6109209732104492,Female,High School,Divorced,394.06301572864317,17,3,0,32,21.892389762702397,5516.882220201004,0.05555555555555555,1,Loyal Regular Customers
10377,65,65336.260811974054,3,8,5,2,1,135.69598331669238,25.724186666013324,147.7175471468175,19.826838374508576,35.67263059077177,93.0845288125297,0,1,0,0,0,0,0,15,6.059289579880468,2,1,8.767841797345119,305.4884585442212,15,2,8,1,3.664940809395377,Female,PhD,Divorced,457.72171490733325,8,2,0,48,50.85796832303703,1830.886859629333,0.2222222222222222,0,VIP High-Value Customers
10378,50,59264.557195271846,15,9,4,6,3,44.57212193121864,7.218320896499108,74.93965413020246,50.117629433749265,8.637354764138166,72.61289365417028,2,2,1,0,0,0,0,13,10.273301560210559,0,1,9.213447823498536,928.4561690643006,5,1,12,0,4.274568639720993,Male,Postgraduate,Single,258.0979748099779,13,5,1,40,18.43556962928414,4129.567596959647,0.0,1,Loyal Regular Customers
10379,54,57858.03643684391,9,10,7,9,0,62.251175737390916,15.454238689710284,202.05945213009232,96.513097153388,2.4024088764672378,79.10927008086998,2,2,0,0,0,0,0,15,8.969227643043956,0,0,6.9300798834809685,754.4821726808427,7,4,4,0,3.997295805609935,Male,Graduate,Single,457.7896426679187,16,5,0,40,26.92880250987757,4577.896426679187,0.0,1,Loyal Regular Customers
10380,52,38797.860426349696,8,8,5,3,4,178.9104803958541,35.79221345366506,173.94766701314975,147.67163896137143,14.450636400228705,83.89507483860893,2,1,0,0,0,0,0,10,10.788423669465576,0,1,5.275259021951011,825.9233111397439,8,1,12,0,3.83591839694445,Female,Graduate,Married,634.667711062878,12,4,0,39,48.82059315868292,5712.009399565902,0.0,0,VIP High-Value Customers
10381,40,43133.60392080134,4,7,6,7,2,104.49645078711286,20.801414256009245,295.0387938582404,11.320627031133823,21.414440852270378,72.84493771390844,0,1,1,0,1,0,0,20,13.196740718306124,4,0,10.0,1245.8757065068594,7,4,13,1,2.3285827003994455,Male,Postgraduate,Single,525.9166644986751,15,2,2,51,32.869791531167195,2629.583322493376,0.25,1,Loyal Regular Customers
10382,51,89138.43645037076,13,6,6,7,6,26.043826550006667,10.693609023036359,130.04182907639498,8.510255959929463,70.14527004478134,57.91011551990294,1,0,1,0,0,0,0,9,6.769169294878685,1,1,7.049338271977367,714.7827218802763,3,2,10,2,4.989566831893249,Female,Graduate,Single,303.34490617405174,19,2,1,30,15.167245308702586,4246.828686436725,0.05,1,Loyal Regular Customers
10383,42,81872.79015969156,1,7,6,4,4,137.3366182395342,14.043731033922764,293.9864669693391,17.139412845612647,55.81317943666967,63.16667132672617,2,0,1,0,0,0,0,14,5.142344693699149,2,2,5.272680934930969,84.29355264991199,5,4,9,1,4.6998627155676,Male,Postgraduate,Married,581.4860798518046,14,3,1,39,38.76573865678697,1162.9721597036091,0.13333333333333333,1,Loyal Regular Customers
10384,52,73357.52259342838,1,7,3,7,2,66.10833021020909,28.05727181124064,147.0210293114885,41.12641855391296,14.705626174398096,81.05317011377046,3,0,1,0,0,0,0,13,10.193514722529406,1,0,7.98298467741166,294.42671369840315,9,5,11,0,3.4302302453200793,Male,Postgraduate,Married,378.07184617501974,12,4,1,45,29.08244970577075,756.1436923500395,0.07692307692307693,1,Loyal Regular Customers
10385,22,76917.26586353438,1,9,5,8,5,60.13654645149833,8.708356907624303,234.85770709483054,161.92956557658331,22.875299714047483,23.09021744324455,1,2,0,0,1,0,0,8,8.244026664486256,3,0,7.298854795809244,169.88781753543316,9,2,7,0,3.9334742283563804,Female,High School,Married,511.5976931878285,18,4,1,35,26.926194378306764,1023.195386375657,0.15789473684210525,1,Loyal Regular Customers
10386,37,75228.24380408284,1,6,4,5,1,43.49808573296517,78.79634370731719,95.8191194498807,41.77559202753029,23.626031312426306,120.80028422012391,1,2,0,1,0,0,0,10,4.843572920290449,1,0,8.704718131904565,856.5015933823186,8,0,13,1,4.130623227631972,Male,Graduate,Married,404.3154564502436,10,4,1,37,36.75595058638578,808.6309129004871,0.09090909090909091,1,Loyal Regular Customers
10387,44,54179.588178848244,8,7,8,8,7,76.74666105471026,9.265124587794384,162.21915739203519,30.88230929858056,108.25140787853371,17.256371835892445,1,2,0,0,0,0,0,13,4.197338581528662,3,0,7.427497611909759,840.7638968282275,7,2,12,0,4.849116204143036,Female,Postgraduate,Single,404.6210320475465,23,4,0,41,16.85920966864777,3641.5892884279187,0.125,1,Loyal Regular Customers
10388,61,60856.86393265832,3,3,3,7,2,19.3876557954218,53.40196771502309,152.01531932935205,15.233566334891519,35.85886396240594,15.233662632919632,3,1,0,0,0,1,0,9,10.614430868762867,7,0,9.465940542581295,948.7437427843156,3,5,6,3,4.856462542531094,Male,Graduate,Divorced,291.131035770014,12,5,1,26,22.394695059231847,1164.524143080056,0.5384615384615384,1,Loyal Regular Customers
10389,50,33494.849195261835,15,4,2,12,1,66.00857191250215,107.88472563706986,304.97840307104775,43.26514301725318,102.75328433084839,36.06790090756248,3,2,0,0,0,0,0,6,8.585806791271503,0,0,7.541925988638816,698.0536444810864,15,3,9,0,3.9203000914150707,Male,High School,Single,660.9580288762838,15,6,0,37,41.30987680476774,10575.328462020541,0.0,0,VIP High-Value Customers
10390,22,58385.47871746453,6,7,1,8,5,180.13391552477634,10.30498152663625,151.7628325473538,193.75220586630456,45.04234242832938,42.18748612698632,2,1,1,0,0,0,0,12,4.144196859800479,6,0,5.6198254093059195,925.3067377506343,9,2,10,0,3.0652365881859183,Female,High School,Married,623.1837640203867,14,4,1,40,41.54558426802578,4362.286348142707,0.4,0,VIP High-Value Customers
10391,59,81301.45649170535,3,8,7,11,3,155.870635211145,12.53962751074629,152.77299737128777,21.317383871352934,35.81254262591591,51.365007863433206,1,2,1,1,0,0,0,12,8.511596847143322,1,2,8.44693560407806,102.93833659148333,12,7,10,1,4.319439299272898,Male,PhD,Married,429.67819445388113,21,4,2,49,19.530827020630962,1718.7127778155245,0.045454545454545456,1,Loyal Regular Customers
10392,65,48107.26953137156,11,7,3,5,1,225.89050375392202,28.42530508447183,465.0396017135083,24.219074568792422,3.444451009628382,50.583338267767225,0,2,0,0,0,1,0,15,4.660323150787353,0,1,5.76793543930152,490.77943058938234,11,0,10,1,5.0,Female,High School,Single,797.6022743980902,9,3,1,43,79.76022743980903,9571.227292777083,0.0,0,VIP High-Value Customers
10393,43,78416.54168437008,5,10,2,7,6,163.93329596387642,22.749882659592686,257.16235218037,76.78772047653491,27.750058839164467,31.496097859285584,0,1,0,0,0,0,0,11,10.030778674655465,3,0,7.704945311242672,270.71879153020416,12,1,9,2,3.4994093948161593,Female,High School,Married,579.879407978824,15,2,0,43,36.2424629986765,3479.276447872944,0.1875,1,Loyal Regular Customers
10394,69,61648.54329648773,13,6,4,5,5,14.92542986783804,64.67206417638687,133.45175544573078,101.73689963613366,51.50212766219427,28.582515454529563,0,1,1,0,0,0,0,9,10.861213521741353,0,0,9.160855038806792,94.68239002646078,10,3,8,1,4.017534625502712,Female,Graduate,Single,394.8707922428132,14,2,1,36,26.324719482854213,5528.191091399385,0.0,1,Loyal Regular Customers
10395,51,35063.30641794482,15,7,6,3,4,102.92808538759083,26.913422318232172,221.27472195700125,26.943959509690163,19.318001851682453,61.10544413587909,2,1,0,0,0,0,0,6,10.925378427900519,1,0,6.55163099321309,948.3043902238334,5,2,13,0,4.075830108352926,Male,High School,Married,458.483635160076,13,4,0,33,32.74883108286257,7335.738162561216,0.07142857142857142,0,VIP High-Value Customers
10396,66,40068.248759766386,14,7,2,11,4,97.5211444519615,15.201347953481502,271.6689616402746,45.7117773129143,71.36952508754493,93.28941699790674,0,0,0,0,0,0,0,9,9.061638632707998,1,0,8.431731571090484,200.5034079075694,8,2,12,1,3.5495278838520243,Female,Graduate,Married,594.7621734440836,17,1,0,38,33.04234296911576,8921.432601661254,0.05555555555555555,0,VIP High-Value Customers
10397,41,76547.45165473959,13,9,7,7,3,61.300858344954875,55.81962345634349,170.55400741552322,71.89796288470932,70.01365408340878,26.900623626899918,1,0,0,0,0,0,0,7,8.736657148490172,1,1,7.949763824336065,461.28249402326486,8,3,6,1,2.773489123900987,Female,Graduate,Divorced,456.4867298118396,17,2,0,33,25.360373878435535,6390.814217365754,0.05555555555555555,1,Loyal Regular Customers
10398,42,69945.43353465093,15,7,4,8,4,43.51185680243647,24.868998636461676,251.55174426786007,45.20575831410886,6.058679449545691,7.198297748913959,2,2,1,0,0,0,0,10,7.584139105703843,2,1,6.676253117989,623.0586939917948,7,5,18,1,3.159729442613398,Female,Graduate,Married,378.3953352193267,16,5,1,47,22.25854913054863,6054.325363509227,0.11764705882352941,1,Loyal Regular Customers
10399,21,59642.99767046553,7,9,10,8,2,173.64114738860488,14.851494774854174,162.02294166427467,67.39289674677977,5.774529785239162,15.863852130827862,2,2,1,0,0,0,0,8,5.426698975251927,1,1,9.673991935324143,297.2962174983694,6,0,9,3,4.3377901736457725,Female,High School,Married,439.54686249058057,20,5,1,32,20.930802975741933,3516.3748999246445,0.047619047619047616,1,Loyal Regular Customers
10400,46,55067.42734353698,2,4,8,8,3,120.45995197409994,17.145292215255495,306.25363451405394,80.69711220625979,80.89772756339886,30.21129097509138,3,2,0,0,0,0,0,10,11.586946486095384,3,0,8.43471858165832,37.72105330694967,8,1,13,0,3.9763219904463543,Female,Graduate,Married,635.6650094481594,19,6,0,36,31.783250472407968,1906.9950283444782,0.15,1,Loyal Regular Customers
10401,61,63790.223597314536,6,6,6,1,0,55.05975289949719,9.93909330372454,42.599367335632806,40.73782373539632,15.233806834183179,12.167954204497924,1,0,0,0,0,1,0,12,9.959932839293911,0,4,9.478348503983455,538.428073000701,8,5,14,0,3.9643419284734684,Female,PhD,Single,175.73779831293197,7,2,1,45,21.967224789116496,1230.1645881905238,0.0,1,Loyal Regular Customers
10402,21,75845.33248655849,13,7,7,2,3,39.56800007254272,3.693996165957794,86.41606897067385,32.18004404087878,16.412643015103306,76.0010337458314,0,2,0,0,0,0,0,5,5.538957851037972,2,0,6.4029117499889825,366.6656490486278,11,1,13,1,3.2397494132634,Female,Graduate,Married,254.27178601098785,12,3,0,37,19.559368154691374,3559.80500415383,0.15384615384615385,1,Loyal Regular Customers
10403,45,86565.35904877112,6,6,3,4,3,202.997917547971,10.91783043861871,123.34057177925054,11.42113252776641,6.943993691556845,30.61968020861158,1,1,0,0,0,0,0,5,3.2424220919341744,2,2,7.7232767496847465,971.1750583411958,6,4,7,0,4.070786349696009,Male,Graduate,Single,386.2411261937751,10,3,0,28,35.11282965397955,2703.6878833564256,0.18181818181818182,1,Loyal Regular Customers
10404,36,87426.31558993089,11,13,4,4,2,182.55494752929818,27.43223003217277,251.19842458587817,13.13957237044977,22.142369915237698,80.62520024095855,1,1,0,0,0,0,0,8,6.377515332594403,4,1,9.142268636751108,575.761046420888,12,4,10,0,4.184639904326883,Female,Postgraduate,Single,577.0927446739952,10,3,0,47,52.462976788545014,6925.112936087942,0.36363636363636365,0,VIP High-Value Customers
10405,59,66695.27821365297,3,11,8,5,3,185.45376486128157,24.395120397407005,197.34159239789918,14.6255594008383,21.801690827001035,57.17348200765391,2,0,0,0,0,0,0,8,12.00320764128486,0,1,7.677525782713401,648.2632249453284,7,1,9,0,3.6189847553134613,Male,High School,Single,500.791209892081,16,3,0,36,29.458306464240056,2003.164839568324,0.0,1,Loyal Regular Customers
10406,52,56905.22957343863,6,7,5,11,3,178.2617226889167,7.90344460006263,98.54790782473387,80.63640525744616,17.68895850338734,81.39393107696833,0,1,0,1,0,0,0,11,9.495454461035497,2,1,10.0,0.0,6,6,11,2,4.0465816014610905,Male,Postgraduate,Married,464.43236995151506,19,2,1,41,23.221618497575754,3251.026589660605,0.1,1,Loyal Regular Customers
10407,28,62632.4641407394,10,5,4,9,1,178.17297331947464,15.467698400842206,174.3323301106878,110.57790546175082,84.02441610410739,84.90813670754076,0,1,0,1,0,0,0,13,8.709586576566453,1,2,6.682670050131424,618.8260433670657,12,1,15,0,3.74548205086785,Female,Postgraduate,Married,647.4834601044035,14,2,1,46,43.16556400696024,7122.318061148439,0.06666666666666667,0,VIP High-Value Customers
10408,62,69398.16643059143,10,8,4,2,1,166.50933511654785,50.59360787405999,44.17419707880495,14.857238832667012,80.68493255383612,146.29587622026293,0,2,0,1,0,0,0,13,11.970318188556096,2,0,7.616010362218921,473.114020750719,6,0,13,0,4.0960511961850985,Male,Postgraduate,Married,503.11518767617883,7,3,1,40,62.889398459522354,5534.267064437967,0.25,0,VIP High-Value Customers
10409,67,69325.20498921165,14,6,5,7,1,82.80801108325781,47.63695361607388,58.29150137380687,70.71951680116301,27.002524607920325,1.8452736079358414,3,1,0,0,0,0,1,11,1.8251537172035786,1,0,8.870768144763005,865.5497285663448,5,6,13,0,4.908228829741404,Female,High School,Married,288.30378109015777,13,5,1,41,20.593127220725556,4324.5567163523665,0.07142857142857142,1,Loyal Regular Customers
10410,58,83543.7594685219,5,10,5,9,2,176.60030237802476,34.19078910847473,52.53858956178172,14.23089733233718,63.57741103791378,76.80234882204246,1,1,0,0,0,0,0,15,7.758880975848143,0,0,8.200305692825022,327.6669588546739,11,5,10,0,3.4697913312374093,Female,PhD,Married,417.9403382405747,16,3,0,51,24.584725778857337,2507.6420294434483,0.0,1,Loyal Regular Customers
10411,48,98083.60299449979,12,6,4,5,2,131.8976454648116,11.968126496604226,76.45116358627423,6.275515919468544,35.71898033098045,60.948576250559206,2,0,0,0,0,0,0,10,11.687077523604506,5,0,8.023992264418613,629.2191692241693,9,2,6,1,5.0,Female,Graduate,Single,323.26000804869824,11,3,0,33,26.938334004058188,4202.380104633077,0.4166666666666667,1,Loyal Regular Customers
10412,61,56305.41666694645,2,9,3,9,1,67.43847366511666,64.24081019164073,244.8875559333415,142.11253851170437,64.78502251045381,101.26035557886331,2,1,0,0,0,1,0,10,4.987962853480097,4,0,8.107002919326666,233.6504583656482,9,2,8,1,5.0,Male,Graduate,Single,684.7247563911205,13,4,1,38,48.908911170794326,2054.1742691733616,0.2857142857142857,0,VIP High-Value Customers
10413,45,98805.92835884032,9,5,6,10,3,121.91084635784746,28.574507196319242,201.56962173971053,16.48547557685012,90.23556533946225,17.847545390383363,2,1,1,1,0,0,0,15,5.373605604303489,1,0,4.677093343488877,133.4528370660194,9,3,6,0,4.462960375222132,Male,Graduate,Single,476.62356160057294,19,4,2,38,23.831178080028646,4766.23561600573,0.05,1,Loyal Regular Customers
10414,54,81100.30644165108,8,8,8,2,3,243.72079022702212,17.03052184263764,136.07297451989825,41.11316318678859,31.3887360457846,32.84743204013355,0,2,1,0,0,0,0,18,7.365940315742876,3,0,7.260966742038669,367.1246376586747,9,3,11,0,4.739332006207584,Female,Graduate,Married,502.17361786226473,13,3,1,49,35.86954413301891,4519.562560760382,0.21428571428571427,1,Loyal Regular Customers
10415,69,58185.186176666255,3,12,5,8,0,145.83519243314905,12.410930483758529,249.48864142161105,5.254511749153249,0.44091962236538185,59.984198146881454,0,2,0,0,0,0,0,11,6.399816587426854,4,0,7.956748607024295,403.1839084153603,4,2,6,2,3.683474017471615,Female,Postgraduate,Divorced,473.4143938569187,13,3,0,35,33.81531384692276,1893.6575754276748,0.2857142857142857,1,Loyal Regular Customers
10416,44,86974.16709957144,8,4,5,9,2,157.00495711611745,54.01302081199069,317.42158126109473,78.83134568102123,65.17016564956418,49.346836478119634,2,2,0,0,1,1,0,8,6.846627237531029,1,1,8.122348410658534,230.01228284749772,8,2,7,0,4.003603496670817,Male,Graduate,Single,721.787906997908,16,5,2,29,42.45811217634753,6496.091162981172,0.058823529411764705,0,VIP High-Value Customers
10417,43,90341.66942554497,14,7,3,6,2,58.23925607651769,1.0291821112840158,78.72875609625875,34.612713965530276,17.736717743147,18.045604645272096,1,0,0,0,0,0,0,15,8.485913776245338,1,0,6.201771418384405,435.4367012500152,4,5,13,0,4.156685941397123,Male,High School,Single,208.39223063800986,11,2,0,44,17.366019219834154,3125.883459570148,0.08333333333333333,1,Loyal Regular Customers
10418,32,51714.68200451076,9,7,5,6,6,70.33748800863731,40.05823829518523,299.98239298494286,46.06402551859893,54.497297807786126,25.463416086914236,2,2,0,0,0,0,0,12,6.302303623140139,0,0,7.950465339349383,586.7209308091753,11,3,8,1,4.557222637885924,Male,Postgraduate,Single,536.4028587020647,17,5,0,41,29.800158816781373,5364.028587020647,0.0,1,Loyal Regular Customers
10419,26,91179.87454474167,14,5,5,7,4,132.16397715103025,21.78855710359169,98.04720207865645,47.31712641509014,129.06099484691597,114.43026408241984,1,1,1,0,0,0,0,14,7.013422650396002,5,0,8.211125854863885,722.9781154058206,9,4,7,0,3.991526629495089,Female,High School,Divorced,542.8081216777043,16,3,1,39,31.929889510453194,8142.121825165565,0.29411764705882354,0,VIP High-Value Customers
10420,55,79351.49077864733,15,8,10,4,2,110.39493970901292,70.2176535470364,109.52850402750933,16.781329584869344,31.349270603733565,25.00554588623345,2,0,0,0,0,0,0,16,5.522609093014575,3,1,7.905909853687649,0.0,5,4,11,2,4.838478429480147,Male,Postgraduate,Married,363.27724335839497,16,3,0,44,21.36924960931735,5812.4358937343195,0.17647058823529413,1,Loyal Regular Customers
10421,64,102634.06430362546,3,9,4,14,5,99.92755760738429,132.76379895199372,413.3135747304771,22.097862874401176,84.21460464582795,82.53292706910473,1,1,0,0,0,1,0,9,7.418004218737366,4,2,7.525090389075732,513.3396140200971,6,5,8,3,4.982380612368084,Female,Graduate,Divorced,834.850325879189,23,3,1,37,34.78543024496621,3339.401303516756,0.16666666666666666,0,VIP High-Value Customers
10422,39,52367.30552400902,3,10,4,14,2,58.86958577894718,17.150983974389348,178.1282173858724,12.983487999465954,55.230177665299195,9.9894109950699,2,1,0,0,0,0,0,7,8.585455258184219,0,0,6.217731652395127,0.0,7,0,16,1,3.9878584785062454,Male,Postgraduate,Married,332.351863799044,20,4,0,40,15.826279228525905,1329.407455196176,0.0,1,Loyal Regular Customers
10423,20,53638.318612752075,2,8,9,5,5,69.28065045939786,64.89808863754357,119.61730202450352,55.7663805048402,79.16561075322822,31.506797943538384,3,2,1,0,0,0,0,16,8.336550449229817,2,1,6.432259793943881,866.0736700539023,8,2,8,0,3.492156089936275,Female,Graduate,Married,420.23483032305177,19,6,1,42,21.01174151615259,1260.7044909691554,0.1,1,Loyal Regular Customers
10424,27,23520.08166461988,8,7,5,11,3,41.263946701384135,41.50567349547697,224.3233137566883,46.172581298278914,49.19437046525394,24.355497950718338,3,0,0,0,1,1,0,8,6.17605592808027,2,0,7.99754812714378,498.7109214113636,8,3,12,1,4.847026063846941,Male,Postgraduate,Single,426.81538366780063,19,4,2,38,21.34076918339003,3841.3384530102057,0.1,1,Loyal Regular Customers
10425,65,70281.49057022332,10,8,4,7,2,87.15748505663456,38.28802063014964,267.28224321019303,41.42585475201101,45.21538356924734,51.35805573169849,0,0,0,0,1,0,0,13,5.7501288631882925,2,0,4.400781844162806,469.8763977199748,9,4,10,1,4.270073907208372,Male,Graduate,Married,530.7270429499341,13,1,1,44,37.90907449642386,5837.997472449275,0.14285714285714285,0,VIP High-Value Customers
10426,35,66754.52260113694,1,7,2,11,2,110.86610889383755,8.079772749724048,179.40127449798908,71.36708848731887,43.236792792617464,24.790906768552293,0,2,0,0,1,0,0,9,6.85384425390131,2,2,9.205425089996755,284.63289754908476,11,3,12,0,4.062671985618073,Female,High School,Married,437.7419441900393,15,3,1,42,27.358871511877457,875.4838883800786,0.125,1,Loyal Regular Customers
10427,33,49866.113912358,8,6,4,10,4,116.0244929571231,20.334956405999417,119.67495144120875,54.12882602275077,30.889198900115428,25.0152714044468,0,0,0,0,0,0,0,6,6.753828181086574,2,1,6.9142944382081275,475.76057792044975,7,3,12,3,3.4361938425777705,Female,Graduate,Divorced,366.0676971316443,18,1,0,34,19.26672090166549,3294.609274184799,0.10526315789473684,1,Loyal Regular Customers
10428,31,58526.68683321495,7,7,4,6,3,239.08611548457034,63.06401004169457,196.51885373162062,37.13685916854537,147.13530353966993,149.35393689634373,0,1,0,0,0,0,0,8,4.631352071370811,4,0,8.108126828001774,182.59140126042485,5,6,17,0,4.097895184295473,Male,High School,Divorced,832.2950788624446,13,2,0,43,59.44964849017462,6658.360630899557,0.2857142857142857,0,VIP High-Value Customers
10429,70,36398.021816847926,14,8,5,12,4,24.54924762392972,76.292945692103,232.84970572726823,72.76837429660999,37.55358738185702,23.172197478946433,2,0,1,0,0,0,0,14,5.099262772763846,3,1,9.290145838916287,923.137361742843,10,4,11,3,3.8746633134689636,Male,Postgraduate,Single,467.1860582007144,21,3,1,47,21.23572991821429,7007.790873010716,0.13636363636363635,1,Loyal Regular Customers
10430,42,81572.00915097035,7,5,2,4,7,317.5579849625394,93.44974304997797,148.67917126270265,24.38598079765991,60.26938540912529,91.10361933335788,3,1,0,0,0,0,1,10,9.532609706316192,2,1,5.704861013678232,238.1820222618764,9,1,7,2,2.8557845491443112,Male,Postgraduate,Single,735.4458848153632,13,5,1,32,52.53184891538309,5883.567078522906,0.14285714285714285,0,VIP High-Value Customers
10431,34,51185.409458490416,3,2,8,9,4,178.42040650307916,20.421565630878987,399.3049588913409,10.98081208858639,9.791428419428554,82.2307825947528,0,0,1,0,0,0,0,8,1.0,6,0,8.150556618296324,675.4001576551606,6,4,10,1,4.380169561340158,Male,Graduate,Single,701.1499541280668,21,1,1,30,31.870452460366675,2804.5998165122674,0.2727272727272727,0,VIP High-Value Customers
10432,47,110127.65141259396,1,7,3,9,5,127.71410437865477,46.603806234337256,191.63276262029245,33.30298615553317,119.46897240634817,60.98295974938282,1,0,1,0,1,1,0,17,9.732412671241867,3,1,7.147696339798439,340.1234583915281,7,8,7,0,4.516481201696698,Male,Postgraduate,Married,579.7055915445487,17,2,3,46,32.205866196919374,1159.4111830890974,0.16666666666666666,1,Loyal Regular Customers
10433,53,56839.17658720141,4,11,5,3,1,65.69373070478011,21.19502626481415,258.8564184242521,23.725665187174773,75.27789006622045,44.90964915269406,1,2,0,1,0,0,1,13,9.025213736963051,3,0,4.961381471820798,628.5113833716545,9,5,10,2,3.9284483559554455,Female,Postgraduate,Single,489.65837979993563,9,4,2,48,48.965837979993566,2448.2918989996783,0.3,0,VIP High-Value Customers
10434,21,46326.86086113042,9,9,4,10,2,90.60149969893065,35.988682605217576,263.3256272522059,93.18959829245165,16.513397262598293,51.90169223625039,0,2,0,0,0,0,0,7,10.643641209861624,2,0,9.818535745238586,429.8193117836015,9,2,13,1,4.119995160638778,Male,Graduate,Divorced,551.5204973476544,16,3,0,40,32.442382196920846,5515.204973476544,0.11764705882352941,0,VIP High-Value Customers
10435,51,52578.36386277249,5,5,5,11,4,176.12268860866843,46.10282468841578,59.91742824612291,69.99262823184705,48.513164357032096,29.546026074393943,0,0,0,0,0,0,0,13,7.7374247835556975,1,1,6.08751250949715,683.1408300038989,4,3,13,0,5.0,Male,High School,Married,430.1947602064802,20,1,0,38,20.485464771737153,2581.1685612388815,0.047619047619047616,1,Loyal Regular Customers
10436,42,34584.702422203474,1,4,7,5,0,74.03266299265367,21.90660581496924,224.98890239884383,18.720591446252246,48.12644450202178,31.990559789858967,0,1,0,1,0,0,0,14,11.47123029844154,1,1,9.37857350834199,777.5163459912427,3,6,9,2,4.185763226065671,Male,Postgraduate,Single,419.76576694459976,12,2,1,36,32.28967438035383,839.5315338891995,0.07692307692307693,1,Loyal Regular Customers
10437,41,68680.89403265296,15,2,6,4,3,185.92828990490958,48.85076677481041,237.99467769449623,15.935664110582634,63.43364332660411,32.47258130832599,2,2,1,0,0,0,0,12,10.725865249028534,2,0,5.810840862052973,409.5573781721568,13,3,7,4,4.292711752139192,Male,Postgraduate,Married,584.615623119729,13,5,1,37,41.758258794266354,9353.849969915664,0.14285714285714285,0,VIP High-Value Customers
10438,70,52441.8054039758,5,6,7,13,1,120.23418986780021,27.379148422663604,118.41115676291818,24.967175601764506,31.419935018621636,45.03705623148479,1,2,0,0,0,1,0,14,15.17728306477679,5,0,5.303152997755133,566.904967188102,9,2,12,0,4.122369903708357,Male,Postgraduate,Married,367.4486619052529,21,4,1,43,16.70221190478422,2204.6919714315172,0.22727272727272727,1,Loyal Regular Customers
10439,44,80362.55022715928,13,7,3,9,2,119.94793305827243,30.868878850980025,107.00439838147061,38.46376334550178,12.106196241627076,91.88233641694647,1,2,0,0,0,0,0,10,14.875468111433545,2,0,5.69988684341135,981.8816251420935,10,2,9,0,4.997231037656757,Female,Graduate,Divorced,400.2735062947984,14,4,0,38,26.684900419653225,5603.829088127177,0.13333333333333333,1,Loyal Regular Customers
10440,41,55054.54508686048,8,6,8,5,2,176.32839042325273,8.208729250939431,59.214920838328226,40.85538454335728,40.856898545143935,120.30861125568974,1,0,0,0,0,0,0,14,7.913311281193783,0,1,5.904565487512436,505.0374972713149,4,2,11,0,4.703675604522791,Male,Graduate,Married,445.7729348567114,15,2,0,37,27.860808428544463,4011.9564137104026,0.0,1,Loyal Regular Customers
10441,41,84919.95801034164,8,9,3,9,3,55.1662308022889,19.449026966995373,333.83487752325794,24.679972543036037,14.834496901503297,33.596039973433186,3,1,1,1,0,0,0,9,17.596519588008523,2,0,6.113426598065287,642.6557088803343,4,3,8,1,4.9666400430917435,Female,Graduate,Single,481.56064471051474,15,5,2,33,30.09754029440717,4334.045802394633,0.125,1,Loyal Regular Customers
10442,68,73634.20348770673,5,6,6,12,3,98.42069546331626,19.75231263850786,94.9602256702172,48.987262437465525,132.2084916405624,20.326008210475358,2,1,0,0,0,0,0,13,7.913311281193783,2,0,8.678859308942398,696.6342709611995,9,3,14,2,4.41256915980116,Female,Postgraduate,Married,414.6549960605446,21,4,0,45,18.84795436638839,2487.9299763632675,0.09090909090909091,1,Loyal Regular Customers
10443,61,60514.741980930194,12,6,6,6,3,111.27144076780685,140.59541238153707,61.10738438802997,21.959162367907755,41.62111357398804,83.95397765514232,3,0,0,0,0,0,0,14,7.318316626317159,4,1,10.0,219.99635676879723,8,2,7,0,4.631405960860241,Female,Graduate,Single,460.508491134412,15,4,0,37,28.78178069590075,5986.610384747356,0.25,0,VIP High-Value Customers
10444,25,88444.1865723148,9,6,6,5,3,171.4160958239811,16.108237372000566,132.29492518015357,118.12968829345326,7.590155927011464,23.022067075034897,2,1,1,0,0,0,0,11,4.1787940580507374,0,1,9.63828976944042,138.65655801676485,10,2,5,3,3.395479782344126,Female,High School,Married,468.56116967163484,14,4,1,34,31.237411311442322,4685.611696716349,0.0,1,Loyal Regular Customers
10445,34,77141.28229866977,15,7,3,7,2,227.50835560689617,30.405904219338836,84.38275261991927,34.81877588399675,25.10327819573832,34.18941209682154,1,2,1,0,1,0,0,11,6.536509155576622,2,0,7.561652015766312,514.9330611729039,10,4,10,1,4.004046875550163,Female,PhD,Single,436.40847862271096,12,4,2,42,33.569882970977766,6982.535657963375,0.15384615384615385,0,VIP High-Value Customers
10446,62,110127.65141259396,1,7,1,9,3,51.907718416815264,16.4089954530462,60.387458169127214,73.74530267827586,40.918140774287515,37.09824975811188,1,1,0,0,0,0,0,17,6.810251183596744,2,1,7.127803566482693,397.5412331698903,6,3,10,2,4.414393486730846,Female,High School,Divorced,280.4658652496639,13,3,0,43,20.033276089261708,560.9317304993278,0.14285714285714285,1,Loyal Regular Customers
10447,56,52629.805590392316,4,10,6,5,1,120.80594903638385,27.439013224606686,510.1055701055185,78.95127983272478,148.53324203524343,37.10909414063931,3,2,0,0,0,0,0,13,9.684133924134589,1,0,7.101664286351705,254.28862478889832,7,4,6,0,4.970973532573387,Male,PhD,Married,856.2110599076855,12,6,0,40,70.99570372116281,4614.7207418755825,0.07692307692307693,0,VIP High-Value Customers
10448,52,61379.08989825229,3,9,5,4,3,49.08236790831138,35.48593546857764,80.98685564620148,39.541864700589215,12.751108610179331,64.55568515461435,1,2,0,0,0,0,0,9,5.281110191043764,3,1,4.192545911431324,0.0,10,1,10,0,4.794754173282896,Female,High School,Married,282.40381748847335,12,4,0,39,21.723370576036412,1129.6152699538934,0.23076923076923078,1,Loyal Regular Customers
10449,27,88236.76219819674,2,7,2,7,3,120.15626259015313,13.564144242011942,98.84093386883563,26.803561315383973,9.803818995276071,98.79039534432339,0,0,0,0,0,1,0,14,7.879755694268317,2,1,7.795330777355973,416.6393458677495,7,3,9,2,3.85224417428177,Male,Postgraduate,Single,367.9591163559841,12,1,1,40,28.30454741199878,1103.8773490679523,0.15384615384615385,1,Loyal Regular Customers
10450,63,32216.319386967978,15,4,4,7,5,157.72610019460313,60.09657879695083,173.99533221988992,11.019557990586144,36.05732252538998,158.06737881447825,2,2,0,0,1,0,0,9,10.084729877178582,3,1,8.301184245146873,461.34248068722115,5,2,9,0,3.8155354021489165,Male,High School,Married,596.9622705418982,16,5,1,29,35.11542767893519,9551.396328670371,0.17647058823529413,0,VIP High-Value Customers
10451,63,83704.98413818612,8,8,10,8,6,90.66249721888545,14.207933575250152,59.72415931506763,20.429060776267395,36.33914414931582,54.67271622120333,1,1,1,0,0,0,0,14,5.087212295905651,0,0,6.12901147772278,639.7963828902867,8,4,10,2,3.7573335216837154,Male,High School,Single,276.0355112559898,24,3,1,44,11.041420450239592,2484.319601303908,0.0,1,Loyal Regular Customers
10452,24,67907.44963826648,7,6,3,6,1,234.28032430620198,7.062508923173315,152.86728019195573,34.990994611929416,43.7443908950387,18.45505149256758,0,1,0,0,0,0,0,7,7.615391264515627,2,1,5.340547001574272,469.3009869304907,9,0,15,1,3.021408834405878,Male,High School,Single,491.4005504208667,10,2,0,37,44.67277731098788,3931.2044033669335,0.18181818181818182,0,VIP High-Value Customers
10453,58,44012.20640194954,9,7,11,10,2,158.83557255668958,33.25483834098363,229.4681147373874,20.163170741009605,47.07366830620486,83.59572831354495,3,1,0,0,0,0,0,6,5.594273805584482,0,0,7.471535038135212,114.16021607677737,8,3,13,2,4.2491715468332405,Male,Graduate,Married,572.39109299582,23,5,0,37,23.849628874825836,5723.9109299582005,0.0,1,Loyal Regular Customers
10454,23,35465.286146079816,2,8,2,5,5,151.72260886854215,110.8105782795782,184.80237791810387,29.817073425180375,38.7692363596433,20.064765319959236,1,1,0,0,0,0,0,14,13.361049557262191,0,1,8.85646525239261,408.4636445480183,6,4,9,0,3.8409525716969783,Male,Postgraduate,Divorced,535.9866401710071,12,3,0,41,41.22974155161593,1607.9599205130214,0.0,1,Loyal Regular Customers
10455,25,47895.18948365489,14,4,3,5,3,130.48326005863984,4.90936309266402,208.387087416904,131.37643178455525,107.77339983875723,23.462056937047322,1,1,0,0,0,0,0,9,5.909118277010551,0,0,6.067261907982035,237.05913192352568,11,4,7,2,3.7959983475887524,Female,Graduate,Married,606.3915991285677,11,3,0,35,50.53263326071397,9095.873986928515,0.0,0,VIP High-Value Customers
10456,64,20000.0,14,12,3,5,3,174.68951124439545,9.424669950863128,149.55302178870866,32.76725270691985,39.94802007562622,6.812218390764734,2,2,0,0,0,0,0,10,8.949685479531006,3,0,5.904396699535268,662.2627738981687,5,1,9,1,4.954141176752865,Male,High School,Single,413.19469415727804,11,5,0,37,34.43289117977317,6197.920412359171,0.25,0,VIP High-Value Customers
10457,51,51188.290013552934,4,2,2,12,3,245.0743674776261,56.78327673131811,121.02543965070515,56.41471829120709,17.550065137174645,60.412214790323134,1,0,0,1,0,1,0,13,4.671864591010806,3,1,6.568353560911596,879.7016728003288,4,4,11,1,3.8280174528408186,Female,Graduate,Married,557.2600820783542,17,2,2,34,30.958893448797458,2786.300410391771,0.16666666666666666,1,Loyal Regular Customers
10458,49,71206.01400016647,14,8,3,13,0,135.4377920146801,16.048342395837665,210.6236594386422,79.59996546388528,61.98560768596495,79.93115161010485,2,0,0,0,0,0,0,7,5.511063219640008,1,0,8.180507897375541,499.68330506713926,9,1,4,0,3.604696692519719,Female,Postgraduate,Married,583.626518609115,16,3,0,29,34.33097168288912,8754.397779136725,0.058823529411764705,0,VIP High-Value Customers
10459,66,51426.5884625611,15,4,6,5,0,93.88597715590306,37.1347776296126,202.2205379496869,122.01664832613521,58.47634841019023,32.213862781492395,3,1,0,0,0,0,0,5,6.8345971647624975,0,1,6.394148591217973,425.62805684230915,7,3,14,1,4.713860606722626,Female,Graduate,Single,545.9481522530205,11,5,0,33,45.49567935441837,8735.170436048327,0.0,0,VIP High-Value Customers
10460,54,84989.62862580855,6,8,6,10,1,403.96135686675797,67.36962002264397,78.61566534231444,59.81928763335631,23.781289689616877,50.129564395781095,2,2,0,1,0,0,0,10,4.197641700957172,1,1,9.80294103419636,565.8217105362761,12,0,8,1,5.0,Male,PhD,Divorced,683.6767839504707,17,5,1,38,37.98204355280393,4785.737487653295,0.05555555555555555,0,VIP High-Value Customers
10461,59,89879.05684905518,11,10,7,9,3,133.35938073728727,54.14347626676319,172.47829126111455,1.4884804533847658,4.71198001053621,100.12988321332186,3,0,0,0,0,0,0,14,8.44736831303725,0,1,6.823600804407776,828.2139432288502,3,4,10,2,4.000859856644936,Male,High School,Married,466.31149194240777,19,4,0,41,23.31557459712039,5595.737903308893,0.0,1,Loyal Regular Customers
10462,35,82961.60068726394,3,3,3,9,4,110.7055867795294,35.248739147943716,155.67752230751356,49.50762459048102,23.175259530191777,83.2667072474492,1,1,1,0,0,0,0,9,3.451372912964377,2,1,6.671328378928956,0.0,12,2,14,2,3.792784460985186,Male,PhD,Divorced,457.5814396031087,16,3,1,40,26.916555270771102,1830.3257584124349,0.11764705882352941,1,Loyal Regular Customers
10463,32,59642.99767046553,8,7,5,4,3,169.3914332347025,35.74112506838017,232.85544771734905,16.202075297137338,36.93815246668012,23.928856673253662,0,2,0,0,0,1,0,13,8.168249960380258,0,1,7.595122137175014,284.45353390859873,7,2,6,1,3.960651151108858,Female,Postgraduate,Married,515.0570904575029,12,3,1,35,39.61977618903869,4635.513814117527,0.0,0,VIP High-Value Customers
10464,69,20000.0,3,6,2,12,2,31.61642955358514,35.17623740488223,195.58686577778334,24.49843381601977,3.52694807363447,52.93502532155706,3,0,0,0,0,0,0,12,8.203461397297183,6,0,8.99200873998402,302.97756398616616,5,1,6,1,4.662575811152738,Male,Graduate,Married,343.339939947462,16,4,0,30,20.19646705573306,1373.359759789848,0.35294117647058826,1,Loyal Regular Customers
10465,61,47333.44514341309,14,4,5,8,3,49.3367086694203,39.96434671298891,6.634365192001727,40.35811966187611,17.459448615886696,71.65474849740905,1,2,1,0,0,0,0,12,8.434881963505223,3,1,8.398571779399699,516.9514263370513,8,5,9,3,3.8562661444433877,Male,PhD,Married,225.40773734958276,16,4,1,38,13.259278667622516,3381.1160602437412,0.17647058823529413,1,Loyal Regular Customers
10466,49,57443.306518061036,12,7,4,7,1,25.910290885645512,79.00736301592148,315.25292881169025,78.20445820552226,9.74555689099349,25.694595336719917,3,1,0,0,0,0,0,8,10.445163019387548,4,1,4.7265618699346215,601.955489999036,7,4,11,0,4.252897695472841,Male,Graduate,Married,533.8151931464929,12,5,0,37,41.06270716511484,6939.5975109044075,0.3076923076923077,0,VIP High-Value Customers
10467,38,43910.38230891341,13,5,1,7,1,30.61522936069325,11.51709755408622,269.4141966413964,40.88105111141086,12.386828503133497,10.588453648617671,1,2,0,0,0,0,1,7,11.039714761114379,3,0,8.25914548767164,585.6906069049588,9,8,7,0,3.4581468254800005,Female,Graduate,Divorced,375.40285681933784,9,4,1,36,37.54028568193378,5255.639995470729,0.3,0,VIP High-Value Customers
10468,36,57488.901441241724,13,7,3,10,1,62.57478045213134,9.989871172367517,287.72902040389306,18.27082385276611,37.03890048498468,41.60996833517338,1,0,1,0,0,0,0,8,5.396956504506091,2,0,9.011161714492385,577.1280246979338,8,6,8,0,5.0,Male,Postgraduate,Married,457.21336470131615,14,2,1,37,30.480890980087743,6400.987105818426,0.13333333333333333,1,Loyal Regular Customers
10469,38,88981.21443648083,2,8,3,7,3,90.72624871839199,48.91410334896732,236.6392427949071,79.98402232645772,38.086935264869346,77.65189062673295,0,0,1,1,0,1,0,9,9.19306727929948,2,0,9.14672150589898,514.8656608551935,3,2,9,0,3.801729738419299,Male,Graduate,Married,572.0024430803264,13,1,3,31,40.85731736288046,1716.0073292409793,0.14285714285714285,1,Loyal Regular Customers
10470,47,30376.022468724273,13,8,8,3,3,88.02525131240796,18.142145421032396,280.36406547927214,18.98922098824866,16.512589487450512,53.92969360957785,2,2,0,0,0,0,0,15,8.027539119594701,0,0,9.74185325493611,389.97041876194726,8,4,12,2,4.337409553567262,Male,PhD,Single,475.96296629798945,14,5,0,47,31.730864419865963,6663.481528171852,0.0,0,VIP High-Value Customers
10471,45,92610.45701014248,13,4,10,6,3,112.64630850347021,90.69213544957536,127.82798714778933,1.6698206907525948,56.40872197224884,30.035217971901144,0,0,0,0,0,0,0,11,10.875312301314608,0,2,10.0,512.8509018862122,11,0,9,0,4.389579454761678,Male,Graduate,Married,419.28019173573745,19,1,0,35,20.964009586786872,5869.922684300324,0.0,1,Loyal Regular Customers
10472,56,75925.07559157447,3,7,4,4,5,146.6413918732199,38.23769950905819,263.3711918076978,24.841586410402787,62.285722446309336,79.75684862271464,3,2,1,0,0,0,0,8,6.482882913162994,2,0,7.648487245623947,0.0,6,4,9,0,4.595116343286746,Male,Graduate,Divorced,615.1344406694027,13,6,1,34,43.938174333528764,2460.5377626776108,0.14285714285714285,0,VIP High-Value Customers
10473,45,64827.90254899852,11,6,5,6,5,92.95254837724136,97.99295162768601,156.1805426591232,19.973977730442975,8.133381361378953,208.38413976727202,0,2,0,0,0,0,0,12,2.8270900084104014,2,1,7.000753602394392,288.81474977859244,6,1,9,2,3.4058046041810965,Male,PhD,Divorced,583.6175415231446,16,3,0,34,34.330443619008506,7003.410498277735,0.11764705882352941,0,VIP High-Value Customers
10474,42,47154.90199666625,6,9,6,7,5,149.66112054888092,53.323102350362404,61.259665314494924,45.410863300628925,82.32549793427998,138.1414802568168,1,1,0,0,1,0,0,14,7.378473751592811,4,0,6.283607198774244,538.9655179281178,8,5,8,1,4.249054957661867,Female,PhD,Married,530.1217297054641,18,3,1,44,27.901143668708634,3710.8521079382485,0.21052631578947367,1,Loyal Regular Customers
10475,28,44268.893781154344,2,12,3,4,3,243.84067980397225,25.401841042812734,261.2708181122197,77.05330241937268,37.24236469668569,69.94483046417346,1,1,0,1,0,0,0,6,7.870516945596017,0,2,5.713839590212912,153.96770903812507,9,6,10,4,4.262364517866429,Male,Postgraduate,Married,714.7538365392365,10,3,1,43,64.97762150356697,2144.2615096177096,0.0,0,VIP High-Value Customers
10476,31,30728.081137402685,8,6,11,6,1,345.50761459033714,32.50270103770473,185.65326610945363,18.891642417252285,56.52382423839302,66.46932038035044,0,2,0,1,0,0,0,9,11.50883312707925,0,0,6.815425783990063,182.95681043275152,11,2,12,4,3.322260236989044,Male,High School,Single,705.5483687734911,18,3,1,40,37.134124672289005,6349.93531896142,0.0,0,VIP High-Value Customers
10477,20,90901.77864565897,1,3,5,8,2,268.17618012883224,64.05508909705037,345.996222623935,43.59673901878011,56.97175971732284,41.880692791933285,3,0,0,0,0,0,0,18,10.582939692154191,4,0,6.720279937177104,456.4083311563625,8,2,8,0,3.9249257197419123,Female,Postgraduate,Married,820.6766833778538,15,4,0,39,51.29229271111586,1641.3533667557076,0.25,0,VIP High-Value Customers
10478,20,87677.00808133275,7,8,5,8,2,319.41209253985045,7.455694990509438,171.28466228729056,102.08600278357682,31.79152467265947,55.11779375503607,2,1,0,0,0,0,0,10,4.248962398708634,4,0,5.91232921457982,816.971680058776,8,4,6,0,3.0227856981098404,Male,Postgraduate,Married,687.1477710289226,15,4,0,36,42.946735689307665,5497.182168231381,0.25,0,VIP High-Value Customers
10479,66,34686.876685500916,2,9,3,14,0,114.22302351291515,66.77898875019198,97.05482306171044,17.07721771722424,68.28801611984892,4.7700112445279075,2,0,0,0,1,0,0,8,11.463159726442743,2,2,7.836309140275835,505.7825196248544,5,6,7,2,3.407409752463098,Female,Graduate,Married,368.19208040641865,17,3,1,35,20.455115578134368,1104.576241219256,0.1111111111111111,1,Loyal Regular Customers
10480,53,50052.696091688376,10,6,7,12,2,34.21554672560388,30.827528560841717,113.36018830400477,48.101554231959135,38.27709436041998,72.2525388469423,1,2,0,0,0,0,0,13,5.2210586991107455,1,2,7.425618083832262,122.67198675618448,10,3,13,1,3.116813870510666,Male,Graduate,Married,337.0344510297718,21,4,0,45,15.319747774080536,3707.37896132749,0.045454545454545456,1,Loyal Regular Customers
10481,51,67796.60584617435,12,10,2,6,2,108.02590447078269,27.224402319819397,140.87591428577795,162.91173626751635,74.41466233989193,95.2000117094028,2,0,0,0,1,0,0,12,5.45663930712968,0,1,7.6166738979776465,512.3589681471262,8,6,12,1,4.028411684704763,Female,Graduate,Single,608.6526313931911,10,3,1,48,55.33205739938101,7912.484208111484,0.0,0,VIP High-Value Customers
10482,67,54608.83551290026,6,9,5,15,1,58.65028617998465,129.02562051953072,188.88639190229642,54.262215472025524,7.333977837410459,19.45440262522099,2,0,0,0,0,0,1,7,8.451847926281946,3,1,6.025736261129959,694.2165569956842,9,2,15,3,4.228326209383748,Male,Postgraduate,Married,457.6128945364688,21,3,1,42,20.800586115294035,3203.2902617552813,0.13636363636363635,1,Loyal Regular Customers
10483,44,25463.854373427283,12,7,4,8,2,115.18272491581111,79.5327397300881,282.62201635267945,36.41607021023898,87.40052712909018,23.705104876645272,3,2,0,0,1,0,0,11,8.566756578569262,2,1,8.153328044670717,597.627764572484,8,1,13,2,4.068243872014984,Female,PhD,Married,624.859183214553,14,6,1,40,41.6572788809702,8123.169381789189,0.13333333333333333,0,VIP High-Value Customers
10484,59,48160.09030999761,2,8,6,10,2,48.82375420011798,15.522630263438959,186.55586298506552,62.26031485707626,114.03594625320031,5.624794346331666,2,1,0,0,0,0,0,14,7.558319704615144,0,1,6.506590134208381,357.3262711589657,5,4,11,2,4.700674200548333,Female,High School,Married,432.82330290523066,18,4,0,42,22.780173837117403,1298.4699087156919,0.0,1,Loyal Regular Customers
10485,64,95118.61736436034,2,8,4,8,4,128.7173988890661,40.733708546169055,77.45272993812075,77.11253257333183,37.5019639707923,40.96232483640374,0,1,0,0,1,0,0,9,7.579776247988995,4,1,9.709280754959291,448.48698309871907,6,3,10,3,4.613826445186816,Male,Graduate,Married,402.4806587538838,16,2,1,36,23.675332867875518,1207.4419762616515,0.23529411764705882,1,Loyal Regular Customers
10486,20,49380.385372540004,10,6,5,8,1,71.52860752632503,13.56691065908983,190.2733558136041,46.4974496593673,55.5269395460911,49.29589019802536,3,0,0,1,1,0,0,17,4.111892732279969,1,0,4.204545227722434,563.1082961100389,13,3,9,0,4.4573259809972505,Male,PhD,Divorced,426.6891534025027,14,4,2,48,28.445943560166846,4693.5806874275295,0.06666666666666667,1,Loyal Regular Customers
10487,35,57057.58793936027,13,5,3,11,7,71.12844916539974,46.22273831684396,307.9758923757934,130.3832779083839,35.02909670472198,55.496233120020776,0,2,1,0,0,0,0,10,7.6920942294893395,2,0,6.649993463473243,643.6730897847071,12,3,6,0,4.032505135504145,Male,Graduate,Married,646.2356875911637,21,3,1,36,29.374349435961985,9047.299626276292,0.09090909090909091,0,VIP High-Value Customers
10488,58,39386.80636736315,8,7,5,7,5,227.47311322967226,113.61032302375139,173.58363097210037,30.81464260240158,10.891923984482197,43.823916977659216,1,2,0,0,0,0,0,13,11.638363831820126,0,0,8.237380523055617,454.49267534900554,7,3,8,1,4.885990772198527,Female,Postgraduate,Divorced,600.1975507900671,17,4,0,38,33.34430837722595,5401.777957110604,0.0,0,VIP High-Value Customers
10489,24,70579.73373510747,15,8,6,7,2,130.922152841853,90.09754690732333,207.55507204993663,23.192825820413347,42.67800511359595,5.46825134077761,3,1,0,0,0,0,0,13,7.745621737786843,1,0,5.530980913619207,244.2074352805198,4,7,7,0,3.5290382429266773,Female,High School,Single,499.91385407389987,15,5,0,39,31.244615879618742,7998.621665182398,0.0625,0,VIP High-Value Customers
10490,41,62072.732382442504,15,5,3,6,1,119.38393157632377,44.80896299690268,153.03119574924224,55.64832477007553,15.190289475154,1.7568251150484981,2,2,0,0,0,0,0,9,13.369837201219438,2,0,9.472385893393733,470.30723102216245,7,3,11,2,3.65761432060198,Female,PhD,Married,389.8195296827467,10,5,0,35,35.43813906206788,6237.112474923947,0.18181818181818182,0,VIP High-Value Customers
10491,48,46643.644651974384,12,7,7,7,2,195.19447172556002,41.1569156570884,152.23739858160602,36.429372731499285,129.97612863232482,41.531475058182885,3,2,0,0,0,0,0,14,7.997948528366455,3,0,9.027503136551143,414.3648546855942,13,1,14,0,3.830667664393048,Male,Graduate,Married,596.5257623862615,16,6,0,49,35.08975072860362,7754.834911021399,0.17647058823529413,0,VIP High-Value Customers
10492,22,36516.20287546635,2,6,4,10,4,147.9019190791509,28.993021855420725,288.8167345654403,95.53605956229603,60.62436280056013,31.1504123955917,1,0,0,0,0,0,0,8,5.4766210625199685,2,1,10.0,570.4770321236008,7,3,13,0,4.123726587474212,Male,Graduate,Single,653.0225102584598,18,2,0,37,34.36960580307683,1959.0675307753793,0.10526315789473684,1,Loyal Regular Customers
10493,31,85281.78073219577,7,8,2,9,1,193.03013996488207,119.0927200352884,248.83826293556322,84.09953726980028,78.86096414660065,65.61603769435567,0,0,0,0,0,0,0,6,5.3073002296475345,2,2,9.423342013404522,861.4431982435395,13,3,7,2,5.0,Male,Graduate,Divorced,789.5376620464903,12,1,0,37,60.73366631126848,6316.301296371922,0.15384615384615385,0,VIP High-Value Customers
10494,45,31100.218680460555,3,9,12,9,3,109.27777312812671,59.680469583908916,532.6178322148257,50.68854667654363,10.804390088518387,41.69291802230381,1,1,1,0,0,1,0,13,11.25707350076786,1,0,8.59189756108366,796.2462962260054,8,1,9,0,4.685920943116548,Male,Graduate,Married,804.7619297142272,24,3,2,40,32.19047718856909,3219.047718856909,0.04,1,Loyal Regular Customers
10495,35,69068.682520612,8,4,4,8,8,185.86440847462976,22.916754800307903,121.1024925793401,63.471295919363804,28.20419216001021,37.20110790696797,3,1,0,0,0,0,0,12,8.866721986990902,0,0,7.707845026530299,465.0314139181306,8,2,8,1,3.4234701000588865,Male,High School,Married,458.7602518406198,20,5,0,34,21.84572627812475,4128.842266565578,0.0,1,Loyal Regular Customers
10496,70,21230.173595191685,7,7,2,4,2,36.29348865111752,35.555421918447784,105.3446218739058,30.11039908793839,10.483368141510837,10.904099908610949,0,0,0,0,0,0,0,18,3.7804721556732392,3,0,5.692426494697761,538.9490531988046,8,3,13,2,5.0,Female,Postgraduate,Single,228.69139958153127,8,1,0,49,25.41015550905903,1829.5311966522502,0.3333333333333333,1,Loyal Regular Customers
10497,56,72729.81029422289,14,11,7,9,3,108.05823733623376,36.911739478294336,62.82795337752852,51.130336755910974,72.08371526224543,61.853034048057644,0,2,0,1,0,0,0,9,8.435074322316167,4,0,9.522913658648847,174.3828277742664,10,0,19,1,3.3512668258593514,Female,PhD,Single,392.86501625827066,19,3,1,49,19.643250812913532,5892.97524387406,0.2,1,Loyal Regular Customers
10498,41,77465.3799706811,8,6,1,5,2,141.18501234410846,16.37223611595396,140.005001823514,4.594480522907062,7.2669838527979955,43.90494221019259,3,2,0,0,0,0,0,14,9.613400740788855,4,0,6.522932809627145,652.4709637283343,8,3,10,0,4.137535571317952,Male,Graduate,Single,353.32865686947406,8,6,0,41,39.25873965216378,3179.9579118252664,0.4444444444444444,0,VIP High-Value Customers
10499,48,79706.10680951845,14,6,0,5,2,90.48021693258084,37.0811301415305,157.36744070972767,102.70393160022661,45.86574511963445,118.23489654057234,1,0,0,0,0,0,0,11,4.109464148526892,0,0,7.166797949536755,552.7791586224025,5,0,5,0,4.8149415620862905,Male,High School,Single,551.7333610442724,7,2,0,27,68.96667013053406,8276.000415664086,0.0,0,VIP High-Value Customers
10500,33,57098.24756574237,7,8,3,5,4,110.67084438740248,48.87990652173094,102.27611163758837,56.30441149227814,6.870459198560948,58.87830380374972,2,0,1,0,0,0,0,12,7.30742098750186,3,2,6.905930461080314,627.2532494427292,11,2,7,0,4.340508480104982,Male,Graduate,Divorced,383.8800370413106,12,3,1,40,29.52923361856235,3071.0402963304846,0.23076923076923078,1,Loyal Regular Customers
10501,47,88512.06490014654,11,7,10,7,9,199.52117282749498,14.104971704907992,210.57256384370635,61.63559051007499,23.650042723847694,29.513757356956567,1,0,0,0,1,1,0,11,5.4446513071860325,1,1,6.6768525183338365,292.9213060995579,3,4,9,2,3.903601220040703,Female,Graduate,Married,538.9980989669887,26,2,2,34,19.962892554332914,6467.977187603864,0.037037037037037035,1,Loyal Regular Customers
10502,24,101540.25050992923,6,9,2,9,3,203.12194671926738,68.69372956386074,251.67514164772794,40.374585457228584,28.308958041056037,38.303047811391146,2,0,0,0,0,0,1,14,6.653860697876627,2,1,9.226439471607788,521.3896054725692,2,3,4,0,4.587370307403808,Female,Graduate,Single,630.4774092405319,14,3,1,32,42.031827282702125,4413.3418646837235,0.13333333333333333,0,VIP High-Value Customers
10503,66,54210.78355117266,13,4,9,9,5,140.76504860550173,18.914009051689174,205.13885948570848,48.150810689115445,86.21165565203222,64.15221250219804,1,2,0,0,0,0,0,10,5.013293939242913,2,1,8.855758967379547,355.5701962984199,11,1,9,0,5.0,Female,Graduate,Divorced,563.332595986245,23,4,0,35,23.472191499426874,7886.65634380743,0.08333333333333333,1,Loyal Regular Customers
10504,68,51881.9094576613,7,6,3,12,3,251.07914431998466,23.172182101885905,83.66947818410895,35.98232911449003,58.0754203345868,105.70751833340789,3,2,0,0,0,0,1,6,2.178127666294003,1,0,8.274222965563395,752.8736082013519,4,3,10,0,4.246578345030727,Male,Postgraduate,Single,557.6860723884641,18,6,1,29,29.35189854676127,4461.488579107713,0.05263157894736842,1,Loyal Regular Customers
10505,49,62685.19068620884,5,10,6,10,1,56.906289739045874,18.4471811080609,107.2989100443806,61.75427148860434,39.74133608795806,26.282857809945174,1,1,0,0,0,0,0,14,3.8265212908937665,1,1,7.50951713744555,607.8590927355898,11,1,10,0,4.097749463358218,Female,Graduate,Married,310.430846277995,17,3,0,46,17.246158126555276,1862.58507766797,0.05555555555555555,1,Loyal Regular Customers
10506,65,51401.75737390427,7,7,5,6,2,100.91576554114009,15.52076286187103,169.02981674004255,39.3115854065493,13.431737307810316,98.81018343398982,1,0,0,0,0,0,0,12,10.972907676177613,2,1,4.9457705844558255,797.6035227976535,10,7,8,1,4.721132023396362,Male,Postgraduate,Married,437.0198512914031,13,2,0,44,31.21570366367165,3496.1588103312247,0.14285714285714285,1,Loyal Regular Customers
10507,24,48770.33647181783,1,12,3,3,2,103.28905694987169,77.04710896453687,299.3770540239494,38.69768398878354,14.030097779964816,83.84666017060916,3,1,0,0,0,0,0,9,6.280788069148956,1,1,7.390226155348861,233.45223602117096,10,4,11,0,3.3666797946309703,Female,Postgraduate,Married,616.2876618777155,8,5,0,46,68.47640687530173,1232.575323755431,0.1111111111111111,0,VIP High-Value Customers
10508,31,50338.70627565283,1,6,8,8,5,237.6855600878123,86.50586716084648,148.5661685860465,2.6128563929938364,19.835510197179783,205.20193604106257,3,2,0,0,0,0,0,5,7.913311281193783,3,0,9.501984565951453,466.1502656859843,6,3,12,3,3.4515526648732084,Female,High School,Married,700.4078984659415,21,6,0,32,31.836722657542794,1400.815796931883,0.13636363636363635,1,Loyal Regular Customers
10509,35,90883.60814411241,9,8,4,5,5,158.97037905578497,20.373402232395243,37.742768618677665,52.77484021330419,28.88408131653454,31.712360782246428,0,1,0,1,0,0,0,13,4.843342299950848,3,1,6.758192123034995,450.3067874329163,8,3,7,0,4.313191459558188,Male,Graduate,Divorced,330.45783221894305,14,2,1,39,22.03052214792954,3304.5783221894308,0.2,1,Loyal Regular Customers
10510,45,73893.87591063777,14,6,5,4,2,276.0567618213916,71.28357012255306,139.2151238824474,60.06779625461236,29.27965335630878,56.33032028112473,1,2,0,0,0,0,0,10,8.751081914602961,1,2,6.657085980168695,585.9886001839833,7,2,8,1,4.598375062717225,Female,Graduate,Single,632.233225718438,11,4,0,33,52.686102143203165,9483.49838577657,0.08333333333333333,0,VIP High-Value Customers
10511,45,51342.96970935436,5,5,4,9,2,37.85055323828986,8.324226002282133,162.90696466244074,70.97300642822844,62.4196360014626,46.37822372569902,3,2,0,0,0,0,0,9,8.706012420277156,3,0,8.785541268734855,559.8932462348744,7,0,15,0,2.7462305702279313,Female,High School,Married,388.8526100584028,15,6,0,36,24.303288128650173,2333.115660350417,0.1875,1,Loyal Regular Customers
10512,67,20000.0,13,2,4,9,6,143.2543284400735,26.113138046639026,366.40731516150413,61.621767016092896,21.91084451851562,126.73458242427631,3,1,1,0,0,0,0,10,7.947805926241085,2,2,7.457486869322244,524.5927998068471,11,2,7,0,4.419730022001171,Male,PhD,Married,746.0419756071014,19,5,1,32,37.302098780355074,10444.58765849942,0.1,0,VIP High-Value Customers
10513,40,32199.639115083584,5,11,3,8,2,120.90923121975234,10.925445136004669,37.443835186728656,5.031940111333701,58.59630723596609,14.632210166206105,0,1,0,0,0,0,0,10,11.481233789148968,4,1,9.353177037132037,132.3608225723321,11,2,11,2,4.2456972073550014,Female,High School,Divorced,247.53896905599157,13,2,0,45,17.681354932570827,1485.2338143359493,0.2857142857142857,1,Loyal Regular Customers
10514,58,69061.7234868338,3,8,5,12,6,15.002250526805502,125.53127141723137,252.7490786589409,45.450810978908436,41.53037679746874,126.09566989198652,3,0,1,0,0,0,1,14,4.185366183129361,1,0,6.189643960930237,243.38880611517618,12,3,5,2,4.372674052363417,Female,Graduate,Married,606.3594582713415,23,4,2,42,25.264977427972564,2425.437833085366,0.041666666666666664,1,Loyal Regular Customers
10515,55,21811.993055001287,5,3,3,4,3,70.17737132729427,78.73882779948053,63.49242623175988,40.44678894465636,15.149941959533793,23.43955544161725,0,2,0,1,0,0,0,18,11.320481632302258,2,0,7.801073491229483,419.4365633892316,7,2,10,0,4.069596935652293,Female,Graduate,Single,291.4449117043421,10,3,1,40,26.49499197312201,1748.6694702260525,0.18181818181818182,1,Loyal Regular Customers
10516,52,65273.8834941352,3,7,7,11,2,57.33009384400009,6.386641120962075,123.24928414645473,27.638598434800482,46.77650439792788,77.97550368241036,3,0,0,0,0,0,0,6,6.947450416542259,3,1,7.987598576795095,583.428052459846,8,3,9,0,2.911148893715777,Female,Graduate,Married,339.3566256265556,20,4,0,33,16.15983931555027,1357.4265025062225,0.14285714285714285,1,Loyal Regular Customers
10517,49,40819.852952429545,9,7,2,5,3,157.9113972104104,16.476374968420053,201.31939814861929,84.74198057061784,33.05928414509825,90.4003497494757,0,0,0,1,0,0,0,16,9.328468055051662,1,0,7.375006908872648,870.1381506134732,5,2,11,0,4.063754822619098,Male,High School,Divorced,583.9087847926415,10,1,1,41,53.08261679933105,5839.087847926416,0.09090909090909091,0,VIP High-Value Customers
10518,56,61652.503942452124,9,8,7,8,2,231.14991121149382,26.72479759205003,271.50516880332833,50.063339709275226,5.352474770379145,30.157187007314338,1,2,0,0,1,0,0,9,7.53646705222916,6,0,9.514060509561984,550.626136473302,5,3,12,2,5.0,Male,High School,Single,614.9528790938408,17,4,1,37,34.16404883854671,6149.528790938408,0.3333333333333333,0,VIP High-Value Customers
10519,42,61149.41342401457,6,5,4,7,5,95.16291248032064,31.36609945654169,107.95396031583816,85.68683859642705,9.296505640546274,22.087720001097395,3,1,0,0,0,0,0,10,12.41406398471474,2,0,7.564645243133549,780.0280185876861,7,0,11,0,4.639128938578163,Female,Postgraduate,Single,351.55403649077124,16,5,0,33,20.679649205339484,2460.878255435399,0.11764705882352941,1,Loyal Regular Customers
10520,29,62170.61881003279,15,7,3,11,1,55.59738683764748,10.03330671581417,125.85772661034486,8.45226014625331,50.63152275799869,19.693383815167728,3,0,1,1,0,0,0,10,5.3198617491324995,5,0,8.531705451346184,406.9564143307587,9,3,13,0,3.487266629001523,Male,Graduate,Divorced,270.2655868832262,15,4,2,42,16.891599180201638,4324.249390131619,0.3125,1,Loyal Regular Customers
10521,24,52900.40675258663,1,5,3,4,4,48.02548228444796,55.93781274380359,147.39045489878623,29.12845114266703,20.91263520758442,18.830398341738185,1,0,0,0,0,0,0,11,3.5187745911268484,1,0,7.394934277601686,138.60257430174016,7,3,11,0,4.711876708256499,Female,High School,Married,320.2252346190274,11,2,0,37,26.68543621825228,640.4504692380548,0.08333333333333333,1,Loyal Regular Customers
10522,55,52308.858739060815,7,6,8,10,4,284.31354358232767,71.12104983241045,104.1023101463087,3.695243418176385,37.91666785001575,95.04993225572612,1,2,0,0,0,0,0,12,10.120948707677506,3,0,7.47250660838613,611.1874778789709,13,7,14,2,4.845766404532457,Female,Postgraduate,Single,596.1987470849651,22,4,0,52,25.92168465586805,4769.589976679721,0.13043478260869565,1,Loyal Regular Customers
10523,53,47025.77245914411,7,6,10,5,5,76.07894352723712,42.49959821750484,346.4811107560385,108.33368732926205,67.34368722242627,32.72974116427442,1,1,0,1,0,0,0,16,8.435400646303204,3,0,8.033676973319372,495.9191661746324,6,2,16,0,3.6309212089026595,Female,PhD,Married,673.4667682167432,20,3,1,46,32.0698461055592,5387.734145733945,0.14285714285714285,0,VIP High-Value Customers
10524,50,68710.06171035403,14,9,5,6,4,7.653684025509656,40.31147696051919,185.14003387978775,86.98537825427559,28.36389439898532,17.22713440646623,0,1,0,0,0,1,0,7,9.040211120498888,5,0,6.09994774128614,395.58862890779596,4,1,10,0,3.7716262540252687,Female,Graduate,Married,365.68160192554376,15,2,1,31,22.855100120346485,5485.224028883156,0.3125,1,Loyal Regular Customers
10525,29,74493.46814605707,10,5,8,7,3,81.82334638851427,18.51014252263614,240.82861685404154,121.53625546174469,71.05308688253086,91.33962099701692,3,0,1,0,0,0,0,9,11.760771536922162,1,0,6.621086025229492,104.27615834142915,8,1,8,0,2.756224034926321,Male,Graduate,Married,625.0910691064844,18,4,1,31,32.89952995297286,6876.001760171328,0.05263157894736842,0,VIP High-Value Customers
10526,38,38058.49459434973,10,6,1,12,3,36.96437580534787,25.604042309852417,148.47731956553957,96.91939842498675,9.887062598513586,34.528865570550906,3,2,0,0,0,0,0,10,8.698205960588934,2,2,7.311342681804633,0.0,11,3,6,3,3.631820888819636,Female,PhD,Single,352.38106427479113,16,6,0,36,20.728297898517127,3876.1917070227023,0.11764705882352941,1,Loyal Regular Customers
10527,51,59070.68749873915,4,9,6,10,2,124.42452420781048,38.82271185275554,37.18079680519712,45.75687058127366,69.88052870908687,77.35966836534253,2,0,1,0,0,0,0,14,7.173987281539955,1,0,7.571785294695574,792.1792250951902,8,1,11,1,3.7170122218492554,Male,Graduate,Married,393.4251005214662,18,3,1,43,20.706584237971907,1967.125502607331,0.05263157894736842,1,Loyal Regular Customers
10528,20,63538.47732277928,8,7,2,4,1,117.0320668961167,41.97488691782099,147.72435255547768,30.065832351322637,15.24053151268663,21.412262762274406,2,1,0,0,0,0,0,10,7.917141613456922,3,2,7.477727512896244,341.1625390086844,4,3,18,2,4.528147359279377,Male,Postgraduate,Married,373.44993299569904,7,4,0,42,46.68124162446238,3361.049396961291,0.375,0,VIP High-Value Customers
10529,24,63307.88042321476,6,6,4,10,2,94.64235060229998,33.11247180541904,285.305885254931,63.55820521021124,40.37200034007725,40.42565372070677,3,0,1,1,0,0,0,11,13.89093148278219,1,1,4.890663827044577,696.4802348182645,5,4,10,1,4.459318094212182,Female,Graduate,Married,557.4165669336453,16,4,2,36,32.789209819626194,3901.915968535517,0.058823529411764705,1,Loyal Regular Customers
10530,64,63001.85315273732,4,6,4,12,5,41.658823182276016,66.73634900592033,44.47247171177767,31.366387720050703,56.45549903323918,22.561102678374038,0,2,0,0,0,1,0,14,8.9859509856145,1,2,9.014203517123391,916.8221922327617,9,4,8,2,4.46677244883079,Male,Postgraduate,Married,263.2506333316379,21,3,1,41,11.965937878710815,1316.2531666581895,0.045454545454545456,1,Loyal Regular Customers
10531,23,52763.37341378596,4,10,8,7,4,114.59724230650171,48.52967794879086,161.9864941617019,64.77726680242614,99.54414255383698,26.930123213476236,0,0,1,1,0,0,0,13,10.313384072647565,0,1,7.4209234698383435,406.9408806444292,6,3,13,2,3.7967492329390997,Female,Graduate,Single,516.3649469867339,19,1,2,45,25.818247349336694,2581.82473493367,0.0,1,Loyal Regular Customers
10532,35,65022.547658325704,2,9,7,7,2,103.34712086335603,71.83458547521275,219.5014066817015,31.838902471380916,141.62057552331777,48.03839886633234,2,1,0,1,0,0,0,9,5.605357328485576,0,0,5.539489824592664,777.9932477349776,7,2,9,0,4.1852060887529055,Female,High School,Married,616.1809898813013,16,4,1,36,36.24594058125302,1848.5429696439041,0.0,1,Loyal Regular Customers
10533,43,71124.51679770516,14,9,4,8,3,110.72541194202526,36.085044797334625,131.32625260812299,76.40114577948175,10.74610882397705,113.4327067501618,2,2,1,0,0,0,0,12,10.539608163477556,1,0,6.900273226252491,620.797115451569,12,5,14,0,5.0,Male,High School,Single,478.7166707011035,15,5,1,52,29.91979191881897,7180.750060516552,0.0625,1,Loyal Regular Customers
10534,35,62538.65980480616,2,5,7,8,2,87.69453614479293,35.909464455464324,109.75497655039302,19.1887690668739,110.92787038293947,113.94006212695871,2,2,0,0,0,0,0,4,6.803171026610518,1,0,9.87153073223558,771.4384131772761,9,3,9,1,5.0,Male,Graduate,Married,477.41567872742235,17,5,0,30,26.523093262634575,1432.247036182267,0.05555555555555555,1,Loyal Regular Customers
10535,21,69106.91705760703,12,10,5,6,6,178.43491951731338,62.47257523117633,180.88402303124363,74.54794271731119,44.373960040156376,36.6193828345674,2,2,0,0,0,0,0,13,2.776293692677637,2,0,6.523739810491645,513.6465816325028,2,4,10,0,5.0,Female,Postgraduate,Married,577.3328033717684,17,5,0,39,32.074044631764906,7505.326443832989,0.1111111111111111,0,VIP High-Value Customers
10536,68,77826.36139867513,14,5,7,4,4,206.38887090340233,14.12905850591641,96.84213527985564,14.340899465752408,19.454589731669813,62.77239006138421,2,2,0,0,1,0,0,16,8.636630485587965,4,1,10.0,595.251577259882,7,2,7,2,4.473768069672829,Female,Graduate,Single,413.92794394798085,15,5,1,37,25.870496496748803,6208.919159219713,0.25,1,Loyal Regular Customers
10537,47,26683.073557885175,4,8,3,9,6,47.94097891685626,175.29377894137454,56.25267172797769,34.19956589125963,81.39898950384966,23.1700462965267,1,2,0,0,0,0,0,10,8.37504027855923,4,1,6.875974436310043,678.3067723328612,16,3,10,1,5.0,Male,PhD,Married,418.2560312778445,18,4,0,47,22.01347533041287,2091.2801563892226,0.21052631578947367,1,Loyal Regular Customers
10538,51,76982.34915357662,5,5,4,7,3,171.21199061014758,18.44884153518955,131.9433225231646,10.67598735646804,49.87987813708243,76.62389034301667,3,0,0,0,0,1,0,14,9.071612638775592,2,2,9.846833259783239,118.74766060567748,9,2,11,1,5.0,Female,High School,Single,458.7839105050689,14,4,1,41,30.58559403367126,2752.7034630304133,0.13333333333333333,1,Loyal Regular Customers
10539,46,66163.69977398294,8,5,8,5,0,213.35863599481627,16.76298625091234,391.4104391892208,36.18727899103031,37.98237992991899,115.28631243360925,3,2,0,0,0,0,0,9,7.204100280228427,7,0,9.437067450249913,427.31608203533176,7,1,8,0,5.0,Female,Postgraduate,Married,810.9880327895081,13,6,0,30,57.92771662782201,7298.892295105573,0.5,0,VIP High-Value Customers
10540,39,39990.74410070292,15,11,7,6,2,365.00894334379984,69.03576700961358,215.45268879714544,10.885364273490342,37.12623329524085,19.54862601527541,2,1,0,0,0,0,0,16,11.150863159515893,2,0,7.7172907421507,125.53096755407319,8,5,16,2,4.7927194069487395,Female,Postgraduate,Married,717.0576227345655,15,4,0,56,44.81610142091034,11472.921963753048,0.125,0,VIP High-Value Customers
10541,43,74444.47588175439,6,9,2,6,5,130.34457293147494,50.879498381414024,119.3388421168822,27.118218951070876,91.76148522956234,55.955129356466195,3,2,0,0,0,0,0,13,8.924867464718515,3,2,5.624801258266496,466.4891286849434,8,2,15,0,3.443947857047945,Male,PhD,Single,475.39774696687056,13,6,0,47,33.95698192620504,3327.7842287680937,0.21428571428571427,1,Loyal Regular Customers
10542,31,52830.22369156869,14,7,2,10,4,88.71951521666307,56.505131156234974,220.54368260970196,57.61511971306279,47.07476151725699,3.8363523088358735,3,1,0,0,0,1,0,13,7.003774258612832,1,1,6.210572842025731,396.12235092384367,7,2,15,0,4.954281872569672,Female,Graduate,Married,474.29456252175567,16,5,1,44,27.899680148338568,7114.418437826335,0.058823529411764705,1,Loyal Regular Customers
10543,69,55284.60414626605,15,7,6,5,2,188.4382622213666,36.77351155688477,308.46281903705716,30.08422708819437,53.41862737139305,90.04819802056414,1,1,0,0,0,0,0,14,11.223443509790634,1,0,7.095871965550194,861.3147537564536,12,4,6,1,3.083731491781511,Female,High School,Single,707.22564529546,13,3,0,43,50.516117521104285,11315.61032472736,0.07142857142857142,0,VIP High-Value Customers
10544,54,50861.76391561808,4,6,8,4,1,89.80456785086075,14.80910929280854,103.14755183160922,25.55696661681622,64.2107262822633,13.830592731955239,1,1,0,0,0,0,1,11,9.10218158168732,2,0,8.017740879560714,986.9467514142697,10,3,11,0,4.297677372815937,Female,PhD,Single,311.35951460631327,13,3,1,41,22.239965329022375,1556.7975730315663,0.14285714285714285,1,Loyal Regular Customers
10545,52,65443.179196288045,13,6,4,4,4,220.22813149149644,100.2482914335144,220.33118467036496,21.779556496565267,16.430912017415338,19.934275877998786,0,1,0,0,0,0,0,8,8.439617175683377,2,1,6.175088484985233,605.9353597371856,11,0,6,1,5.0,Female,Postgraduate,Single,598.9523519873553,12,2,0,31,46.073257845181175,8385.332927822974,0.15384615384615385,0,VIP High-Value Customers
10546,52,45863.64343478304,11,5,6,7,6,109.97745568017169,67.02596345907648,129.9106887491248,16.70261539702116,57.30774477982099,31.28776243332963,0,1,0,0,0,0,0,9,6.559357495034071,6,1,5.01814495248877,906.1224214100243,6,4,13,0,4.302270290308728,Male,Graduate,Single,412.2122304985448,19,2,0,37,20.61061152492724,4946.546765982537,0.3,1,Loyal Regular Customers
10547,70,76226.54333906015,7,8,8,11,8,71.55588064292938,20.6002932052128,327.78175494897556,15.766076328090625,44.47733917373063,16.020969302697303,2,0,0,0,1,0,0,14,13.935478478218359,2,0,7.449692447734539,542.0362380333969,6,6,15,1,2.9723576282485915,Male,Graduate,Divorced,496.20231360163626,27,3,1,49,17.721511200058437,3969.61850881309,0.07142857142857142,1,Loyal Regular Customers
10548,62,57500.47343049591,8,4,6,5,2,125.55337998254471,62.972102427449386,118.32200467869208,71.60188009406741,82.80037242702798,29.738245206780704,0,1,0,0,0,0,0,18,5.027049004847259,1,0,6.104863186933565,328.8405666903193,5,0,11,0,3.4673848319199907,Male,Graduate,Married,490.9879848165623,13,2,0,38,35.07057034404016,4418.89186334906,0.07142857142857142,1,Loyal Regular Customers
10549,56,53444.355297217124,2,8,4,5,1,101.08134406025226,22.095316613476633,127.3724166504516,95.45466547631847,55.9754430038059,76.36027757327753,2,1,0,0,0,0,0,10,6.9328088858375985,2,1,6.394243824899803,690.318016072425,7,1,4,0,4.215475856197052,Male,Graduate,Married,478.3394633775823,10,4,0,30,43.48540576159839,1435.0183901327468,0.18181818181818182,0,VIP High-Value Customers
10550,31,73551.76219705146,12,8,6,6,3,95.41128713617643,24.804220297049003,207.11017167765078,41.663349718626215,9.541153443757619,13.864536359947195,0,1,0,0,0,0,0,4,6.944522360349561,1,2,6.487543644671407,419.89322158987625,9,3,5,0,3.0748890931015844,Female,Graduate,Divorced,392.39471863320716,15,2,0,29,24.524669914575448,5101.131342231693,0.0625,1,Loyal Regular Customers
10551,22,54247.978278256545,7,9,6,12,2,26.591273630344396,26.428777294151867,94.37380731707331,86.46425309569477,20.24295096983089,80.63295871098751,3,0,0,0,0,0,0,8,7.445803396402156,1,0,7.60435818547452,463.30581977474105,6,4,17,2,4.61800884425633,Female,High School,Single,334.7340210180828,20,4,0,44,15.939715286575371,2677.8721681446623,0.047619047619047616,1,Loyal Regular Customers
10552,20,77067.18285652142,15,12,4,5,4,211.19606214503415,19.078281977561463,90.55659262615191,126.70999198235211,59.77852625398451,3.258496673933039,3,2,1,0,0,0,0,7,9.798309218477103,2,0,8.463087553934047,635.6337395402616,8,1,9,0,3.833845617330597,Male,Graduate,Single,510.5779516590172,13,6,1,37,36.4698536899298,8169.247226544275,0.14285714285714285,0,VIP High-Value Customers
10553,52,77632.67311513558,14,7,4,5,2,210.354130698635,36.25354621683561,320.23112556675443,36.60066202285985,30.90307018539306,42.30183103438558,0,1,1,0,0,0,0,11,9.286010950446434,1,0,9.688197514598672,384.08867396903975,7,8,8,0,4.623263879560923,Female,Graduate,Married,676.6443657248635,11,2,1,41,56.38703047707196,10149.665485872953,0.08333333333333333,0,VIP High-Value Customers
10554,59,35973.53091205841,2,4,5,8,6,154.95884800864656,67.40294834562246,285.7250536315212,27.001248985817128,21.510609333127277,27.26273364035814,3,0,0,0,1,0,0,6,9.671565696351635,3,0,5.545607904996372,1008.9771065685891,6,2,9,2,4.724309646688676,Female,High School,Married,583.8614419450928,19,4,1,27,29.19307209725464,1751.5843258352784,0.15,1,Loyal Regular Customers
10555,29,79966.68364001263,2,9,9,8,2,162.78976687062868,47.14895257877991,245.3089733426559,27.51911122148305,15.255642893996944,145.79533074127335,3,0,0,0,0,0,0,13,7.735370240683105,1,1,6.702248321513207,0.0,6,5,11,0,3.7639441199773565,Male,Postgraduate,Divorced,643.8177776488178,19,4,0,44,32.19088888244089,1931.4533329464534,0.05,1,Loyal Regular Customers
10556,62,33683.352512966056,8,4,5,8,0,63.3984703711695,56.15989132552488,108.08817653782904,58.799693064103195,27.188013803022024,14.89122414368615,2,0,0,1,0,0,0,15,11.467574939106303,1,0,8.401133672982661,207.15881995264334,10,5,11,2,5.0,Male,Postgraduate,Single,328.5254692453348,13,3,1,45,23.466104946095346,2956.7292232080135,0.07142857142857142,1,Loyal Regular Customers
10557,63,59642.99767046553,2,11,6,7,4,15.930570529111172,41.080578067599696,458.04177682909176,189.34130702006215,35.1314913514354,63.568466634871044,3,2,0,0,0,0,0,9,5.6772812732681786,2,1,7.571906765810415,545.8432016826675,10,4,10,1,3.723361090239453,Male,Postgraduate,Married,803.0941904321712,17,6,0,44,44.6163439128984,2409.2825712965137,0.1111111111111111,0,VIP High-Value Customers
10558,48,96510.42946014431,15,7,9,8,3,133.44339249536048,4.523661186204825,165.69675501161012,9.190145247334392,29.227027466774963,15.45623475902369,0,0,0,1,0,0,0,6,5.465735886884973,0,1,5.956980875500243,572.5024431710162,10,2,10,0,4.111307170034606,Female,Postgraduate,Married,357.5372161663085,20,1,1,35,17.025581722205168,5720.595458660936,0.0,1,Loyal Regular Customers
10559,32,75747.01988884437,11,8,3,12,3,108.70150339224422,143.43360761654793,178.21661499028033,164.39006932475584,49.022895579055316,45.176098947098204,3,1,0,0,0,0,1,16,4.338809883067574,1,0,8.95533634307896,473.75352296049897,6,1,14,1,4.503401830220296,Male,Postgraduate,Single,688.9407898499819,18,5,1,45,36.26004157105168,8267.289478199782,0.05263157894736842,0,VIP High-Value Customers
10560,31,21174.348395405883,9,4,10,12,1,131.63241024120373,75.70499495500782,378.1677946822122,26.018987872711836,11.660013292457236,41.4146468244863,2,1,0,0,1,1,0,12,6.67956002849057,1,1,7.542390891634343,488.08218569721845,6,2,13,0,5.0,Female,Graduate,Married,664.5988478680792,23,4,2,37,27.69161866116997,6645.9884786807925,0.041666666666666664,1,Loyal Regular Customers
10561,50,79144.18294894834,12,5,7,9,5,11.854251131607539,42.67630546163214,157.87022654761157,34.14729123307429,29.318685574848562,48.98522304075533,0,1,1,0,0,0,0,9,8.300348525380365,3,1,10.0,180.2801173795358,6,2,7,2,4.356657970934718,Male,High School,Single,324.85198298952946,21,2,1,29,14.765999226796794,4223.075778863883,0.13636363636363635,1,Loyal Regular Customers
10562,65,100430.32138684821,1,7,6,6,4,174.82332077064453,13.136101712742834,101.95544578431499,67.0369076534265,37.37299360233893,116.83438953793828,2,2,1,0,0,0,0,12,6.316914479223032,4,1,7.697244293383361,685.6169255102412,9,2,16,1,3.8901746859938826,Female,Graduate,Married,511.15915906140606,16,5,1,46,30.068185827141534,1022.3183181228121,0.23529411764705882,1,Loyal Regular Customers
10563,21,54545.430462035474,15,7,5,3,2,62.7731016021943,54.60953246158981,233.2006621104447,172.74776239825277,49.58499291699905,43.03742382855627,3,0,0,0,0,0,0,8,6.496186101657095,2,0,6.741501689678855,539.65170172809,10,3,6,1,5.0,Female,Graduate,Married,615.9534753180369,10,4,0,34,55.9957704834579,9855.25560508859,0.18181818181818182,0,VIP High-Value Customers
10564,70,59375.34023946198,9,7,5,6,4,53.83493973632567,34.13194581918428,180.56667602190686,21.938134176314364,35.045956321553675,45.726429125662435,3,1,0,0,0,0,1,13,11.329603257542766,2,0,6.767946784587362,495.83456938891936,7,2,12,1,4.13423397914503,Female,High School,Married,371.2440812009472,15,5,1,41,23.2027550750592,3712.440812009472,0.125,1,Loyal Regular Customers
10565,69,38607.23900532423,15,7,9,8,4,301.383123559467,39.47599613386845,250.63624680292756,136.02334873570902,26.993330665876382,93.72090817311788,3,1,1,0,0,0,0,5,5.935837118332725,3,0,5.343692471888419,668.473124516413,8,3,9,3,3.8720949863144165,Female,Graduate,Married,848.2329540709662,21,5,1,32,38.5560433668621,11635.65917132781,0.13636363636363635,0,VIP High-Value Customers
10566,54,65617.42953875405,1,8,7,8,2,260.5934651359879,66.39679358950377,342.8137047790118,4.1158271572926015,17.20452966725441,87.22456749254629,1,1,0,0,0,0,0,11,7.050381165031713,2,0,9.638066886006662,653.3442814034232,8,3,11,0,4.322313877434038,Female,PhD,Single,778.3488878215968,17,3,0,41,43.2416048789776,1556.6977756431936,0.1111111111111111,0,VIP High-Value Customers
10567,42,82845.18928577632,10,8,7,4,4,26.17002765184858,45.58249594674006,354.47351834313946,14.546466857541764,45.36704928200127,104.99945795780393,2,2,1,0,0,0,0,13,9.138671331302199,2,1,7.346186066427413,298.2303400053015,3,5,8,3,3.902066468524678,Female,Graduate,Divorced,591.139016039075,15,5,1,37,36.94618850244219,6502.529176429825,0.125,0,VIP High-Value Customers
10568,36,59642.99767046553,13,4,5,5,3,73.38641560038374,86.0791650636054,116.28701691247166,42.04156435759131,34.613391244086856,52.25340076104579,0,1,0,0,0,0,0,13,2.9958865106873223,2,1,4.779976421026444,564.7296210607542,9,4,9,1,4.521425442201253,Female,High School,Single,404.66095393918476,13,2,0,39,28.904353852798913,5665.253355148587,0.14285714285714285,1,Loyal Regular Customers
10569,45,110127.65141259396,10,4,2,4,3,96.05868176795877,23.975705671569543,131.90010383317804,20.289540792711218,28.90608325436757,38.97529692502511,3,0,0,0,0,0,0,12,4.403205931471176,0,1,8.861995721597976,503.4923418385797,14,1,12,0,4.288021430317517,Female,Postgraduate,Single,340.1054122448102,9,4,0,43,34.010541224481024,3741.1595346929125,0.0,1,Loyal Regular Customers
10570,27,60594.48677338435,2,4,5,8,1,243.03116147901255,7.870241838911181,31.458403429830216,43.26660331128858,30.37030783369564,69.45752506838605,1,0,0,0,0,0,0,15,10.278122679873128,2,0,5.877180127234549,662.1696304956055,6,3,10,1,4.115904829385026,Male,High School,Single,425.45424296112424,14,2,0,38,28.363616197408284,1276.3627288833727,0.13333333333333333,1,Loyal Regular Customers
10571,48,30647.879386525245,6,8,4,12,4,182.9606215262994,33.001575671026416,100.95678069601966,56.3072974274403,13.761344031440718,38.5762512474102,1,2,1,0,0,0,0,12,2.4597245824909253,1,0,8.328782306074919,780.8957224736973,8,5,11,0,4.302696922889619,Male,Graduate,Single,425.5638705996367,20,4,1,44,20.264946219030318,2978.947094197457,0.047619047619047616,1,Loyal Regular Customers
10572,45,63077.477488227945,6,7,7,5,3,42.9948379587213,24.581838998414355,155.51954601280974,39.277655621870984,34.42301512248062,6.568978520728426,2,2,1,1,0,0,1,12,3.567515313920345,2,0,6.7697489975270795,436.18863486977034,7,4,13,2,3.54186684432212,Male,Graduate,Single,303.3658722350254,15,5,3,43,18.960367014689087,2123.5611056451776,0.125,1,Loyal Regular Customers
10573,29,20000.0,1,5,3,5,2,124.13170443368116,49.48110273501576,324.13141138111604,83.63344457194488,18.782482336765092,7.715668478740069,3,2,0,0,1,0,0,5,3.0214481430325524,2,0,8.28949635377711,661.5553331949687,13,3,11,1,4.432581159728228,Male,PhD,Married,607.8758139372629,10,6,1,37,55.26143763066027,1215.7516278745259,0.18181818181818182,0,VIP High-Value Customers
10574,45,50404.12935243876,7,7,3,7,3,96.39365447665834,16.73087307127756,152.19565545471156,103.72590502772785,30.332224262938553,55.149027166854374,2,0,0,0,0,0,0,14,6.945602914357524,3,0,5.401159916782765,544.2482287476814,11,4,12,1,3.0218772742775553,Female,High School,Single,454.5273394601682,13,3,0,48,32.466238532869156,3636.2187156813457,0.21428571428571427,1,Loyal Regular Customers
10575,53,89238.87705480382,8,10,6,4,3,98.41557858861026,23.99809001784329,271.6162045325593,102.5229476192419,37.50638710509567,26.31060004123971,3,2,0,0,0,0,0,10,4.1669633137228175,0,0,7.916618085347795,187.5724248832276,8,6,9,1,2.839206243350743,Female,Graduate,Married,560.3698079045902,13,6,0,43,40.02641485032787,5043.328271141311,0.0,0,VIP High-Value Customers
10576,70,65852.40567537189,2,6,3,9,2,77.47392560912226,50.897625795215184,111.8858004357659,17.552963856049317,22.226747461408834,18.30738740692661,3,2,0,0,0,0,0,11,5.45501793673882,5,1,7.541925988638816,307.4735423922674,7,1,16,3,4.160470547375633,Male,Postgraduate,Single,298.34445056448806,14,6,0,41,19.889630037632536,895.0333516934642,0.3333333333333333,1,Loyal Regular Customers
10577,60,63229.50263096284,8,4,5,10,4,96.84890035669146,28.2005610564135,79.79229583834594,100.90769412289733,5.23235609740467,8.714857181348904,3,0,1,1,0,1,0,12,11.46821813857511,4,1,4.809741232341523,311.8535498365125,7,1,14,0,3.127744028197103,Male,Graduate,Divorced,319.6966646531018,19,4,3,38,15.984833232655088,2877.269981877916,0.2,1,Loyal Regular Customers
10578,26,92774.04678087641,9,12,3,4,0,171.4782764223792,69.97367061404685,162.98954921161882,172.16610477632943,85.35035866648542,16.144172780704523,1,1,0,0,1,0,0,10,7.38472450655436,0,1,8.394637478920512,770.2663660342798,6,4,7,0,3.404214079005523,Female,Graduate,Single,678.1021324715642,7,3,1,39,84.76276655894553,6781.021324715643,0.0,0,VIP High-Value Customers
10579,23,55129.20195005934,6,7,8,7,1,104.46921840574295,17.03009286642454,193.14319829977399,58.30182508695386,15.157426127574823,48.4033257804605,2,2,1,0,0,0,0,7,8.6580604978931,1,1,7.226617661865255,201.09192413906624,8,1,3,3,4.590697649391105,Male,Postgraduate,Married,436.5050865669306,16,5,1,26,25.67676979805474,3055.535605968514,0.058823529411764705,1,Loyal Regular Customers
10580,69,82712.76743281395,5,7,3,6,4,110.84684609936846,12.274397860136062,102.12063857427287,41.843478323528,35.57720602991723,127.2291263373434,2,1,1,0,0,0,1,13,9.064141765535549,4,1,6.570599644188585,112.73542274397943,8,0,18,2,4.553988884658044,Male,High School,Married,429.8916932245661,13,4,2,46,30.706549516040436,2579.3501593473966,0.2857142857142857,1,Loyal Regular Customers
10581,64,62327.52555299413,12,9,7,6,2,183.66347146421234,55.112605091380814,71.98981989702105,44.51783927889298,43.54976885395102,49.68112163073327,2,1,0,0,0,0,0,9,11.186290326798417,0,1,6.6965369178618435,721.9007954237785,12,4,12,1,4.385571749116483,Male,Graduate,Single,448.51462621619146,15,4,0,46,28.032164138511966,5830.690140810489,0.0,1,Loyal Regular Customers
10582,30,66840.85434226248,9,4,5,12,5,149.71518792709801,10.458911533299446,119.63304712450943,11.773548284239114,57.42970032442351,38.128772686756434,0,1,1,0,0,0,0,7,6.551990862874347,0,0,8.480623201550543,554.8849911017036,6,1,4,0,4.411281875373976,Female,Postgraduate,Married,387.1391678803259,22,2,1,22,16.832137733927212,3871.391678803259,0.0,1,Loyal Regular Customers
10583,48,38088.51259446577,13,8,6,7,3,184.654172993507,5.518164526509059,231.91321550024827,64.2865880008068,5.561334572773934,29.22286517197995,0,1,0,0,0,1,0,12,7.762521817644228,1,0,7.538306816846861,426.7829117865184,9,2,9,1,4.429219337017351,Male,Graduate,Divorced,521.156340765825,16,2,1,40,30.656255339166176,7296.18877072155,0.058823529411764705,1,Loyal Regular Customers
10584,55,51323.1576930921,12,7,4,7,6,63.988610377425395,12.072434920595374,162.69403596584382,27.352293916833137,26.06997350837677,78.76759234228095,1,2,0,1,0,0,0,12,7.307266940629933,2,2,8.373158049194359,34.020575949281636,8,3,13,1,4.818298825545778,Female,High School,Single,370.9449410313555,17,4,1,43,20.60805227951975,4822.284233407621,0.1111111111111111,1,Loyal Regular Customers
10585,44,34844.67180881028,11,6,6,3,3,118.44300079552329,73.71299481311566,88.66689810293346,179.03886409796104,75.7654563651501,36.455081630917384,1,2,0,1,0,0,0,6,4.982925314320981,5,0,7.5063272434149,42.142836958219846,6,2,9,0,4.051355164176783,Female,High School,Divorced,572.0822958056009,12,4,1,29,44.006330446584684,6864.98754966721,0.38461538461538464,0,VIP High-Value Customers
10586,40,58285.588591943786,9,6,7,8,3,116.07968654010926,21.097025269008203,97.17118456485392,94.3494130010144,105.3313319766908,33.020004140657036,1,2,0,0,0,1,0,12,7.520135697875127,2,1,8.972884518344323,0.0,5,2,6,2,3.428886465187048,Female,Postgraduate,Single,467.04864549233366,18,4,1,31,24.581507657491244,4670.486454923337,0.10526315789473684,1,Loyal Regular Customers
10587,55,67027.2421904928,1,9,10,1,3,105.41593801102216,25.11766452623942,247.12285045897153,69.96588818456114,23.062430218028283,18.803233723026192,2,0,0,0,0,0,0,7,8.912663227451047,1,0,5.39984023592423,286.6635600288174,3,2,10,0,3.6660449701847564,Male,High School,Single,489.48800512184874,14,3,0,31,32.63253367478992,978.9760102436975,0.06666666666666667,1,Loyal Regular Customers
10588,29,40019.314108353865,11,8,7,5,2,93.60428171525096,58.008162690881136,145.42580093753054,56.76312584489123,41.146717874924406,25.545476082280683,2,0,1,0,0,0,0,12,10.597874226062537,3,0,5.309633402800789,1075.1555943713984,6,2,11,2,4.042855668911431,Male,High School,Single,420.49356514575896,14,3,1,39,28.032904343050596,5045.922781749107,0.2,1,Loyal Regular Customers
10589,56,96885.22060832681,3,9,6,6,3,255.54165327220952,66.465360891291,59.865785259565,3.9773187628141575,18.142685121080458,71.23053070338824,3,1,1,0,0,1,0,15,5.3592758668976135,1,0,8.280651821191771,558.5269016713447,7,2,11,0,4.261473456433671,Male,PhD,Divorced,475.22333401034837,15,5,2,44,29.701458375646773,1900.8933360413935,0.0625,1,Loyal Regular Customers
10590,28,65005.9083436553,9,4,4,7,1,87.37138554043342,59.009324081944484,303.94789501169674,100.27027503648243,34.95919887743509,58.173527534919586,2,0,0,0,1,0,0,9,11.25912948062597,5,0,8.99423718207277,605.4156005748588,8,5,12,1,4.112362367641819,Male,High School,Single,643.7316060829118,12,3,1,38,49.517815852531676,6437.316060829117,0.38461538461538464,0,VIP High-Value Customers
10591,43,61040.32054053395,11,8,6,9,5,219.85760643335658,55.00089621283618,62.629813497282896,27.502086793109605,61.52404617902712,45.16952769907526,1,1,0,0,0,0,0,12,6.814002888449057,2,0,8.231058488279137,484.61862033521953,11,1,13,2,2.6808551422083786,Male,High School,Married,471.6839768146876,20,3,0,45,22.461141753080362,5660.207721776251,0.09523809523809523,1,Loyal Regular Customers
10592,54,73853.83952422126,2,9,2,10,2,325.49257237997466,19.923832519864025,280.1692616968375,39.32002805123672,18.16121070555699,47.66355416062205,1,1,0,0,0,0,0,13,11.690147639016839,1,1,9.184367963102375,167.30918382704,10,3,7,0,2.8403509493571315,Female,Graduate,Married,730.730459514092,14,3,0,42,48.71536396760613,2192.1913785422757,0.06666666666666667,0,VIP High-Value Customers
10593,68,45079.29454441341,12,5,2,10,0,54.92822490560494,37.193930576842945,113.76036693939095,48.713353571571346,38.48833193083687,30.809717131594958,3,2,0,0,0,0,0,14,7.91362959601257,1,0,8.88379246714463,380.69563515047304,4,3,8,0,4.6950165980875775,Male,Graduate,Married,323.893925055842,12,6,0,34,24.914917311987843,4210.621025725945,0.07692307692307693,1,Loyal Regular Customers
10594,54,62942.59462501416,4,5,3,6,9,42.10716385579929,10.357121297872798,85.29368602467473,151.79747095776884,54.37449027554492,63.05180100219379,0,2,0,0,0,0,0,9,8.82991470701847,4,0,7.937422221459878,780.1538273683199,7,0,6,1,3.449540276377588,Female,Graduate,Divorced,406.98173341385433,18,3,0,27,21.420091232308124,2034.9086670692716,0.21052631578947367,1,Loyal Regular Customers
10595,67,47096.40803356336,4,9,9,7,3,22.600265787976525,26.30109779873783,176.47374938295408,111.52216438975123,45.205666659100785,50.50920590099681,2,0,0,0,0,0,0,11,6.85187911532474,2,0,4.618728673157953,602.9976916163255,1,2,3,1,3.242358782417383,Male,PhD,Divorced,432.61214991951726,19,3,0,26,21.630607495975863,2163.0607495975864,0.1,1,Loyal Regular Customers
10596,55,88056.2383816017,2,5,4,11,5,218.0171122629388,6.857888039998298,139.93802266874644,5.508039978556305,8.466664924645478,17.142310368279464,2,2,1,0,0,0,0,10,12.688212639470974,1,0,7.314847624711002,0.0,7,6,9,2,4.609838753091784,Female,Postgraduate,Married,395.93003824316486,20,5,1,37,18.85381134491261,1187.7901147294947,0.047619047619047616,1,Loyal Regular Customers
10597,37,40944.49171085254,15,7,7,3,1,221.37724259066005,70.03100372081832,118.43539527563473,20.685614617716343,43.47672037164129,38.840537697519814,0,0,0,1,0,0,0,13,5.319123270525457,3,0,6.899162633212738,935.6158048132346,9,3,5,0,4.459806668798862,Female,Graduate,Single,512.8465142739906,11,1,1,37,42.73720952283255,8205.54422838385,0.25,0,VIP High-Value Customers
10598,68,61136.97826752913,3,3,8,9,4,57.242694080895234,25.13535811018624,182.16227126073883,124.27544514596096,9.876423134628268,24.32912033105762,1,2,0,0,0,0,0,9,11.086698831164268,0,0,8.295746159819931,476.20463328183524,11,1,14,0,2.9525092290046313,Male,Postgraduate,Married,423.0213120634671,21,4,0,38,19.228241457430325,1692.0852482538685,0.0,1,Loyal Regular Customers
10599,58,65927.68413273196,13,5,6,4,4,186.3713930889006,36.34151531531564,68.67229871561045,40.26582786700438,4.1718493654909174,105.93316799334201,1,2,0,0,0,0,0,7,4.672864912413262,0,0,8.366000900915129,307.9949792844984,10,5,13,1,4.777790304382147,Female,High School,Divorced,441.75605234566393,14,4,0,40,29.45040348971093,6184.584732839295,0.0,1,Loyal Regular Customers
10600,51,67106.86339933862,3,5,3,9,3,69.75902934127163,22.319798129381834,170.42674450008477,13.535889712262783,12.399251259099557,67.14036342705693,1,0,1,0,0,1,0,14,5.971414641720031,3,1,5.181986272560517,429.6906710058413,9,2,14,1,3.550627389824675,Male,High School,Divorced,355.5810763691575,15,2,2,44,22.223817273072342,1422.32430547663,0.1875,1,Loyal Regular Customers
10601,43,49537.76688450902,1,7,6,7,4,121.15708654229937,76.13167641871426,177.6801421961704,52.772190089638784,15.844527756585581,103.26724629373916,2,1,0,0,0,0,0,13,13.082708188080638,5,0,5.603240177220911,389.23607363128053,16,3,9,1,2.9599104959529305,Male,Graduate,Single,546.8528692971477,17,4,0,48,30.38071496095265,1093.7057385942953,0.2777777777777778,1,Loyal Regular Customers
10602,42,43880.83076138824,6,9,3,13,2,209.7799395230049,9.595841126758517,113.21484448372391,59.53070479447275,13.117020668552247,21.8224139099888,0,0,0,0,0,0,1,5,9.896948333527149,3,0,3.8970266144628773,320.05434559492903,7,1,6,3,5.0,Male,Postgraduate,Single,427.0607645065012,18,1,1,28,22.476882342447432,2989.4253515455084,0.15789473684210525,1,Loyal Regular Customers
10603,51,49797.68688517022,8,7,7,9,3,150.50804385959555,13.141659728084372,12.83505969904119,13.169403626983955,34.404628678626416,93.91542598823956,0,2,0,1,0,0,0,9,8.808531301875934,2,0,9.996940314721662,639.279372308361,9,4,14,3,3.0748473681548782,Male,Graduate,Married,317.974221580571,19,3,1,43,15.89871107902855,2861.767994225139,0.1,1,Loyal Regular Customers
10604,56,69509.85781578509,12,8,6,4,5,65.08139936194654,35.750481869382156,143.90715126497375,68.89770772153449,109.46223833962236,31.696810862141025,1,1,0,0,0,0,0,5,8.604058778925245,2,0,8.320246663296613,293.5092724968572,12,1,10,2,3.2733117635358786,Male,Postgraduate,Married,454.79578941960034,15,3,0,36,28.42473683872502,5912.3452624548045,0.125,1,Loyal Regular Customers
10605,31,57410.776123584656,3,10,2,9,2,125.99692824708912,37.18806661419569,141.28230575215434,6.418883489496949,28.62528556996445,12.944994716085093,2,2,0,0,0,0,0,11,11.336661802911157,2,0,6.840780847016163,282.71978941532564,6,3,12,3,5.0,Female,Postgraduate,Single,352.45646438898564,13,5,0,42,25.175461742070404,1409.8258575559425,0.14285714285714285,1,Loyal Regular Customers
10606,68,74331.75855214539,5,11,1,5,3,92.51673363563434,70.55280438909628,132.5439935485448,119.88880229828747,41.175083922965925,42.76737645467746,0,2,0,0,0,0,0,11,9.102363735912144,3,0,7.8271511012491874,532.5532104762309,5,5,10,1,3.88725141282043,Female,Graduate,Divorced,499.44479424920627,9,3,0,42,49.94447942492063,2996.6687654952375,0.3,0,VIP High-Value Customers
10607,32,68586.06694911132,1,7,2,7,2,185.0520476025661,41.444174346795265,46.86589490044139,80.61259829590519,62.04891415134915,32.30289830721903,2,2,0,0,0,0,0,10,8.09958372614779,1,0,8.040956579233153,589.3163419326407,7,0,15,2,3.2922360618824826,Male,Graduate,Single,448.3265276042761,11,5,0,39,37.36054396702301,896.6530552085522,0.08333333333333333,1,Loyal Regular Customers
10608,42,20000.0,10,9,5,14,4,147.93506104849132,36.95690007362325,171.5070131008611,87.12686118953305,96.07897509083399,33.71198799871149,3,1,0,0,1,0,0,10,9.386669036090108,2,1,8.594320878984055,675.7545255797129,5,3,18,1,3.6220021163599116,Female,Graduate,Single,573.3167985020542,23,5,1,45,23.888199937585593,6306.484783522596,0.08333333333333333,1,Loyal Regular Customers
10609,44,64454.9603430698,7,9,4,8,1,147.2061291381952,18.34291752773941,262.5556877990837,43.3351707110156,34.06042044988986,39.61932277908648,1,2,0,1,0,1,0,7,7.40685694430797,1,0,4.528522249114692,662.8465906165112,4,5,15,0,3.8811551894689003,Male,High School,Married,545.1196484050104,13,4,2,40,38.937117743215026,4360.957187240083,0.07142857142857142,0,VIP High-Value Customers
10610,54,100508.18582069286,10,9,5,13,1,62.32921531041655,76.43019700513895,136.24337350722098,107.505057974841,12.965443332774964,90.88504881838978,1,0,1,0,1,0,0,11,6.805466526403143,2,0,6.248772514055094,536.2143026890976,8,6,8,0,3.7284535917425714,Male,Graduate,Married,486.35833594878216,19,2,2,42,24.317916797439107,5349.941695436603,0.1,1,Loyal Regular Customers
10611,60,83854.84291868996,13,7,8,8,3,60.9982507135284,29.689438268709086,69.2295692913216,58.29469776585382,83.2586906277843,59.77322944272135,3,0,0,0,0,0,0,7,5.852409564950023,1,1,7.8425650923173675,55.923236337699336,9,3,11,4,3.0593183419147114,Female,PhD,Married,361.2438761099185,19,4,0,37,18.062193805495927,5057.41426553886,0.05,1,Loyal Regular Customers
10612,49,67596.23689272544,1,7,4,8,2,131.2720917122277,19.386830534056386,205.07141634974272,108.0578640141636,23.416947242720774,68.58335385677911,0,0,0,0,0,0,0,10,4.842734084748377,0,0,7.554676053055332,812.970433733036,14,1,6,2,5.0,Male,Postgraduate,Single,555.7885037096903,14,1,0,38,37.052566913979355,1111.5770074193806,0.0,1,Loyal Regular Customers
10613,36,40930.94165154101,12,5,6,2,3,199.79914499664162,17.1148022978172,346.8637584585858,48.24185687025629,76.8548825267207,63.07726948699263,1,1,0,0,0,0,0,8,9.381729881572744,4,0,8.3509924537566,747.7632739908802,10,3,10,1,5.0,Female,Graduate,Married,751.9517146370141,11,3,0,36,62.66264288641784,9775.372290281184,0.3333333333333333,0,VIP High-Value Customers
10614,68,68595.96689026162,11,11,3,6,5,285.284941217395,36.59045706561618,88.34383078280004,112.72176797704891,54.037072390107674,22.286857133600485,0,0,0,0,1,0,1,8,7.512666559285882,1,2,5.517956942705439,566.1791936445487,5,4,8,0,3.5331683918936307,Male,High School,Single,599.2649265665683,14,1,2,36,39.95099510443789,7191.17911879882,0.06666666666666667,0,VIP High-Value Customers
10615,39,73315.49891780867,9,4,4,7,2,31.050273792828445,9.091564497019005,90.41826960444575,24.515652659909083,59.80497129717564,5.230051635454514,1,2,0,0,0,0,0,10,3.114306960566303,1,0,7.062032800102827,445.7455662917901,8,3,8,2,3.500966184646001,Male,Graduate,Single,220.11078348683242,13,4,0,33,15.72219882048803,2201.107834868324,0.07142857142857142,1,Loyal Regular Customers
10616,67,55432.55974510349,8,5,8,9,1,121.89549977644683,9.79818257826907,308.56143830098523,19.96165599793808,69.03631426584857,39.40853840948258,3,1,0,0,0,0,0,13,6.811980141080795,0,0,7.391868422880918,353.1063274516896,9,3,10,2,3.3272149102891087,Female,High School,Married,568.6616293289704,18,5,0,40,29.929559438366866,5117.954663960734,0.0,1,Loyal Regular Customers
10617,44,65701.35705847987,7,9,5,8,4,210.50065603192692,9.777223521175953,143.70892451764055,55.060032019391436,46.88492078903877,61.386167442358506,3,2,0,0,0,0,0,9,8.871818983576063,1,0,8.426740623660928,696.0469024988777,8,2,9,1,4.894141846310067,Male,Graduate,Single,527.3179243215322,17,6,0,37,29.295440240085124,4218.543394572258,0.05555555555555555,1,Loyal Regular Customers
10618,41,87173.92425112873,10,8,7,8,3,174.90509250423196,105.33958723657491,44.13627752579512,27.794513321761848,23.178952805833525,52.788996905397525,0,2,0,0,0,0,0,14,5.9207249678705605,0,0,7.908604804089133,44.5604924512445,12,4,5,0,3.857877625670056,Female,Graduate,Married,428.1434202995949,18,3,0,43,22.53386422629447,4709.577623295544,0.0,1,Loyal Regular Customers
10619,32,44569.06044464894,15,5,2,6,6,144.45620289002053,88.63851457414358,406.96683197149724,45.87808946417271,59.646011354497006,47.390213793152725,1,2,0,0,0,0,1,13,8.869042759618948,1,1,6.1344175757558865,597.5393666343375,9,4,15,1,3.0562879916659984,Female,High School,Married,792.9758640474838,14,4,1,46,52.86505760316559,11635.65917132781,0.06666666666666667,0,VIP High-Value Customers
10620,38,40950.60711073571,7,6,5,8,3,208.49532604430445,15.81458835773528,23.275002429945726,5.424357122478334,12.771089985614424,65.8392630585912,1,0,0,0,0,0,0,17,1.2911144148216653,6,0,9.15921721045929,637.6542109940259,6,1,9,1,3.0020726014960895,Male,Postgraduate,Single,331.61962699866945,16,2,0,39,19.507036882274672,2652.9570159893556,0.35294117647058826,1,Loyal Regular Customers
10621,68,72468.58786789583,5,5,10,7,4,58.32547706766218,42.203933860471196,39.11139495680963,70.02422624253215,71.52691921430238,43.53374511137511,2,0,0,0,0,0,0,7,12.674951546930807,0,1,6.692751425732644,0.0,7,1,10,0,3.9775448430108455,Female,Postgraduate,Single,324.72569645315264,21,3,0,30,14.760258929688757,1948.3541787189158,0.0,1,Loyal Regular Customers
10622,55,68235.76745156545,5,5,4,5,1,178.3262402561751,56.3735648762039,73.09469118192285,104.43617743711549,115.06362701465187,45.95373610244629,2,1,0,0,0,0,0,6,8.812387907559284,0,1,6.067958255730448,976.4746048040937,6,1,9,0,5.0,Female,Graduate,Married,573.2480368685156,10,4,0,27,52.11345789713778,3439.4882212110933,0.0,0,VIP High-Value Customers
10623,31,78519.08931743061,11,8,5,8,6,216.55296150932006,46.40940380771571,236.64571845336212,27.088741877514966,12.71153048664454,24.524762579912675,1,1,1,1,0,0,1,19,2.227439245144507,1,0,7.665124706398056,1086.819398989042,5,0,10,0,3.8476674383070315,Female,Postgraduate,Married,563.9331187144701,19,3,3,42,28.196655935723506,6767.197424573641,0.05,1,Loyal Regular Customers
10624,60,70256.28861426786,13,6,3,6,4,51.56224656115532,12.018120561223908,248.3243566383068,61.928783395860854,5.660116131918803,107.77040131659187,0,0,0,0,1,0,0,8,1.0,1,2,6.258185977357998,1031.7848861986058,8,3,10,0,3.6812286399284404,Female,High School,Married,487.26402460505756,13,1,1,35,34.80457318607554,6821.696344470805,0.07142857142857142,0,VIP High-Value Customers
10625,38,49780.40886286451,5,6,3,5,4,148.0571274046091,17.91646127770403,61.72406081914321,80.83606240096684,56.852349249800376,9.026467714144445,3,0,0,1,0,1,0,11,8.727564829481766,2,0,9.093201320700427,672.8950461825239,6,8,11,0,3.2574871371972565,Male,Postgraduate,Divorced,374.412528866368,12,4,2,42,28.800963758951386,2246.475173198208,0.15384615384615385,1,Loyal Regular Customers
10626,31,67779.46772637729,1,7,8,13,4,186.22700186004136,41.69348713204607,92.5647552006844,30.310785263108315,37.467727647757926,92.95394734906971,1,2,0,0,0,0,1,12,5.176150284112909,1,1,9.59740795861978,960.4009466020851,8,1,8,0,3.8841701252027043,Female,Postgraduate,Married,481.2177044527077,25,4,1,36,18.508373248181066,962.4354089054154,0.038461538461538464,1,Loyal Regular Customers
10627,28,39441.722220668875,8,7,3,10,4,195.88890626264117,9.471025138421442,189.2691856428879,10.746859271951475,7.739466393245699,8.302181142392158,2,0,0,0,0,0,0,9,8.909374262837181,4,0,6.801818457296337,434.3329304994702,10,5,7,0,3.837902513288688,Male,Graduate,Married,421.4176238515398,17,3,0,38,23.412090213974434,3792.758614663858,0.2222222222222222,1,Loyal Regular Customers
10628,26,55494.263188806115,12,6,7,4,1,28.792604186651968,72.97417933964202,344.1404981238394,51.5435228414824,8.396699257658828,75.29709945697194,3,2,0,0,0,0,0,10,10.52245379960974,0,0,6.111377428281957,1080.0247669794703,9,0,10,0,4.285235555487289,Male,Postgraduate,Single,581.1446032062465,12,6,0,35,44.70343101586512,7554.879841681205,0.0,0,VIP High-Value Customers
10629,47,69050.38615739527,11,4,8,6,2,78.75925536015482,11.692681577561428,21.429077133714493,74.74839940697584,49.48680100683556,45.44552758988307,0,0,0,0,0,0,0,7,5.668675279695323,2,0,8.412868987010079,541.6871386220412,3,3,13,0,3.959245192692671,Female,Graduate,Married,281.5617420751252,16,1,0,30,16.562455416183838,3378.7409049015023,0.11764705882352941,1,Loyal Regular Customers
10630,33,53510.74409896998,1,7,4,12,5,14.002540330697515,38.47438198803526,40.81291057689278,17.657355124754954,42.375616215192736,86.51436084481723,1,2,1,0,0,0,0,11,10.203906087821228,5,0,7.603572479818885,0.0,10,2,8,0,4.286681597835461,Female,High School,Married,239.8371650803905,21,4,1,38,10.901689321835931,479.674330160781,0.22727272727272727,1,Loyal Regular Customers
10631,50,104424.93928013688,4,6,5,3,2,254.1974678477879,62.30120966579027,113.51650715362914,96.48237634828703,8.99605219937241,72.12940272177151,1,0,0,0,0,0,0,10,10.69861672997966,0,0,6.47236896616856,315.1618938337791,9,6,5,1,4.1321903421297765,Male,Graduate,Married,607.6230159366384,10,2,0,36,55.23845599423985,3038.1150796831917,0.0,0,VIP High-Value Customers
10632,38,25940.683521173996,15,6,6,8,5,95.70523947860329,67.55145150914947,54.180482673221235,61.566892335754034,82.42527384219565,14.948494181504053,3,0,0,0,0,0,0,7,9.343797437473492,2,1,7.005729337693243,599.8494978753125,7,3,6,0,2.725929971632856,Female,Graduate,Single,376.37783402042777,19,4,0,29,18.81889170102139,6022.045344326844,0.1,1,Loyal Regular Customers
10633,66,50145.173574021406,9,9,1,3,2,58.546585263051554,68.2450087493885,298.34192384577517,25.30837511589567,56.0217286687417,3.8335213411959255,3,1,0,0,0,0,0,9,7.913311281193783,4,0,7.37315649724706,547.7870197397885,9,3,13,1,4.064731968113941,Male,Postgraduate,Single,510.2971429840485,6,5,0,43,72.89959185486407,5102.971429840485,0.5714285714285714,0,VIP High-Value Customers
10634,35,43119.96299034161,14,6,2,7,0,54.32865608703736,18.604857558688813,150.55193195742964,129.99718786408175,29.395151034825247,26.092917873463755,2,1,0,0,0,0,0,10,7.913311281193783,4,0,5.1411183109550675,208.13702344510602,7,1,8,1,4.2269095724359715,Male,Graduate,Single,408.97070237552657,9,4,0,32,40.897070237552654,6134.560535632899,0.4,0,VIP High-Value Customers
10635,24,47393.72146575684,9,10,3,7,3,81.5386528115864,20.54079993229334,283.3775781302591,29.852919323493012,22.703207870041965,34.97870304824095,0,2,0,0,1,0,0,14,3.913584199387862,0,1,8.847095056920665,827.6764081616882,7,3,10,1,4.771901530646575,Male,High School,Divorced,472.99186111591484,13,3,1,44,33.78513293685106,4729.918611159148,0.0,1,Loyal Regular Customers
10636,54,48426.03197734419,5,10,4,11,4,216.76397761674284,44.40801730766203,190.62747149678773,5.294546076037927,24.342738422606462,57.8161233416083,3,1,0,0,1,1,0,8,3.0680460141609123,0,0,6.122055887480588,777.8913986034372,10,0,6,1,4.053338031145556,Male,Postgraduate,Single,539.2528742614453,19,5,2,34,26.962643713072264,3235.5172455686716,0.0,1,Loyal Regular Customers
10637,31,36124.42763653812,4,4,4,6,1,63.90193933881247,55.018754000740216,231.95931395197482,84.85487512902309,15.848064958941045,40.43376041472218,0,1,0,0,0,1,0,11,8.187168775256056,2,1,6.773897255802176,334.6061855255249,13,4,7,1,3.3816023854579833,Male,Graduate,Single,492.0167077942138,11,2,1,39,41.001392316184486,2460.083538971069,0.16666666666666666,0,VIP High-Value Customers
10638,44,73548.6386743073,3,6,4,9,1,273.8795102585615,53.23636226372041,101.28354208661483,20.473531372851713,126.47516967383001,27.589067300402085,0,0,0,0,0,0,0,18,9.323936757778238,1,0,7.629315438014144,27.536611131383097,7,3,14,1,2.537963413049369,Male,High School,Married,602.9371829559806,14,1,0,48,40.19581219706537,2411.7487318239223,0.06666666666666667,1,Loyal Regular Customers
10639,40,50152.284647032175,3,8,3,6,4,42.724082780522224,57.79823230879004,36.071313334567336,33.4663840142735,27.019091015853164,52.301356473988704,1,2,0,0,0,0,0,11,9.894130290031445,0,0,9.009271522857032,669.9643937221858,7,4,11,0,4.530547699417728,Female,PhD,Divorced,249.38045992799496,13,4,0,41,17.812889994856782,997.5218397119799,0.0,1,Loyal Regular Customers
10640,55,62944.32004059578,12,5,5,11,3,377.77557348815105,48.64309542675139,138.99066176640693,28.551904671689176,46.76748364685559,87.59075591760029,3,1,0,0,0,1,0,6,7.8335446081598015,0,0,10.0,378.1489648869441,6,5,8,2,3.318680085897463,Male,High School,Single,728.3194749174544,19,5,1,30,36.41597374587272,9468.153173926907,0.0,0,VIP High-Value Customers
10641,42,52173.13628561559,5,5,5,7,3,82.72007721527721,42.53287132763014,263.6963658403551,83.75555779856566,11.798025238179463,87.40502673045302,3,1,0,0,1,0,0,6,8.94284936319958,1,0,7.083071562345726,357.3621627193228,7,7,5,0,3.924829956872501,Female,Postgraduate,Single,571.9079241504605,15,5,1,30,35.74424525940378,3431.447544902763,0.0625,0,VIP High-Value Customers
10642,35,47564.152578848225,10,6,2,5,3,277.682212100732,19.989356984894165,400.44598080078924,54.58310484967852,25.47410199476287,46.545600864362584,2,0,0,1,0,0,0,7,8.985198102106459,1,3,8.941840319876786,220.28522608575093,4,2,7,1,4.246525279522372,Male,Graduate,Single,824.7203575952194,10,3,1,26,74.97457796320177,9071.923933547414,0.09090909090909091,0,VIP High-Value Customers
10643,58,90101.02624956329,1,9,6,8,2,254.47622448718965,43.436276954927294,133.10294972359708,15.477131969130959,37.89275008519195,57.68239017451005,1,0,0,0,0,0,0,13,9.308648628994042,2,0,6.693524428274812,837.4538873252216,9,4,14,2,4.001464321825304,Male,Graduate,Married,542.067723394547,16,2,0,49,31.886336670267468,1084.135446789094,0.11764705882352941,1,Loyal Regular Customers
10644,64,76612.77927976934,5,5,3,11,2,253.86062802642695,97.71871477142912,237.58429074771232,14.92232995865087,36.15765601950402,4.7411425402056935,3,0,1,0,1,0,0,16,9.538391352050787,4,1,8.335454878827743,117.31345013561497,7,2,6,0,4.176917404384171,Female,Graduate,Married,644.9847620639289,16,4,2,36,37.94028012140758,3869.9085723835733,0.23529411764705882,0,VIP High-Value Customers
10645,61,26372.392800807393,6,7,4,4,3,114.13054464173624,27.035196781800902,100.04080074895944,12.908795059805609,1.5059893187092819,71.21431502031638,3,2,0,1,0,0,0,4,10.714083254935524,4,1,6.664156125986746,309.3918736660412,9,1,9,2,4.0984593958831255,Male,Graduate,Married,326.83564157132787,11,6,1,30,27.236303464277324,2287.849490999295,0.3333333333333333,1,Loyal Regular Customers
10646,58,24465.525929954034,7,7,3,5,2,47.5585774254832,25.013290564747116,120.1754758812065,30.928852600702044,27.28324088290766,132.2711812513287,2,0,0,0,0,0,0,10,4.27285795862734,2,1,4.998063539628738,386.6107816834706,8,1,10,0,3.458209976364451,Female,High School,Single,383.2306186063752,10,3,0,36,34.83914714603411,3065.8449488510014,0.18181818181818182,1,Loyal Regular Customers
10647,33,78766.95904145676,12,4,6,12,4,138.45494419116142,51.816794441254295,148.7398970005305,92.66695215662304,67.07967535479197,38.95930008789812,2,2,0,0,0,0,0,8,5.802737231719476,1,2,8.932779057955841,389.57532058708045,9,3,7,1,2.9741952362889164,Male,High School,Single,537.7175632322593,22,5,0,31,23.3790244883591,6990.328322019371,0.043478260869565216,1,Loyal Regular Customers
10648,50,50642.638952122434,9,4,4,8,2,69.22523839878606,11.681987703155565,359.951579698952,37.58894082075763,8.604559602108846,66.26527037406582,0,0,0,1,1,0,0,13,9.46178185612739,3,0,6.436162666781701,498.7109214113636,6,2,8,1,4.899194436907985,Male,Postgraduate,Divorced,553.3175765978259,14,1,2,33,36.88783843985506,5533.175765978259,0.2,0,VIP High-Value Customers
10649,24,30316.51798918399,3,7,1,10,3,255.19030105437378,38.14403352256448,232.600353737562,120.66912665083834,138.51358466595153,56.74278696615833,1,1,0,0,1,0,0,15,3.0313186656971727,3,0,7.842832764825813,370.2757018828902,5,2,7,1,4.559168255427084,Female,Graduate,Divorced,841.8601865974484,14,3,1,36,56.1240124398299,3367.4407463897937,0.2,0,VIP High-Value Customers
10650,54,78823.23238572614,15,8,9,4,1,133.98539134053917,70.89985583506066,213.51961446446717,42.79237813573835,38.8213805444521,43.61765583148495,0,2,0,0,0,0,0,11,7.588321129294427,2,0,5.059265098488824,611.0972638217798,5,5,5,1,3.2806150861747367,Male,Postgraduate,Married,543.6362761517424,14,3,0,34,36.242418410116166,8698.180418427879,0.13333333333333333,0,VIP High-Value Customers
10651,42,63044.232901783624,2,7,7,7,4,122.15372632571267,38.390518063346235,349.11608089495263,11.218523276977805,44.19274040060489,71.89719938735766,2,0,0,0,0,0,0,13,11.069547618972582,2,1,5.5048743782282346,572.2918333356954,4,4,10,0,3.0752734643671458,Male,Postgraduate,Divorced,636.9687883489519,18,3,0,38,33.524673070997466,1910.9063650468556,0.10526315789473684,1,Loyal Regular Customers
10652,48,64528.27952698175,14,8,5,5,2,72.27042503483956,38.21795638134089,92.29319726128409,8.155495272105224,8.265912699356354,27.547090459824513,3,0,1,0,0,0,0,13,12.5501497159444,1,1,4.736624600009164,0.0,4,5,10,0,4.273359909704253,Female,Postgraduate,Divorced,246.75007710875065,12,4,1,40,18.98077516221159,3701.2511566312596,0.07692307692307693,1,Loyal Regular Customers
10653,62,74571.70689610633,3,6,4,6,4,89.88962076398573,4.064418526751848,132.24957444748236,93.51972500135123,39.05257324651996,34.82876955897665,3,1,0,0,0,0,1,12,9.923766555167363,1,3,7.996570661967403,742.2987023164868,10,3,5,1,3.4366583774375377,Female,Postgraduate,Married,393.60468154506776,14,5,1,36,26.240312103004516,1574.418726180271,0.06666666666666667,1,Loyal Regular Customers
10654,30,36420.411150916916,12,7,2,4,3,167.7369233701761,27.54710036247136,214.4931760536571,66.54347166055722,37.085780521264454,27.919081849051302,2,1,0,0,0,0,0,10,9.18260943147896,3,2,6.0435237187348285,498.7109214113636,6,2,8,1,3.3623383662721054,Female,Graduate,Single,541.3255338171775,9,4,0,33,54.132553381717756,7037.231939623308,0.3,0,VIP High-Value Customers
10655,37,30632.98521508504,9,8,4,4,4,151.1882364997539,14.735051986200043,109.09749309174877,21.437358948554966,8.850347417144027,148.32177489605652,0,1,0,0,0,1,0,13,10.82951626024671,3,0,9.639197992532539,63.57782870017513,4,4,11,1,3.7326486523287774,Female,Postgraduate,Single,453.6302628394582,12,2,1,40,34.89463560303525,4536.302628394582,0.23076923076923078,1,Loyal Regular Customers
10656,66,88457.17730825764,12,5,5,5,5,186.38332789289996,10.85951672229075,128.34698611773803,10.236093760091515,73.55811751340111,22.741572959236564,0,0,1,0,0,0,0,5,9.251190979833854,2,1,5.200522419035904,426.618543303551,7,4,9,3,4.101131909813989,Female,PhD,Married,432.1256149656579,15,1,1,30,27.00785093535362,5617.632994553553,0.125,1,Loyal Regular Customers
10657,31,34130.998306638736,7,6,4,12,5,195.29152558519786,31.501211987560495,180.4509278777677,19.485965519133305,16.28212676216685,66.43464107947099,2,1,1,0,0,0,0,8,9.942660262559995,1,1,7.782954849317059,168.52566572451997,7,3,7,3,4.322740221351725,Male,Postgraduate,Married,509.4463988112972,21,4,1,31,23.1566544914226,4075.5711904903774,0.045454545454545456,1,Loyal Regular Customers
10658,28,37999.71965263985,9,9,6,8,3,205.75367967421792,54.93634037578033,152.2800820137773,71.72799424447942,29.428223937226818,21.56259696381068,3,1,0,0,0,0,0,11,13.65379198383312,3,0,4.438958366348734,776.22353336357,10,2,9,0,5.0,Female,Graduate,Married,535.6889172092925,17,5,0,41,29.760495400516252,5356.889172092925,0.16666666666666666,1,Loyal Regular Customers
10659,29,41596.16316817621,13,7,3,6,2,52.99807222838903,29.716586343703653,75.90151387511669,90.24271748815653,76.32623646879624,51.83835683801174,1,2,1,0,1,0,0,12,8.157328907379954,2,0,10.0,830.9505276090915,6,5,11,1,4.831122914531896,Male,Postgraduate,Single,377.0234832421739,11,4,2,41,31.41862360351449,5278.3287653904345,0.16666666666666666,1,Loyal Regular Customers
10660,63,97439.0266264294,2,10,7,7,2,155.5733840098934,63.569238310559975,99.17596964096127,8.912294715769862,10.609327067747662,62.08985698305425,0,2,0,0,0,0,0,16,7.293220135799248,3,1,5.6579011312247784,681.0938562978811,5,4,12,0,3.2395526043256924,Female,Postgraduate,Divorced,399.9300707279864,16,3,0,47,23.525298278116846,1199.7902121839593,0.17647058823529413,1,Loyal Regular Customers
10661,36,68880.8994074074,5,3,5,7,1,149.19223854802837,54.265673858446995,75.35951267321306,15.834609167763972,15.768546104449037,7.11375712480313,1,2,1,0,0,0,0,9,11.969116115631337,4,1,8.443028603003413,918.2492260580859,10,2,11,2,3.477077351800236,Male,Graduate,Single,317.5343374767046,13,4,1,35,22.6810241054789,1905.2060248602274,0.2857142857142857,1,Loyal Regular Customers
10662,57,77377.34353983685,13,9,6,7,3,41.40409465666198,21.000992720785344,237.19888271912163,140.74297778296335,32.51603036281256,13.052902440929882,3,0,0,0,0,0,0,4,7.625523265551341,2,1,6.6703166928500774,616.4852779460351,8,4,12,0,4.473605190594801,Female,Postgraduate,Divorced,485.91588068327474,16,4,0,37,28.58328709901616,6802.822329565846,0.11764705882352941,1,Loyal Regular Customers
10663,26,63531.01582041712,4,6,7,8,3,161.24150646623275,23.429842278546943,96.93494708066112,72.98884572004503,35.33520032526673,21.39082106679196,2,2,0,0,0,0,1,11,9.446418734952827,0,0,8.561054424964713,520.0641469164465,9,2,13,0,4.039255035612438,Female,High School,Divorced,411.32116293754456,18,5,1,41,21.648482259870764,2056.6058146877226,0.0,1,Loyal Regular Customers
10664,65,49166.0301983778,15,10,2,5,1,252.62517727246654,5.601108028176688,215.1065176473353,14.830692770667971,49.11845014324719,14.605080373900366,0,0,0,0,0,0,0,17,10.33801427870516,0,0,5.903049023653617,655.4736012176426,6,5,14,0,4.6854302229415765,Male,Graduate,Married,551.887026235794,8,1,0,52,61.320780692866,8830.192419772704,0.0,0,VIP High-Value Customers
10665,32,71363.24309868301,2,10,6,6,0,163.65891106785716,120.25768077249023,171.3393005727891,23.03364208139006,114.18762762664998,19.09461869796567,0,1,0,1,0,0,0,10,4.6079537026782,0,0,7.682173444330177,281.46828515278617,5,1,11,1,3.3065464649206833,Male,Graduate,Divorced,611.5717808191422,12,2,1,37,47.043983139934014,1834.7153424574267,0.0,0,VIP High-Value Customers
10666,59,31980.91252565754,9,5,4,8,2,44.46165436835611,15.770351140559583,154.40787890407216,115.73459519756717,82.27303707996681,54.966086147370646,3,0,0,0,1,1,0,8,7.915695154510585,0,2,6.584052455046397,226.63304765212166,11,5,8,3,4.032339951180159,Female,Postgraduate,Married,467.6136028378925,14,4,2,37,31.174240189192833,4676.1360283789245,0.0,1,Loyal Regular Customers
10667,61,40284.8978622631,9,3,6,5,1,69.40727073167196,39.23304854809467,66.58498514553096,28.328675180720236,56.2528809735967,29.396834525180367,2,0,0,0,1,0,0,11,6.447815642906816,2,1,10.0,449.4067473250505,6,2,11,0,4.309933380741887,Female,Graduate,Married,289.20369510479486,12,3,1,33,22.24643808498422,2892.0369510479486,0.15384615384615385,1,Loyal Regular Customers
10668,28,73193.55322670666,6,7,3,5,5,142.8485647869589,30.8170879933277,170.17571740456415,31.363035014386952,46.95609083546958,71.36476532040453,0,1,0,0,0,0,1,9,6.851232066008354,4,0,6.048076918785864,389.70335897703137,4,4,7,2,5.0,Female,Graduate,Single,493.52526135511187,13,2,1,31,35.25180438250799,3454.676829485783,0.2857142857142857,0,VIP High-Value Customers
10669,69,35569.40584511796,11,7,6,8,4,61.60212127574234,94.26659131853553,202.4847473570422,30.6806785130519,22.411201328140997,125.70954599501951,3,2,1,0,0,1,0,14,10.531693697238921,4,0,5.845314012439651,305.1667303448069,11,2,10,2,3.8089833811355875,Female,High School,Married,537.1548857875324,18,6,2,44,28.27130977829118,6445.858629450389,0.21052631578947367,1,Loyal Regular Customers
10670,46,56596.53355508628,6,8,8,4,3,171.50609073934595,43.250025659772064,238.16149647905485,31.14263086563395,4.690781016621598,12.972020078473708,0,2,0,0,1,0,0,10,4.546853947905679,2,0,9.829735937333531,899.2836855513656,9,1,10,1,4.708596009426152,Female,Graduate,Single,501.7230448389021,15,3,1,38,31.357690302431383,3512.0613138723147,0.125,1,Loyal Regular Customers
10671,21,57416.77780160259,8,9,3,6,6,123.28054165287597,34.07065144629002,74.72771578389553,77.21387824282438,187.8875403555527,134.11868462290127,1,2,0,0,0,0,0,7,7.188151680166811,1,0,8.57599517115364,308.72643928625524,4,1,6,0,3.6887275803824267,Female,Graduate,Divorced,631.2990121043398,15,4,0,27,39.45618825652124,5681.691108939058,0.0625,0,VIP High-Value Customers
10672,24,50484.083939931086,6,6,7,7,5,202.91098416841888,79.98617219565598,135.11719088483454,53.219281735491194,21.66914512884199,79.65901725069155,0,1,1,1,1,0,0,19,8.80144317875883,2,1,6.261194973529445,120.25206930788141,10,1,10,0,4.1126482104597875,Male,Graduate,Divorced,572.5617913639342,19,2,3,46,28.628089568196707,4007.932539547539,0.1,1,Loyal Regular Customers
10673,48,24879.867452720573,1,9,15,5,3,100.84282776204799,39.23461514735271,273.61560339933465,76.52967739188362,22.237782694907075,64.05618029708113,3,0,0,0,0,0,1,13,7.734971250417121,4,1,7.6389711905780295,124.69821452259998,15,3,11,1,3.477530761785416,Female,High School,Married,576.5166866926072,23,4,1,51,24.021528612191968,1153.0333733852144,0.16666666666666666,1,Loyal Regular Customers
10674,56,48679.27995860353,4,11,7,5,6,144.87971199437575,17.174827803583913,257.14464334785197,23.96625363518327,10.395729135275296,43.89004940876113,1,1,0,0,0,1,0,10,9.077561439834422,2,0,7.687521083535256,534.9341175003392,6,3,10,2,4.000998249174872,Male,Postgraduate,Married,497.4512153250313,18,3,1,40,26.181642911843753,2487.2560766251563,0.10526315789473684,1,Loyal Regular Customers
10675,57,45150.56921521526,13,6,6,4,4,76.42456261973415,49.89840597995511,148.79835190047487,2.9741051659142848,49.493755447075934,49.44297679470378,0,1,0,0,0,0,0,11,9.694673744235182,3,1,7.887347706215282,909.0605368981629,7,4,11,0,3.5383567943389225,Female,Postgraduate,Single,377.03215790785816,14,2,0,39,25.13547719385721,5278.450210710014,0.2,1,Loyal Regular Customers
10676,38,62905.917539178576,7,4,3,9,1,338.3763382083672,10.385745057096983,65.12440243239816,27.004853569798815,23.52723032408825,18.652644644747802,0,1,0,0,0,0,0,13,9.951026307875717,2,0,8.620052831174824,0.0,9,3,13,3,4.199605790975918,Male,PhD,Married,483.07121423649716,13,2,0,42,34.505086731178366,3864.5697138919772,0.14285714285714285,1,Loyal Regular Customers
10677,27,61988.82969659044,13,6,2,6,5,120.30142444299983,15.06301819171659,245.71694892344055,34.722247531484484,87.82783983247111,47.24147891250354,2,1,0,0,0,0,0,14,7.913311281193783,3,0,5.784689748210434,639.0787927388895,8,2,8,1,3.3136095937857815,Female,Postgraduate,Married,550.872957834616,13,4,0,38,39.34806841675829,7712.221409684625,0.21428571428571427,0,VIP High-Value Customers
10678,67,66803.30627886373,13,4,5,4,8,51.01387583987165,24.358748694075093,156.51394433445634,58.729002543253,92.638939914045,101.75513802930433,2,0,1,1,0,0,0,11,15.039268716104731,2,1,7.866625049285515,816.4127818694827,8,5,5,1,3.304769640566533,Male,Postgraduate,Married,485.0096493550054,17,3,2,33,26.944980519722524,6790.135090970076,0.1111111111111111,1,Loyal Regular Customers
10679,64,47832.24708646085,2,9,6,7,2,219.96137146993541,12.24122008882211,85.48526344714563,32.75332728060999,25.34125662996765,19.793483847553208,0,2,1,0,0,0,0,15,7.913311281193783,4,0,6.990138819781665,271.5178282778441,7,5,6,2,2.9795580568560176,Female,Graduate,Married,395.575922764034,15,3,1,42,24.723495172752123,1186.727768292102,0.25,1,Loyal Regular Customers
10680,20,69410.00310838605,9,10,6,10,2,98.45950729822776,26.615701275042337,137.99373439585275,16.42294225852295,78.32915615369407,68.71266834540126,1,2,0,0,0,0,0,12,7.858250929839922,1,0,3.687987025734538,259.28838618459383,7,2,12,3,5.0,Male,Graduate,Single,426.53370972674117,18,4,0,43,22.4491426171969,4265.337097267412,0.05263157894736842,1,Loyal Regular Customers
10681,41,31991.878810073704,8,8,4,7,4,213.54137083681508,2.3203177021103616,66.35725168984285,7.4993777248882125,32.216477401399175,90.06032003681831,2,1,0,0,0,0,0,12,9.36982233761723,5,0,7.541925988638816,990.1340190546919,7,3,11,0,5.0,Male,Graduate,Married,411.99511539187404,15,4,0,41,25.749694711992127,3707.9560385268665,0.3125,1,Loyal Regular Customers
10682,36,27205.714812257625,8,8,1,9,4,99.69161335288425,38.50908763454016,244.8527440432538,188.75317770640515,15.208113672844881,24.25427843516827,2,0,0,0,0,0,1,17,7.028277928487966,2,0,6.695955802053759,820.5192352283656,10,2,9,0,4.893506908781481,Male,Graduate,Married,611.2690148450965,14,3,1,46,40.75126765633977,5501.421133605869,0.13333333333333333,0,VIP High-Value Customers
10683,26,20000.0,7,7,6,3,1,24.081918500835794,47.94190962004849,45.351799036539404,79.73774405870914,14.612972377806251,58.56670757046707,2,1,0,0,0,0,0,7,11.313810153178782,2,1,8.749541466902233,371.1269227937263,7,1,17,1,4.86262724385621,Male,Graduate,Divorced,270.29305116440617,10,4,0,39,24.57209556040056,2162.3444093152493,0.18181818181818182,1,Loyal Regular Customers
10684,44,51012.64968770405,4,10,8,7,0,60.92263345278338,21.769963840921843,284.4196416535126,52.193814892790556,46.68088217142837,70.73547666737902,3,0,0,1,0,0,0,14,8.8630179804663,4,2,9.373088579338875,601.0389035656538,8,4,11,0,3.079531345659813,Male,Postgraduate,Single,536.7224126788158,15,4,1,47,33.545150792425986,2683.612063394079,0.25,1,Loyal Regular Customers
10685,64,46440.631961905965,2,6,2,7,3,118.83110101502957,7.149665618751025,183.90391378301598,45.352867116929794,22.864263826617876,140.42262354083022,0,1,0,0,0,0,0,15,12.811104926005639,4,0,8.417739959530547,499.57446608636224,12,0,6,0,3.397113959124508,Male,High School,Married,518.5244349011746,12,2,0,39,39.88649499239804,1555.5733047035237,0.3076923076923077,1,Loyal Regular Customers
10686,23,74207.6810133828,3,6,2,15,2,48.63676567976709,33.37702213437675,67.15594396890035,27.021784589868503,43.43718754883498,102.9304371515341,1,2,0,0,0,0,0,15,6.997057222322218,5,2,4.3146745799424835,731.6698865041734,7,2,9,0,4.639929729328696,Female,Postgraduate,Married,322.55914107328175,19,4,0,39,16.127957053664087,1290.236564293127,0.25,1,Loyal Regular Customers
10687,55,48324.07343312034,12,6,2,4,6,97.02200099983098,54.16744037887149,130.18176943165818,37.08684374481154,50.20734378735433,101.42966541789319,1,2,1,0,0,0,0,15,7.184254103188037,0,1,10.0,483.4755876949687,6,3,8,4,3.583847087089905,Male,High School,Divorced,470.0950637604197,12,4,1,38,36.16115875080151,6111.235828885456,0.0,0,VIP High-Value Customers
10688,25,64920.77426299681,6,7,5,10,2,197.93002885808548,9.498268664323042,121.41068011747713,17.74473234989002,29.356660818126166,34.25111277335178,0,1,0,0,0,0,0,8,7.3827369700137195,1,1,7.541925988638816,327.586962828223,7,6,13,0,3.9639901773364623,Male,Postgraduate,Married,410.1914835812536,17,2,0,41,22.788415754514087,2871.340385068775,0.05555555555555555,1,Loyal Regular Customers
10689,50,74639.33837849539,12,3,7,8,2,158.59459669590558,174.4619529450455,89.61446274668943,42.76529848112305,21.842149714637035,66.8350222406408,2,2,0,1,0,0,0,13,6.471067718581002,2,0,7.372501999742682,333.46080481431,9,1,7,0,3.100804988395596,Female,Postgraduate,Single,554.1134828240414,17,5,1,33,30.78408237911341,7203.475276712538,0.1111111111111111,0,VIP High-Value Customers
10690,38,47646.256638315914,12,7,7,9,3,130.960045803195,39.43977879888981,173.75561711931448,71.85657196542701,24.97367753129907,43.32353281910604,1,1,0,0,1,0,0,16,9.678976705578075,4,1,7.729359630159257,823.6227839116548,6,5,13,0,4.210329932306645,Male,Graduate,Married,484.3092240372314,19,3,1,47,24.21546120186157,6296.019912484008,0.2,1,Loyal Regular Customers
10691,63,65364.93978192916,5,7,9,11,4,98.8152027999127,55.975921870712135,352.0994811466203,35.15486350201269,75.21114360533376,11.887159608238958,3,0,1,1,0,0,0,9,8.765785451768,0,1,8.228458284108505,559.0713565007762,9,4,6,1,5.0,Male,Graduate,Married,629.1437725328304,24,4,2,35,25.165750901313217,3774.8626351969824,0.0,1,Loyal Regular Customers
10692,58,78034.6958811935,12,6,4,3,4,262.69456730973235,147.47098032322728,95.06572581163475,4.935810810634409,11.853078593261166,20.869991445269626,3,0,0,0,0,0,0,8,9.026216289873009,1,1,7.663103096329283,516.2347275344035,5,1,10,1,4.848307713767704,Female,High School,Divorced,542.8901542937596,11,4,0,30,45.24084619114663,7057.5720058188745,0.08333333333333333,0,VIP High-Value Customers
10693,46,37713.07005349979,8,8,7,10,1,133.27703073723868,45.73885000546548,164.12072551282463,61.232855395932084,11.89894070921309,46.563929956052675,1,0,0,0,0,0,0,10,2.059918753876394,1,0,8.762127391107947,658.5861777095855,11,4,8,0,4.1334710361565286,Male,PhD,Married,462.83233231672665,18,2,0,41,24.359596437722455,4165.49099085054,0.05263157894736842,1,Loyal Regular Customers
10694,29,60447.342088403595,6,7,5,13,2,77.24360855127782,16.678022878110703,157.87171029763644,52.06186208677275,21.327890469266947,39.79640836087922,3,0,0,0,1,0,0,10,5.05694833266946,2,0,9.656896291141248,641.8246524509641,5,1,17,1,3.1727401348572455,Female,High School,Divorced,364.97950264394393,20,4,1,40,17.379976316378283,2554.8565185076077,0.09523809523809523,1,Loyal Regular Customers
10695,45,47723.38110241234,6,6,7,10,8,194.17950863081495,19.875369425722546,172.68819205393464,83.67468350614618,76.70724924074798,132.54314146527736,0,1,0,1,0,0,0,11,7.765388476752967,1,0,4.629294556480932,191.46983994824336,5,3,12,1,3.0844234558068635,Male,Graduate,Married,679.6681443226436,25,2,1,37,26.14108247394783,4757.677010258505,0.038461538461538464,1,Loyal Regular Customers
10696,38,38859.182115123505,1,4,7,4,3,166.33575385257,68.46335060356427,24.852454900252727,38.7787123638049,79.20156040039893,49.728161703655026,3,2,0,0,0,0,0,9,8.359061423913246,2,1,6.950225873434865,387.4389101934059,6,6,10,1,4.356437745512997,Female,Graduate,Single,427.35999382424586,14,6,0,35,28.490666254949723,854.7199876484917,0.13333333333333333,1,Loyal Regular Customers
10697,58,32343.86867117588,4,6,3,6,3,69.1842519626205,60.63499697725782,295.81174291867325,77.33095228285231,48.5350205040736,89.29391331334189,3,0,0,0,0,0,0,8,12.824355015860712,2,0,8.080271879868528,188.43612757192813,4,6,10,1,3.524182472506417,Female,Graduate,Married,640.7908779588194,12,4,0,34,49.29160599683226,3203.9543897940966,0.15384615384615385,0,VIP High-Value Customers
10698,22,38568.32570078339,5,6,5,6,3,234.68701438044658,69.31094173380576,519.5711798610085,7.735513371985378,69.01063959627027,59.66450163065113,1,2,0,0,0,0,1,14,5.1443483937225984,2,0,5.578819582822733,276.29784896252596,6,3,12,2,4.06887426952425,Female,Graduate,Divorced,856.2110599076855,14,4,1,41,63.99865270494451,5759.878743445006,0.13333333333333333,0,VIP High-Value Customers
10699,64,61080.52210353622,12,6,5,8,2,135.5633439338453,52.03086883449625,155.86800875447545,16.550034009993766,19.892353496066658,63.31321798977711,3,1,0,0,0,0,0,12,4.620919620455966,2,0,10.0,876.4086216193659,9,3,9,1,2.980063280284506,Male,High School,Married,443.21782701865453,15,5,0,39,27.70111418866591,5761.831751242509,0.125,1,Loyal Regular Customers
10700,32,31004.79979988856,11,5,5,6,2,146.3223669313905,46.81187636896495,234.68716179535176,32.21623750120083,12.094612098811874,80.24693922961924,1,2,0,0,0,0,1,9,4.822284040471505,0,0,3.4901796172687973,1223.849212832749,8,3,12,2,3.714760399747383,Male,Graduate,Single,552.3791939253391,13,4,1,37,39.455656708952795,6628.550327104069,0.0,0,VIP High-Value Customers
10701,69,50086.91356640453,3,5,5,7,2,243.5180594214885,57.299781239874605,198.17761256984855,42.91908004106597,38.58287952201378,39.42853677602449,2,2,0,0,0,0,0,6,8.313538540264409,0,2,6.453125829285423,249.9315537222936,8,2,10,0,3.7012708223143456,Female,Postgraduate,Single,619.9259495703159,14,5,0,31,41.32839663802106,2479.7037982812635,0.0,0,VIP High-Value Customers
10702,47,74637.49932335215,13,5,8,6,1,45.11082235353288,44.88139676476897,73.5301852500883,81.10645168439417,52.14957109789954,45.04532151981056,2,2,0,0,0,0,0,10,10.160870015267378,4,0,8.507794295882311,353.24626322712504,9,4,12,1,3.781372624809359,Male,Graduate,Married,341.8237486704944,15,5,0,40,21.3639842919059,4785.532481386922,0.25,1,Loyal Regular Customers
10703,39,68082.19734154084,9,4,2,8,5,72.07645744948087,13.571886824200146,148.62681975562583,52.187962084822544,88.02476740107842,34.57531905452915,3,1,0,0,0,0,0,13,6.325098459995358,2,0,10.0,444.3792869735436,8,8,7,2,5.0,Female,High School,Single,409.06321256973695,15,5,0,40,25.56645078560856,4090.6321256973697,0.125,1,Loyal Regular Customers
10704,47,50450.862787113176,1,10,6,8,6,245.71698526971784,19.94786634327005,100.03560445158118,18.232125694336876,8.943929964542237,44.24897081529805,2,1,0,0,0,0,1,16,8.473220493031395,0,0,7.964439678337534,0.0,8,1,12,1,3.536721717495432,Female,Graduate,Single,437.1254825387462,20,4,1,47,20.815499168511725,874.2509650774924,0.0,1,Loyal Regular Customers
10705,27,90414.42744045703,6,7,6,10,3,68.35251801422139,62.99091740084776,139.8962725272684,63.79044041160237,31.46026708394868,50.32796368740231,1,1,0,0,0,0,0,11,4.448966196936395,2,2,8.402236596706176,1116.389764811057,5,3,9,0,3.7563782612059335,Male,Graduate,Married,416.8183791252909,19,3,0,35,20.840918956264545,2917.7286538770363,0.1,1,Loyal Regular Customers
10706,60,94074.65545040989,6,7,6,5,6,122.28145355529625,149.26732079655284,160.86109306403958,23.04350330880275,16.193815216543538,59.069563323892744,2,2,0,0,0,0,0,17,4.186573898142868,2,0,6.648346249269854,179.20775952991943,7,6,11,3,4.014976074841938,Male,Graduate,Married,530.7167492651278,17,5,0,48,29.484263848062653,3715.017244855894,0.1111111111111111,1,Loyal Regular Customers
10707,58,60470.203767715066,10,9,1,10,2,265.69066406333724,71.25760143999008,167.80697679279822,30.200129265326392,2.7226455589551386,49.21237572002641,0,0,0,0,0,0,0,11,6.647956442174524,3,1,10.0,425.2628913437755,6,4,5,3,3.9524232512858477,Female,Graduate,Single,586.8903928404335,13,1,0,35,41.920742345745246,6455.794321244768,0.21428571428571427,0,VIP High-Value Customers
10708,20,20000.0,5,2,10,3,3,56.82986152101815,100.0041586127713,94.63526417751719,66.67763679155992,33.854288124031825,52.280444630975204,2,0,0,1,0,0,1,12,10.565249920425615,0,1,10.0,597.1927345726153,11,2,7,2,5.0,Female,High School,Divorced,404.28165385787355,16,3,2,34,23.781273756345502,2425.689923147241,0.0,1,Loyal Regular Customers
10709,22,75956.06754629267,12,8,5,8,2,25.87165501491644,8.758276941383764,168.17697835212823,21.36936190293487,47.64322233874675,58.48411917713564,2,2,0,0,1,0,0,13,5.9020263096623875,1,0,8.75702585111759,506.53964522934893,3,1,14,1,4.099497042395469,Female,Postgraduate,Single,330.3036137272457,15,5,1,39,20.643975857952857,4293.946978454194,0.0625,1,Loyal Regular Customers
10710,32,20000.0,15,3,3,5,3,51.87575869103577,74.3836063582589,143.10759984181368,64.84218466071411,26.05639711205565,1.230280507142837,1,0,0,0,0,0,0,9,7.458949974293207,1,0,3.774007560677469,514.6709962222233,11,0,5,1,4.220596902582605,Male,Graduate,Married,361.49582717102095,11,2,0,28,30.124652264251747,5783.933234736335,0.08333333333333333,1,Loyal Regular Customers
10711,47,86570.62999296119,5,2,0,11,5,121.2711571720711,59.05055726766263,282.85627660137925,8.441934938193569,28.504525879702083,28.994057417573305,2,0,0,0,0,0,0,13,5.206296885432952,2,0,7.685536052488844,587.5454710379819,12,4,9,0,3.173327077601968,Male,High School,Married,529.118509276582,16,3,0,40,31.12461819274012,3174.711055659492,0.11764705882352941,1,Loyal Regular Customers
10712,68,79504.52821336138,10,7,7,5,3,104.96157353373995,42.89305169064407,228.4060225804688,18.558102944918502,28.23673125120999,30.698338238089228,3,2,0,0,0,1,0,8,4.781432150214377,0,0,6.541891620805752,158.79183118357543,8,3,11,1,4.086525113438118,Female,Postgraduate,Divorced,453.75382023907054,15,6,1,37,28.35961376494191,4991.292022629776,0.0,1,Loyal Regular Customers
10713,44,91935.82507448437,14,8,4,13,3,97.68357547060428,23.32964738669964,254.24048906704886,17.151546333531176,8.602558726210848,57.893146446715285,0,1,0,1,0,0,0,18,9.350461527272268,3,0,7.508249489737419,489.2512444473434,8,4,7,2,4.098366725684774,Female,Graduate,Married,458.9009634308101,20,2,1,45,21.852426830038578,6883.514451462152,0.14285714285714285,1,Loyal Regular Customers
10714,52,64684.78005061908,13,3,6,10,3,91.80030093625082,48.178713171714705,264.8187265890552,24.574145072265367,27.411879989627998,66.48148061312153,2,0,0,0,0,0,0,13,7.913311281193783,3,0,6.793870124313302,818.537120595499,4,2,9,0,4.554957992535553,Female,Graduate,Single,523.2652463720356,19,3,0,31,26.163262318601777,7325.713449208498,0.15,0,VIP High-Value Customers
10715,57,53495.056190726915,5,7,4,7,5,67.68581062345203,65.27173870502325,83.82514865075632,24.088389182079105,5.238393279847045,19.98842052643856,2,1,0,0,0,0,0,16,3.802205591483337,2,2,8.115049105133316,365.34026429695245,10,1,10,4,4.118847465380108,Male,High School,Single,266.09790096759633,16,4,0,44,15.652817703976254,1596.5874058055779,0.11764705882352941,1,Loyal Regular Customers
10716,25,51898.17959357597,6,7,2,4,4,93.96547734803053,35.66741578236619,222.65431845357884,17.6858177855662,51.19655848097974,88.12968811105749,3,0,0,0,0,0,0,10,3.650781997243235,1,0,6.55650613649723,524.4093240292211,11,5,16,1,3.474147121893507,Male,Graduate,Single,509.299275961579,10,4,0,49,46.299934178325366,3565.094931731053,0.09090909090909091,0,VIP High-Value Customers
10717,63,50167.31692144385,8,8,4,3,3,154.4013411684043,19.029902780690776,81.37918623669272,34.13213610273304,16.575120596083764,64.22272439245864,0,2,0,0,0,0,0,10,11.005029809523315,3,2,7.1177238293172564,613.2646892019097,5,3,9,2,4.634867074133088,Male,Graduate,Married,369.74041127706323,10,3,0,35,33.6127646615512,3327.663701493569,0.2727272727272727,1,Loyal Regular Customers
10718,64,77659.23576614464,2,6,9,5,1,184.4687937624152,89.89813231554082,327.9026702998513,6.656827215336121,77.09003591046036,21.840656783783597,0,2,0,1,0,0,1,14,2.9931434861931043,4,1,6.883294548312873,643.8382935504436,6,5,10,0,3.857856729691393,Male,Graduate,Married,707.8571162873874,15,3,2,41,44.24106976796171,2123.5713488621623,0.25,0,VIP High-Value Customers
10719,51,72820.88681110581,6,6,4,5,4,164.00552035931634,27.891094533685397,220.19760461575171,57.343718178276326,1.771941582270491,31.299476561263095,2,1,0,0,0,0,0,15,11.371215015602495,4,0,8.094931278402795,537.9987368217805,6,1,8,2,4.526888491633886,Female,High School,Divorced,502.5093558305633,13,4,0,36,35.89352541646881,3517.565490813943,0.2857142857142857,0,VIP High-Value Customers
10720,64,62164.06140181584,1,4,5,5,1,92.5242953111745,44.00924586304319,77.7292938488461,13.138356027684015,75.90168909273282,42.978942133559265,1,1,0,0,0,0,0,12,9.92868263161627,3,4,5.277631012738515,571.7689287544323,8,1,10,2,3.673472737244543,Male,Graduate,Married,346.2818222770399,11,3,0,35,28.85681852308666,692.5636445540798,0.25,1,Loyal Regular Customers
10721,66,47000.7364573145,4,7,8,8,7,105.77344599521695,4.634518128957589,171.52765958271507,27.4993021187508,15.225342349899226,81.62418014672535,0,1,1,0,1,0,0,5,6.684666435388294,2,2,4.84226722762806,260.6057983618618,11,1,4,1,3.08803773571584,Female,Postgraduate,Single,406.28444832226495,23,2,2,28,16.928518680094374,2031.4222416113248,0.08333333333333333,1,Loyal Regular Customers
10722,40,107325.82736340491,14,10,2,11,5,198.2181507901833,17.606487861745094,91.02157514391087,43.73899956345777,94.01515671600262,70.94729671917906,0,1,0,0,1,0,0,7,10.166381580877093,1,1,8.732558277955963,164.62174965488072,5,3,8,1,4.7759844656960055,Male,Graduate,Single,515.5476667944788,18,2,1,33,27.1340877260252,7733.215001917182,0.05263157894736842,1,Loyal Regular Customers
10723,35,76422.74305133166,10,8,2,8,4,196.60721973263054,75.47606310406059,116.15028234112017,129.5072531227036,50.31426850203091,21.832697413375556,1,2,0,0,0,0,0,11,7.39403341534846,1,0,6.871703958087382,597.1521005077186,7,3,6,0,4.444863756420606,Female,PhD,Single,589.8877842159213,14,4,0,35,39.32585228106142,6488.765626375134,0.06666666666666667,0,VIP High-Value Customers
10724,40,31241.18544407864,3,8,5,3,7,321.6077978132787,71.52299603412352,188.09778567106957,41.65249997445633,86.57546095985137,91.82715826329607,0,2,0,0,0,0,0,11,9.239799673448976,3,0,8.623360404892376,397.337214407528,8,1,12,1,5.0,Female,High School,Married,801.2836987160756,15,3,0,40,50.080231169754725,3205.1347948643024,0.1875,0,VIP High-Value Customers
10725,30,50707.391713131714,9,7,4,10,4,98.2311259866069,47.82869151431109,107.0560114670973,93.12705227451804,30.65259610439898,48.802591080700985,0,2,0,0,0,0,0,7,2.3775057418073953,0,0,8.752920628186189,573.8205557297417,10,6,5,1,4.351030478639107,Female,High School,Single,425.6980684276333,18,3,0,35,22.405161496191226,4256.980684276333,0.0,1,Loyal Regular Customers
10726,56,59642.99767046553,3,4,8,8,7,49.25684300408174,5.56040681843161,132.58846243951524,51.319128866344364,62.56499317804716,94.61511377832812,1,1,0,0,0,0,0,7,8.437086218612576,1,0,6.528407325323898,494.17702016700656,11,5,8,0,2.720632979755327,Male,Graduate,Single,395.90494808474824,23,3,0,35,16.496039503531176,1583.619792338993,0.041666666666666664,1,Loyal Regular Customers
10727,55,45608.299417811686,15,4,6,11,4,126.82131861392821,19.812486043073868,268.16465409796336,155.24435734125666,36.39002063346006,52.025455047906334,2,2,0,0,0,0,0,8,6.917658936481202,7,0,6.6398026271941255,316.56763701787395,8,4,13,1,3.890546851254691,Female,Graduate,Single,658.4582917775886,21,5,0,37,29.929922353526752,10535.332668441417,0.3181818181818182,0,VIP High-Value Customers
10728,54,66327.863258866,6,6,9,6,3,169.51503181916615,117.99354833135452,140.0869303915187,86.00991527220947,8.321978213761628,19.22269070132511,1,2,1,0,1,0,0,13,6.509667472335827,0,0,6.557564539621189,358.6035174943862,5,4,12,2,4.6088994131836385,Male,Postgraduate,Married,541.1500947293356,18,4,2,40,28.481583933122927,3788.050663105349,0.0,1,Loyal Regular Customers
10729,38,77114.33340605066,1,9,7,7,1,205.88583879447475,36.33361981714229,84.66946647974939,43.08545339546678,14.757120837158315,63.186994384727846,3,0,0,0,1,0,0,9,10.675818101668163,3,0,5.402112804439238,56.57365523304924,10,1,12,1,4.384030648564344,Female,Graduate,Married,447.9184937087194,15,4,1,41,27.99490585679496,895.8369874174388,0.1875,1,Loyal Regular Customers
10730,39,20000.0,12,10,2,6,3,85.77032300341956,63.475224620962095,41.01389551925121,65.4356664924286,90.70725595602957,142.93190319394836,3,0,0,0,0,0,0,10,14.325487093388938,3,1,5.016542775390395,469.6585767160235,5,2,12,0,3.4995600453383204,Male,PhD,Married,489.3342687860394,11,4,0,39,40.77785573216995,6361.345494218512,0.25,0,VIP High-Value Customers
10731,37,58055.321403793496,6,5,8,4,1,139.68051294389912,19.24775408633121,229.46380221019075,33.80302049580182,28.919270617452646,28.867708990173853,2,0,0,0,0,0,0,10,11.897078916848528,3,0,7.288824944186113,253.0428253498342,8,5,11,1,2.7413570731326056,Male,High School,Single,479.9820693438494,13,3,0,39,34.28443352456067,3359.8744854069455,0.21428571428571427,0,VIP High-Value Customers
10732,66,58761.76476417219,4,6,3,5,4,180.23725869745797,35.178882527587575,227.287755112519,33.520709359737154,33.12622518584372,23.176424709154254,3,1,0,1,0,0,0,13,11.490580543141366,4,1,5.5026669873423035,622.4052075394687,7,1,6,0,3.364766545255119,Male,High School,Single,532.5272555922996,12,5,1,33,40.96363504556151,2662.6362779614983,0.3076923076923077,0,VIP High-Value Customers
10733,60,52582.69579769179,8,7,5,9,3,120.36642191415713,19.462972857549804,172.04258735123457,149.85959560305966,24.421836032012468,37.5831594397967,3,1,0,0,0,0,0,10,5.512372146170095,5,0,7.2327051070267485,484.15414465791065,9,1,14,1,3.7093450267245416,Female,High School,Single,523.7365731978105,17,5,0,41,29.09647628876725,4713.629158780294,0.2777777777777778,1,Loyal Regular Customers
10734,68,65430.512429028735,13,11,4,7,3,105.04042923621984,25.835040868812833,480.6731005106468,13.635596687379195,17.624363972355983,64.52198678525698,0,2,0,0,0,0,0,12,10.002208777967386,2,0,7.541925988638816,598.5401473853976,10,7,9,0,4.042061298862433,Female,High School,Married,707.3305180606717,14,3,0,49,47.155367870711444,9902.627252849405,0.13333333333333333,0,VIP High-Value Customers
10735,33,71835.35293492574,11,9,5,3,3,156.00787938264105,16.710844168532923,129.01764127320067,39.747217641603626,21.505208821163105,165.97149563433166,0,2,1,0,0,0,0,12,6.852238904503173,1,0,6.169438295972508,552.1602903862857,11,2,9,0,5.0,Male,Graduate,Married,528.960286921473,11,3,1,43,44.08002391012275,6347.523443057676,0.08333333333333333,0,VIP High-Value Customers
10736,34,62556.91699784296,9,6,4,7,2,24.3726860218384,29.76479028410685,285.39189607809755,55.318934362594185,30.105180531794357,94.4760829870521,2,1,0,1,0,0,1,11,6.580888765863594,1,0,7.0259325201813025,666.6361113919365,9,4,10,1,3.6838156362064933,Female,Graduate,Single,519.4295702654834,13,4,2,40,37.102112161820244,5194.295702654835,0.07142857142857142,0,VIP High-Value Customers
10737,50,53271.106907110225,4,7,8,9,4,100.09466576203555,30.936623076032706,100.26246337516403,28.285766211905116,24.14243950932277,18.848188704701155,3,0,0,0,1,0,0,14,14.457788759972384,4,2,10.0,662.8108625710827,9,2,9,0,3.3048175738482124,Male,Postgraduate,Single,302.57014663916135,21,4,1,41,13.753188483598244,1512.8507331958067,0.18181818181818182,1,Loyal Regular Customers
10738,20,71387.18339611686,10,5,0,12,6,350.81686424768236,58.20008869697545,236.8975249328968,57.7574906599345,76.10151671080523,111.96904018048484,3,2,0,0,0,0,0,20,1.9965322212660004,2,0,9.843228457282766,400.50127201274034,13,5,12,1,3.5043603230512397,Female,Graduate,Single,856.2110599076855,18,6,0,55,46.93381712783049,9809.167779716572,0.10526315789473684,0,VIP High-Value Customers
10739,22,60882.96136693843,12,6,7,4,1,150.3922432278015,6.936570992195681,76.09906536276912,33.61538480108784,22.48912190804933,64.06643495796293,1,0,0,1,1,0,0,6,9.444452910218946,3,0,9.094620359635076,649.0712487494474,4,3,14,0,4.982076910916554,Female,Postgraduate,Single,353.59882124986643,12,2,2,33,27.199909326912802,4596.784676248264,0.23076923076923078,1,Loyal Regular Customers
10740,35,55847.39256248139,10,8,4,6,6,356.2255768105658,11.319395135076174,233.96096898306337,64.67607063804172,82.84868668270218,62.56882795834609,0,2,0,0,0,0,0,13,9.24168058967732,1,0,7.623866693005226,754.2343199577085,9,3,9,0,4.930210617543704,Female,PhD,Married,811.5995262077953,16,3,0,42,47.741148600458544,8927.594788285749,0.058823529411764705,0,VIP High-Value Customers
10741,42,36378.97106389946,6,4,5,3,7,132.96493923264003,35.54994923682767,132.90418448903804,14.542379838058613,20.740834799319714,39.7336012606377,1,0,0,0,0,0,0,11,10.511905440711775,4,0,4.756226038482493,450.3428421573305,6,6,12,2,5.0,Male,Graduate,Single,376.43588885652173,15,2,0,39,23.527243053532608,2635.051221995652,0.25,1,Loyal Regular Customers
10742,30,31872.21386521059,1,10,2,6,2,233.86498608766243,12.700011030784427,207.20384955588872,22.444379265328358,30.210888908587247,35.22771502690801,3,2,0,1,0,0,0,11,10.439548486491141,2,1,9.239110492437524,674.8188555306244,8,2,9,1,3.756785261693947,Female,High School,Single,541.6518298751591,10,6,1,40,49.24107544319629,1083.3036597503183,0.18181818181818182,0,VIP High-Value Customers
10743,31,36037.86373114673,4,7,3,5,3,91.56431682020293,14.111044261339176,176.2070627415871,19.632681559763316,18.069729150240605,49.26794760548512,2,0,0,0,0,0,0,10,9.536921445916201,1,1,6.472680187421101,563.1518065259609,5,2,14,1,3.1959841761434657,Male,Postgraduate,Married,368.8527821386183,11,3,0,38,30.73773184488486,1844.2639106930915,0.08333333333333333,1,Loyal Regular Customers
10744,29,65009.92310196387,7,6,3,7,1,100.28393883757073,98.2890850922978,225.1591440770407,9.335215306011383,31.326369514688427,127.23226161900817,3,0,0,0,0,0,0,11,9.241573458927629,0,0,9.86394950226718,649.3479363630067,8,2,12,0,3.588312222215344,Female,High School,Single,591.6260144466172,11,4,0,39,49.302167870551436,4733.008115572938,0.0,0,VIP High-Value Customers
10745,51,58576.58254308567,12,9,1,6,2,79.0272410299232,55.56733346103389,38.43001741223513,100.85701492704177,27.939138238572433,12.738913870765078,2,1,0,0,1,0,0,10,5.685725615653381,1,1,6.384378220077324,646.9447468282591,6,6,11,0,5.0,Male,Graduate,Single,314.5596589395715,9,4,1,42,31.45596589395715,4089.275566214429,0.1,1,Loyal Regular Customers
10746,35,33354.886232265664,15,8,3,7,2,223.9014049033968,29.864714385387497,142.4269021356881,26.138662404971164,57.07715537894612,67.17248464813768,2,2,0,0,0,0,0,9,8.189150863461546,0,1,9.4684712023548,786.5598051397686,6,4,13,0,2.7605470051212624,Male,Graduate,Single,546.5813238565273,12,5,0,40,42.044717219732874,8745.301181704437,0.0,0,VIP High-Value Customers
10747,27,71626.5208642886,1,9,4,6,3,66.31983859175911,18.475287906026924,275.8920922731496,82.24409026477123,28.97923220359111,57.1157191839641,1,0,0,0,0,0,0,10,10.530924469198123,1,0,8.64777691097991,62.42797099390623,12,3,4,1,4.857002126293502,Male,High School,Single,529.0262604232621,13,2,0,38,37.787590030233005,1058.0525208465242,0.07142857142857142,1,Loyal Regular Customers
10748,57,84737.57123722372,8,6,4,11,3,32.44005076096761,103.44719456847659,297.74415168872355,27.71755745243199,91.168127184324,48.61067103233895,3,1,0,0,0,0,0,15,5.98684507508573,1,3,4.2842100714300075,673.466109630381,4,2,7,0,2.6819958484961246,Male,High School,Single,601.1277526872626,18,5,0,34,31.638302773013823,5410.149774185364,0.05263157894736842,0,VIP High-Value Customers
10749,31,49227.11489910595,12,5,7,8,4,208.88455254918188,9.365083318392342,201.78468391711482,44.5956324636611,17.50360478659904,90.4226750611705,1,2,0,0,0,0,0,16,9.129705905942998,1,0,8.913261891137434,660.3250864723655,7,2,10,0,3.035517669513382,Male,Postgraduate,Single,572.5562320961197,19,4,0,40,28.627811604805988,7443.231017249556,0.05,0,VIP High-Value Customers
10750,43,28662.32656736927,10,10,9,11,0,61.922780295355835,68.73510953818133,281.7969252652124,137.05504724196265,43.20986824691153,13.917700866530225,3,1,1,0,0,0,0,11,10.566161583719262,4,0,7.620967345817144,832.764626176041,11,5,19,1,3.8608111395170654,Male,Postgraduate,Married,606.6374314541541,20,5,1,56,28.8874967359121,6673.0117459956955,0.19047619047619047,1,Loyal Regular Customers
10751,47,47235.72507176557,12,8,1,8,2,191.33151521025906,107.76343981087786,138.4590272334071,83.23710047797086,49.51966558681711,113.22461276843843,2,0,0,0,0,0,0,11,7.02906527953853,2,0,5.506515316911581,589.2707494829174,8,2,6,4,3.9888613079281146,Male,PhD,Single,683.5353610877705,11,3,0,35,56.96128009064754,8885.959694141016,0.16666666666666666,0,VIP High-Value Customers
10752,27,75380.29128230449,11,5,3,4,3,103.82850300088701,35.74726313836577,8.181964701800837,83.59401010776072,69.89761942837919,2.1586167964198877,0,2,0,0,0,0,0,8,12.690521155000326,3,0,6.883391460608188,694.8236123314705,10,2,7,1,3.2753619887963468,Female,Postgraduate,Married,303.4079771736134,10,3,0,32,27.582543379419402,3640.895726083361,0.2727272727272727,1,Loyal Regular Customers
10753,47,69873.53745362593,6,7,5,6,4,459.3213437275186,45.95295252928736,103.25974856121049,33.25171983196023,16.911991345405113,40.41177718522373,3,0,0,1,0,0,0,11,9.72204803177658,1,1,10.0,462.53145643201145,7,2,14,0,4.032944979315509,Male,Graduate,Divorced,699.1095331806056,15,4,1,41,43.69434582378785,4893.766732264239,0.0625,0,VIP High-Value Customers
10754,55,43396.211651793375,5,8,1,6,1,320.5049128609817,47.943306343845016,164.09175601448922,12.657113631488546,64.9548377493463,12.081691459756513,2,0,0,0,0,0,0,12,3.263615702407659,1,0,4.480999904784345,275.6630486026751,7,4,8,0,2.497658381428912,Female,Graduate,Married,622.2336180599073,8,3,0,39,69.13706867332303,3733.4017083594435,0.1111111111111111,0,VIP High-Value Customers
10755,45,87381.09847976535,10,5,3,8,1,528.7164759721322,57.63040774503415,177.73570586225756,16.962582844390628,121.15160304148037,38.12349746284814,0,1,0,0,0,0,0,16,8.285200514940916,2,1,7.601653717581945,507.0254788472271,10,4,13,2,3.964094929794261,Male,PhD,Single,856.2110599076855,12,2,0,48,72.33232868678024,10343.523002209575,0.15384615384615385,0,VIP High-Value Customers
10756,27,84269.04118667518,11,8,5,9,3,56.89817112402188,41.85112698431526,194.88659777026976,33.41362910130948,59.8542976990415,120.11076926812775,3,0,0,0,0,0,0,12,5.662504757557347,3,0,6.582408718477982,476.91632639321995,10,3,10,4,3.4059834725779954,Male,Graduate,Single,507.01459194708565,17,4,0,43,28.16747733039365,6084.175103365028,0.16666666666666666,1,Loyal Regular Customers
10757,69,46805.89086102046,15,4,7,5,3,119.82828227195674,45.274112857182175,156.413834455368,115.40311634975286,14.420671647389337,33.38820794901074,0,2,0,0,0,0,0,6,4.93789583482407,0,0,8.392259406989314,576.1021309556492,9,3,5,2,3.4609486860213283,Male,Graduate,Divorced,484.72822553065987,15,3,0,27,30.295514095666242,7755.651608490558,0.0,0,VIP High-Value Customers
10758,47,46620.7799466306,14,5,4,8,3,32.213360105236085,17.98645445606969,157.91792365050352,57.3191894315749,25.106759900857426,19.75410005051111,3,1,1,0,0,0,0,14,5.133531060214253,1,0,9.096631132379848,1071.148315714408,8,4,12,1,3.6458707362649587,Female,High School,Married,310.2977875947527,15,5,1,43,19.393611724672045,4654.466813921291,0.0625,1,Loyal Regular Customers
10759,47,49329.09712716919,9,8,6,3,4,160.31687904661771,5.29961577592219,242.04054749652357,87.32497415343856,35.05175288052414,109.45808525401637,3,0,0,0,0,0,0,12,13.73468028002404,1,1,7.881484366501355,570.3249099728203,6,4,10,0,4.080423768160114,Female,PhD,Divorced,639.4918546070426,13,4,0,40,45.67798961478876,6394.918546070426,0.07142857142857142,0,VIP High-Value Customers
10760,56,50868.01004300617,2,6,4,5,2,61.88530970024825,65.70678335518548,89.6828600595097,55.45326805547434,20.096963939740412,56.41614344213413,0,0,0,1,0,1,0,12,5.609752130512571,0,0,8.954406365651048,508.61759493926746,7,4,12,3,4.916401441951984,Male,High School,Married,349.2413285522923,11,1,2,41,29.10344404602436,1047.723985656877,0.0,1,Loyal Regular Customers
10761,60,77109.68414271198,5,7,3,9,4,124.42309294171667,11.785099533563423,176.25460646053216,25.922013707195653,77.34956411801238,38.89074480444193,1,0,0,0,0,0,0,11,7.561737047487896,0,0,6.00305394302554,507.67793796034016,7,4,12,0,3.8372247070689136,Female,Graduate,Married,454.6251215654622,16,2,0,41,26.74265420973307,2727.7507293927733,0.0,1,Loyal Regular Customers
10762,55,67655.9230885787,6,4,5,6,5,19.708694186449033,93.39379546636093,201.98480037660605,26.18148375816107,9.112386895924494,23.623751087261724,0,1,0,0,0,0,0,6,8.982165617583222,1,1,7.541925988638816,609.7114963536017,8,2,9,1,4.528392022616982,Male,Graduate,Single,374.0049117707633,16,2,0,29,22.000288927691958,2618.034382395343,0.058823529411764705,1,Loyal Regular Customers
10763,46,75787.41784831058,7,5,4,15,5,21.100830887818923,31.318914307971877,107.44552680639553,53.99707111777906,16.102428904345267,52.003522526522076,0,2,1,0,0,0,0,10,5.89048222040321,0,0,10.0,537.4556728960633,15,3,9,3,2.918534001001736,Male,Postgraduate,Married,281.9682945508327,24,3,1,42,11.278731782033308,2255.7463564066616,0.0,1,Loyal Regular Customers
10764,36,72124.1725773606,5,7,4,9,5,68.28462827062107,125.76985914518113,131.2404142454975,140.9607496860246,21.76449009960095,40.3553616201605,2,1,1,0,0,0,0,10,5.527187577912986,1,1,6.521122777587884,549.5066349808903,10,2,11,0,3.838279840096841,Male,PhD,Married,528.3755030670858,18,4,1,40,27.809237003530832,3170.2530184025145,0.05263157894736842,1,Loyal Regular Customers
10765,28,90861.48722748717,9,7,4,6,1,75.65731240222418,44.94372947458891,358.4588413193819,33.72088611043199,61.38514074426485,64.68040946204535,0,0,0,0,0,0,0,9,6.13304027659696,0,1,6.182180877243793,465.6390924530653,5,4,13,0,4.86387760093318,Female,PhD,Married,638.8463195129372,11,1,0,38,53.23719329274476,6388.463195129371,0.0,0,VIP High-Value Customers
10766,52,40931.06021143547,1,6,5,7,1,263.14759486368405,24.507193943018915,171.35923297021696,43.346915813581134,34.20017514288348,9.686379118198047,3,1,0,0,0,1,0,9,6.256020760323105,5,1,6.670199226865278,675.9106494810067,9,2,11,1,3.9809208258865976,Male,Postgraduate,Married,546.2474918515826,13,5,1,37,39.017677989398756,1092.4949837031652,0.35714285714285715,1,Loyal Regular Customers
10767,39,66846.45354691049,7,7,4,8,1,94.1991576192794,54.74821317317768,561.4170770908145,14.174409143434396,54.917726585970435,56.09192807782445,3,0,0,0,0,0,0,14,9.592372348520534,1,1,8.311248958002867,272.0450324110095,3,1,14,1,3.40203553267082,Male,Graduate,Single,835.548511690501,13,4,0,39,59.682036549321495,6684.388093524008,0.07142857142857142,0,VIP High-Value Customers
10768,32,20871.21738777544,10,10,8,3,5,170.27530174629783,115.87160413761602,163.9321014136253,65.43943169682967,33.80047419841555,93.88396992545148,0,1,0,0,0,0,1,9,5.440162148339029,4,0,7.50206236366355,396.8300923247716,8,1,15,2,3.9964720734455472,Male,Graduate,Single,643.2028831182358,16,2,1,43,37.8354637128374,7075.231714300594,0.23529411764705882,0,VIP High-Value Customers
10769,47,36294.79966625655,7,8,3,8,5,29.76630859085784,37.57450085440951,249.3374145258698,32.46529694983027,39.99254418648832,8.343141684266158,2,0,0,0,0,0,0,17,12.605390022382748,1,0,8.550375806182542,798.7122903262846,6,4,10,0,3.4443255400031663,Female,Graduate,Single,397.47920679172194,16,3,0,45,23.38112981127776,3179.8336543337755,0.058823529411764705,1,Loyal Regular Customers
10770,67,58652.63905317275,4,5,5,7,5,146.40237037489226,36.194298940434024,56.88249668931485,48.66405545493067,22.831524591995752,136.79318041845295,3,1,0,0,0,0,0,12,7.357377933056583,2,0,6.343107431551468,425.4528567233615,8,5,11,1,4.944486636582649,Female,Graduate,Married,447.7679264700205,17,5,0,41,24.875995915001138,2238.8396323501024,0.1111111111111111,1,Loyal Regular Customers
10771,48,67527.71902958165,9,7,4,8,1,140.30780794946887,33.86901066874945,38.2396438924064,26.525210100902342,46.57981852754108,23.116298202901355,1,0,1,0,0,0,0,14,12.865967704386703,6,0,5.2301382132971845,290.4366343014789,9,3,10,0,3.991443297973222,Male,High School,Married,308.6377893419695,13,2,1,43,22.04555638156925,3086.377893419695,0.42857142857142855,1,Loyal Regular Customers
10772,32,58167.31664346775,14,7,3,4,2,186.66317738004867,24.12936650025207,81.90267405318788,84.72134071858672,59.90502148907018,11.574005247779974,0,0,1,0,0,0,0,13,7.813380214451068,1,1,6.488216928640152,545.0240765454907,12,3,13,2,3.350505948055918,Female,Graduate,Single,448.89558538892544,9,1,1,48,44.889558538892544,6733.433780833881,0.1,0,VIP High-Value Customers
10773,65,49790.53646137179,12,8,5,5,3,136.49618399960744,42.13065712828001,267.2078305781927,73.0430755251207,14.30726586571004,35.93570576707628,1,1,0,0,1,0,0,13,3.5416942667354574,4,0,5.370087185801371,376.1045681744589,14,7,7,1,4.075564279857558,Female,High School,Divorced,569.1207188639871,13,3,1,49,40.651479918856225,7398.569345231833,0.2857142857142857,0,VIP High-Value Customers
10774,54,52990.47820512532,11,5,5,4,3,338.96646028230975,46.858776859480244,132.91495871011512,15.621513785664016,23.876293224952633,17.90238822331012,2,1,0,1,0,0,1,11,6.1035824353676436,1,0,7.7713619701811725,231.60274557477862,5,7,8,3,5.0,Female,Graduate,Divorced,576.1403910858319,12,4,2,36,44.318491621987064,6913.684693029983,0.07692307692307693,0,VIP High-Value Customers
10775,25,84649.93757563387,5,6,5,7,3,97.72389558051938,124.3144397805541,55.032922162486265,12.67761808868057,40.35377128373923,20.995539114162412,1,0,0,0,0,0,0,18,9.603766573143703,1,1,7.189976254487753,728.4255841292086,4,1,12,0,3.7792675370693263,Female,Postgraduate,Single,351.0981860101419,15,2,0,41,21.943636625633868,2106.589116060851,0.0625,1,Loyal Regular Customers
10776,37,53087.42079815747,4,6,2,4,3,64.85588870019222,24.531559150901316,162.0750644158642,37.22650877620389,45.329752732352034,36.09438330980464,0,2,1,0,0,0,0,11,4.873441829168007,4,0,7.6369739920033455,376.0252233514259,11,4,11,1,3.9829714655399373,Female,High School,Married,370.1131570853183,9,3,1,43,37.011315708531825,1850.5657854265914,0.4,1,Loyal Regular Customers
10777,70,91486.3491967835,13,6,4,8,1,192.11475936169435,101.67457314088864,252.66087521545904,23.574585483141107,13.274183770256641,30.151566811433998,1,0,1,0,1,0,0,9,7.881175319403144,2,0,7.899076517666859,542.5691435155989,10,2,9,1,3.3233123203585313,Female,High School,Single,613.4505437828739,13,2,2,36,43.81789598449099,8588.307612960234,0.14285714285714285,0,VIP High-Value Customers
10778,24,74292.3073237404,7,4,4,9,2,147.84876602481177,48.955062051196506,88.34057735823481,54.79232458903661,87.02126249940706,37.72704294713397,3,0,0,0,1,0,0,8,9.050251956566637,5,1,6.623481918972841,479.2857866407653,11,2,5,0,4.539108474562731,Female,Graduate,Married,464.68503546982066,15,4,1,30,29.04281471686379,3717.4802837585653,0.3125,1,Loyal Regular Customers
10779,66,68235.67223066815,4,8,7,6,1,66.69061002975094,55.117709543949836,261.5432068647671,67.61871497093436,30.180466290425972,143.0779415839842,1,2,0,0,0,0,0,14,9.128907539081236,2,3,8.494690104757513,394.51299286692125,9,3,5,1,4.006050971447128,Male,Graduate,Married,624.2286492838124,14,4,0,39,41.61524328558749,3121.143246419062,0.13333333333333333,0,VIP High-Value Customers
10780,44,38515.25561422208,15,6,2,9,3,172.0669674782019,21.667694201336598,66.38609103794865,158.29274479986773,25.356367002661287,8.160937140147512,2,0,0,0,0,0,0,13,9.714392827555034,0,1,7.756140569377175,403.3412908152555,3,3,10,0,3.4957623494634156,Male,Graduate,Married,451.9308016601636,14,3,0,35,30.128720110677573,7230.892826562617,0.0,1,Loyal Regular Customers
10781,21,76834.28690519328,3,13,3,6,6,226.56938107451666,31.714617162296758,248.8679063723022,36.09442698942921,131.9967592509632,25.542329943929843,2,1,0,0,0,0,0,12,8.707989287894716,2,0,6.618915895075479,496.87618657455903,10,1,10,2,4.546903446151725,Male,Postgraduate,Married,700.7854207934379,15,4,0,46,43.79908879958987,2803.1416831737515,0.125,0,VIP High-Value Customers
10782,29,51112.12960052701,9,6,4,6,4,151.65439705843923,27.198826413615645,288.34234289504326,10.22242264197013,45.19309813689975,61.802014580337925,2,1,0,0,0,0,0,11,4.986989783110433,4,0,8.118778053327501,794.3859014914484,4,4,8,1,3.7859776370442235,Male,Postgraduate,Married,584.413101726306,14,4,0,33,38.9608734484204,5844.13101726306,0.26666666666666666,0,VIP High-Value Customers
10783,49,38500.0843558974,11,7,5,10,5,136.4467000427768,58.99126321935695,102.95222443000074,27.427711615935674,51.07362043807874,45.8527291181599,3,2,0,0,0,0,1,13,7.180887517967565,3,0,8.087752721553919,579.5473227204699,9,1,12,0,4.924172089352659,Male,Postgraduate,Single,422.7442488643088,20,6,1,42,20.130678517348038,5072.930986371706,0.14285714285714285,1,Loyal Regular Customers
10784,69,69231.18503542879,8,4,7,6,3,43.4186111374475,15.418278662842786,311.64101660449774,9.801938886388644,37.57087686642626,57.13158833731356,2,0,0,0,0,0,1,6,8.036715521572358,4,0,10.0,877.0750836049903,10,2,10,1,2.374768433558185,Female,Postgraduate,Married,474.98231049491653,16,3,1,32,27.940135911465678,4274.840794454249,0.23529411764705882,1,Loyal Regular Customers
10785,64,35016.97090980229,1,5,5,4,1,95.77333877614235,14.666003760060436,346.3728339469735,21.80732167299463,31.737132970259538,50.045612607361825,3,1,0,0,0,0,0,7,9.335560976038153,3,0,8.411688507760823,363.4110528679528,7,0,14,1,3.983266504116027,Male,High School,Divorced,560.4022437337924,10,5,0,33,50.945658521253854,1120.8044874675847,0.2727272727272727,0,VIP High-Value Customers
10786,24,46279.65368166752,7,7,3,10,2,63.7294177746131,3.976181014183116,196.33087137856134,49.087201752166486,47.810530771043105,39.31805512500641,2,0,0,0,0,1,0,8,5.800883386128811,2,0,9.124620910660097,525.2194818651844,9,4,10,3,3.748934486619079,Male,Graduate,Married,400.25225781557356,15,3,1,38,25.015766113473347,3202.0180625245885,0.125,1,Loyal Regular Customers
10787,52,59817.91359355959,9,7,2,6,5,174.84663581659507,55.315073901457794,107.83498901056515,39.16791726565728,10.994576825670723,6.096153476024035,2,2,1,0,1,1,0,13,7.876580078103607,1,0,6.852701929119916,202.60855886757344,9,5,13,1,3.5720213353995907,Male,Postgraduate,Married,394.25534629597007,13,5,3,47,28.16109616399786,3942.5534629597005,0.07142857142857142,1,Loyal Regular Customers
10788,20,99931.5856340651,8,8,5,6,7,44.55300527307652,11.539828535192452,579.537150346131,62.398085853004616,34.085070686906946,114.99231233020251,2,1,0,0,0,0,0,11,13.744999646840556,4,0,6.113548403329029,664.3663056679543,4,3,11,0,5.0,Female,Graduate,Married,847.1054530245142,18,4,0,37,44.58449752760601,7623.949077220628,0.21052631578947367,0,VIP High-Value Customers
10789,37,47635.51639573523,8,6,7,5,5,47.53064995031989,34.88466725821074,97.80901489876145,27.712557548814498,17.913087793339987,25.56117842973167,3,2,0,0,0,0,0,9,10.793367017414248,3,0,8.372159674297581,761.0802355171259,5,2,15,1,4.173840652964873,Female,Graduate,Divorced,251.41115587917824,17,6,0,37,13.967286437732124,2262.700402912604,0.16666666666666666,1,Loyal Regular Customers
10790,51,51752.102652589645,13,14,5,5,3,59.250176199767694,9.783944641800906,372.9912130236235,8.22105399516382,19.105268863184566,15.314330915735745,2,0,0,0,0,0,0,14,10.64609293684531,1,0,6.385897502589708,498.7109214113636,7,3,15,1,4.008406159932836,Male,Graduate,Married,484.66598763927624,13,3,0,53,34.61899911709116,6785.323826949867,0.07142857142857142,0,VIP High-Value Customers
10791,66,73182.21097958961,6,2,5,6,4,72.80580276202272,35.63774524478481,449.2456447750153,130.1299102862997,9.397408126399991,45.893386159941315,3,0,1,0,0,0,0,11,7.827131396273289,5,0,6.794176358735376,728.0892259937889,11,5,11,1,5.0,Male,High School,Married,743.1098973544639,15,4,1,40,46.44436858465399,5201.769281481247,0.3125,0,VIP High-Value Customers
10792,68,37710.67760923117,11,7,7,7,2,54.50425636300549,34.00607327813154,200.87725837003822,30.62808519683074,18.7176371664846,179.10881119616295,3,0,0,0,0,0,0,14,8.568061762895935,3,1,5.340958841277036,495.8656125368195,13,5,14,1,4.080282742759722,Female,Graduate,Married,517.8421215706535,16,4,0,53,30.46130126886197,6214.105458847842,0.17647058823529413,1,Loyal Regular Customers
10793,30,67970.51485837648,4,5,7,12,3,93.03139296149486,22.582105988937563,76.05404153824146,2.064554869353375,19.673816563390968,77.212325779167,3,2,1,0,0,0,0,15,8.04898389245168,0,0,7.541503218943376,611.1199683200566,7,5,10,0,3.746892803263295,Male,High School,Married,290.6182377005852,22,6,1,42,12.635575552199358,1453.0911885029261,0.0,1,Loyal Regular Customers
10794,40,59642.99767046553,8,4,10,2,4,98.9895790236311,47.090859500997944,191.00059445963015,45.23483591629993,3.5646941984971265,89.28542467066424,1,1,0,0,0,0,1,17,9.445443300927613,2,0,7.087967066961281,723.6543041731752,6,2,11,0,4.3011853409054375,Male,Graduate,Single,475.16598776972046,16,3,1,40,27.95094045704238,4276.493889927484,0.11764705882352941,1,Loyal Regular Customers
10795,45,54472.292075200174,3,5,4,4,1,210.57426606381776,21.461543501341765,488.4783606455536,52.851119488530095,83.4235601675944,278.76153474061186,2,2,0,0,0,0,0,6,4.29615108298991,3,1,7.085946117670222,786.3149827914392,7,3,11,2,1.7424401941193972,Female,High School,Married,856.2110599076855,9,5,0,32,113.55503846074494,4542.201538429797,0.3,0,VIP High-Value Customers
10796,44,78470.77706514359,13,4,4,8,4,65.23842431432892,64.61003081995653,107.35460875782744,7.386543130445239,53.73359281584896,56.59603573637812,3,1,0,0,0,0,0,9,5.6086109688699715,0,0,8.705997634632698,498.8797188727834,8,4,6,0,4.385610725295451,Male,High School,Single,354.9192355747852,16,5,0,31,20.877602092634422,4968.869298046993,0.0,1,Loyal Regular Customers
10797,41,65246.09861781251,9,5,0,4,4,74.47110661394198,75.50292511910047,150.2564637256181,36.6814106644374,12.211810711950266,12.526885787936695,1,0,0,0,0,0,0,11,3.785279745307342,0,1,6.586305174664194,347.7434157263873,16,2,8,0,3.6776707570331824,Male,PhD,Married,361.65060262298493,8,2,0,42,40.18340029144277,3616.5060262298493,0.0,1,Loyal Regular Customers
10798,46,46847.72465153195,13,7,3,9,1,168.01981191436494,78.63286354979496,31.673117168734777,53.92608534936555,15.600121058064463,28.25649935581512,0,0,0,1,0,1,0,8,10.242204050119955,4,0,7.620054736172673,845.6543157320822,13,1,10,0,2.964159608980926,Male,High School,Married,376.1084983961398,13,1,2,39,26.864892742581414,5265.518977545957,0.2857142857142857,1,Loyal Regular Customers
10799,68,56439.51565386289,2,7,3,15,0,189.049003095998,35.33008193879197,150.77847903792872,81.91532714312841,12.09089520449086,29.11998613682478,3,2,0,0,0,0,0,13,10.183120513266173,6,2,6.6990372564810095,523.9388254777554,8,6,15,0,4.011365830663527,Male,Postgraduate,Married,498.2837725571627,18,6,0,49,26.22546171353488,1494.8513176714882,0.3157894736842105,1,Loyal Regular Customers
10800,32,53164.36788035564,2,11,2,9,2,129.836945848063,53.427097614212244,230.78037256307272,91.29237307178481,23.11486876745352,11.322356555801264,3,1,0,0,0,0,1,8,6.0537114053879675,1,0,5.503271176035509,490.1725346637681,8,3,6,1,4.175465210930773,Male,High School,Single,539.7740144203876,13,5,1,36,38.5552867443134,1619.322043261163,0.07142857142857142,1,Loyal Regular Customers
10801,52,58422.511359303404,12,7,9,6,3,167.41062636062074,35.234412563484625,83.01377098624944,60.550532242431665,22.25690003225482,36.514682965279356,2,0,0,1,1,0,0,9,5.8879318961605165,3,1,7.834907786361931,324.4484605352999,15,2,11,0,5.0,Male,High School,Married,404.9809251503206,18,3,2,44,21.3147855342274,5264.752026954168,0.15789473684210525,1,Loyal Regular Customers
10802,53,62748.922185956915,13,7,8,5,4,31.14296106109272,49.05149836009954,364.7003575397453,79.17392521656134,126.2260587947,109.4237774968267,3,0,0,0,0,0,0,15,10.200348343226088,1,0,8.16674231071232,478.5906529332754,8,4,10,2,3.331239545729784,Female,Postgraduate,Single,759.7185784690255,17,4,0,44,42.20658769272364,10636.060098566357,0.05555555555555555,0,VIP High-Value Customers
10803,60,70587.59882949342,15,4,8,3,3,198.35310026819192,36.6383467718989,60.54896710458707,81.52303074171326,22.99806000195279,125.99062137284304,0,2,1,0,0,0,0,5,10.129496220810458,1,0,8.684527350243302,412.15248628963934,9,4,13,0,4.114090713808516,Female,High School,Single,526.052126261187,14,3,1,35,35.070141750745805,8416.834020178992,0.06666666666666667,0,VIP High-Value Customers
10804,54,69156.02849256844,12,8,4,11,3,116.5719173994007,39.51280881477641,108.47276067464504,51.84320357185571,42.785483866966835,23.20480919664687,3,2,0,0,0,1,0,12,12.873504671017763,2,0,8.201836116775192,269.58562547745237,9,5,10,0,4.285085285490345,Male,Graduate,Single,382.3909835242916,18,6,1,44,20.12584123812061,4971.082785815791,0.10526315789473684,1,Loyal Regular Customers
10805,20,20000.0,7,6,10,6,2,171.0309765325848,96.48266180272346,326.84093445232946,106.85368476845296,15.98832035560456,120.95320227424767,3,1,0,0,0,0,0,13,5.531138017470051,1,2,6.803661215358286,296.7356627951665,7,3,12,2,4.150626624549609,Male,High School,Married,838.1497801859429,18,5,0,41,44.11314632557594,6705.198241487543,0.05263157894736842,0,VIP High-Value Customers
10806,40,58248.45260210352,12,8,3,8,3,138.04882712345588,5.646763353740591,143.57785106557327,100.53441645039705,57.342152618733955,64.71560803233817,2,0,1,1,0,0,0,14,7.657793689255818,3,0,10.0,650.5977547926802,9,2,9,0,4.113456878768907,Female,PhD,Married,509.8656186442389,14,3,2,42,33.99104124294926,6628.253042375106,0.2,0,VIP High-Value Customers
10807,67,32830.40555867828,10,4,2,4,4,90.97578426417144,40.79562729057941,409.8336250338353,7.2736082935530995,22.482752579024186,15.566741377293617,3,1,0,0,0,0,0,13,8.374921353054425,3,0,7.476983581665861,434.02031760341674,9,5,7,2,4.1565386232381565,Male,PhD,Single,586.9281388384571,10,5,0,38,53.35710353076883,6456.209527223028,0.2727272727272727,0,VIP High-Value Customers
10808,25,55036.90945558813,4,9,2,13,6,151.61930867325347,40.58815439946266,41.54535390080697,51.440278930267894,9.148439903695582,5.196731954731433,0,1,0,0,0,0,0,14,9.697579965585183,2,1,7.584903215784036,537.2135303858283,5,4,11,2,3.1042759223469982,Male,PhD,Married,299.538267762218,21,2,0,43,13.615375807373546,1497.6913388110902,0.09090909090909091,1,Loyal Regular Customers
10809,47,57771.78741940344,10,9,2,6,3,82.31925321543977,20.877657141678625,126.34633426588194,38.675169866389744,19.28117117000092,66.60736989595875,1,1,0,0,0,0,0,13,10.901702069114856,1,1,5.7871064415419875,442.61065160051936,8,5,4,3,4.587619412262095,Male,Graduate,Divorced,354.1069555553497,11,3,0,39,29.50891296294581,3895.176511108847,0.08333333333333333,1,Loyal Regular Customers
10810,36,77570.67044552477,8,7,6,8,5,375.48991178831426,52.347780491791596,194.13928502454473,17.97904164347114,18.19216074390897,51.519387943233376,2,2,0,0,0,0,0,13,7.643598098918506,2,0,6.510602351692249,270.19771590552784,8,4,11,0,4.70717221094341,Male,Graduate,Married,709.667567635264,19,5,0,43,35.4833783817632,6387.008108717377,0.1,0,VIP High-Value Customers
10811,24,59457.92159219821,9,9,2,12,3,40.4220813030769,33.875551282024794,478.35696879978804,51.001159082665545,46.21920222302198,43.070266800470876,1,1,0,0,0,0,1,8,8.658934553780739,2,1,9.270632446077908,797.4069167294964,9,2,11,2,3.6690222742562155,Female,Postgraduate,Married,692.9452294910482,17,3,1,39,38.49695719394712,6929.452294910481,0.1111111111111111,0,VIP High-Value Customers
10812,50,64665.92433017868,7,9,9,4,3,195.36246371946902,23.06099717905225,172.81844409970182,100.09408012327015,32.384588311857904,11.117311132935752,0,1,1,0,0,0,0,7,7.057994658727551,1,0,8.24973795182185,566.1895343074235,1,3,8,2,3.8304904518688705,Female,Graduate,Divorced,534.8378845662869,16,2,1,28,31.461052033310995,4278.703076530295,0.058823529411764705,1,Loyal Regular Customers
10813,24,74275.01485183372,5,7,8,7,2,145.28438359949882,39.19176177589487,220.52645784528093,27.637464426486886,39.155110371076404,11.744056212391435,3,1,0,0,1,0,0,10,3.6793458641003287,1,1,5.816457609268906,673.445862000912,8,2,8,2,3.5378890177057833,Female,Postgraduate,Single,483.5392342306293,17,5,1,35,26.863290790590515,2901.2354053837757,0.05555555555555555,1,Loyal Regular Customers
10814,57,82099.5406767474,8,13,4,5,3,119.5070309744675,100.230793892853,156.87945449973478,33.48499272191673,63.203276970793596,28.407223983517532,1,2,1,0,0,0,0,12,5.461997006937223,2,1,5.754549085963376,604.6346330918874,5,2,9,1,2.6883732709448185,Male,Graduate,Married,501.71277304328316,12,4,1,41,38.5932902340987,4515.414957389548,0.15384615384615385,0,VIP High-Value Customers
10815,22,57785.74937957561,4,6,4,4,2,71.97997454059099,153.20316281314302,147.17017782238355,52.62944803176066,6.288991022354993,18.77101484210293,2,2,0,0,0,0,0,9,6.595394080618014,1,1,8.350554593759117,477.86205481396263,5,0,6,2,4.319174055013582,Male,High School,Divorced,450.04276907233617,10,5,0,26,40.912979006576016,2250.213845361681,0.09090909090909091,0,VIP High-Value Customers
10816,42,61695.22995024736,2,5,3,14,2,149.57824684501793,29.692872018521186,107.46526991296359,60.97365228270267,26.659996928318904,64.27556948093032,1,0,1,1,0,0,0,14,9.680265739586895,1,0,6.668782146372388,377.35297207818394,4,1,9,0,3.8585225797094815,Male,Postgraduate,Married,438.6456074684546,19,2,2,33,21.93228037342273,1315.9368224053637,0.05,1,Loyal Regular Customers
10817,56,60180.419440360565,11,11,9,7,5,117.02622765892454,27.22658609004929,204.56163217323717,57.15305828917724,21.669052819025346,59.25766867152605,3,2,0,1,0,0,1,15,1.6842902487836797,1,0,9.827022776551164,97.50846695368512,7,4,11,0,4.397876666039667,Male,High School,Married,486.89422570193966,21,6,2,48,22.13155571372453,5842.730708423276,0.045454545454545456,1,Loyal Regular Customers
10818,56,50233.21864024063,15,11,10,6,4,36.61096850709477,33.642255070093526,133.6646810736971,6.153376276694008,45.9588556904084,26.18861358048093,1,2,0,0,0,0,1,13,9.729520877405196,1,0,10.0,3.432428421162342,16,6,11,1,4.1586247794045965,Female,Graduate,Married,282.21875019846874,20,4,1,57,13.438988104688988,4515.5000031755,0.047619047619047616,1,Loyal Regular Customers
10819,29,46155.92597803698,12,8,5,9,0,174.58114443963657,7.9514787463795855,227.97462184803405,126.33188597857816,42.69322860497252,43.94566504055187,0,1,0,0,0,0,0,18,9.74638032998248,3,1,7.759581075035794,708.5201565516622,10,2,9,1,3.2659817487117833,Male,Graduate,Married,623.4780246581528,14,2,0,47,41.565201643876854,8105.214320555986,0.2,0,VIP High-Value Customers
10820,29,20000.0,6,7,5,6,2,152.44510775243856,30.904796750133585,171.10020563421094,64.96518223103246,5.546666632344484,106.57509874275895,3,0,0,0,0,0,0,11,6.629443548497364,3,0,8.548062626253678,754.5923033028856,6,3,13,1,3.7011943033326196,Female,Graduate,Single,531.537057742919,13,4,0,40,37.966932695922786,3720.7594042004334,0.21428571428571427,0,VIP High-Value Customers
10821,38,40620.103178562065,9,2,9,4,4,64.62741016897904,5.434334305714942,125.03374018212133,194.98609497031143,43.25102665405864,72.25615458438486,3,2,0,0,0,0,0,9,13.711938022493545,3,1,8.493032766823102,818.0177974668227,10,5,10,1,4.152237812441274,Male,PhD,Single,505.5887608655703,17,6,0,36,28.088264492531682,5055.887608655703,0.16666666666666666,0,VIP High-Value Customers
10822,36,27984.645002223537,1,5,2,9,5,216.12863034327822,17.540692084258115,367.5097322462182,64.37996991751761,17.80880594218065,27.137502019723513,3,0,0,0,0,0,0,9,8.761228433826533,0,0,6.853995076818138,472.7777700480592,7,3,10,0,2.9670594364040435,Female,Postgraduate,Single,710.5053325531765,16,4,0,34,41.79443132665744,1421.010665106353,0.0,0,VIP High-Value Customers
10823,40,82593.57272015854,11,8,5,5,2,208.90000731420432,49.278594469969335,100.74875375511323,23.896990696140968,74.31971514370956,73.18391777248901,0,1,0,0,0,0,0,7,8.722015294795382,0,0,6.3216032722052935,332.0514060678846,6,4,11,1,4.984055105065755,Female,Postgraduate,Married,530.3279791516264,12,2,0,36,40.794459934740495,6363.935749819517,0.0,0,VIP High-Value Customers
10824,33,63391.48814935371,10,10,5,5,2,51.92771053476721,15.312841915935746,110.62735893717426,43.32156319592427,28.88037915886723,98.33676796790651,2,2,0,0,0,0,0,7,7.513008825169391,5,1,4.749999556036292,651.9784683783755,4,6,16,1,4.2259123152183315,Female,High School,Single,348.4066217105752,12,5,0,43,26.80050936235194,3832.4728388163276,0.38461538461538464,1,Loyal Regular Customers
10825,28,57733.098486956995,12,6,8,7,4,152.8645006418278,42.93991507245867,28.65845571602572,24.109401365936137,17.141805001276087,89.18627441309847,0,1,0,0,0,0,0,14,2.5153844809087085,1,1,8.684339475922263,805.3248153492536,7,5,9,2,3.3752537844223807,Male,High School,Single,354.9003522106229,19,2,0,41,17.745017610531143,4613.704578738098,0.05,1,Loyal Regular Customers
10826,65,47085.26665054053,7,5,6,10,3,187.6364719699108,27.44290440475568,137.89626986283702,83.2455309429097,74.9024319838156,22.143849831108252,3,1,1,0,0,0,0,17,6.047487055358113,2,0,7.116916698221407,930.150392820378,19,3,5,0,3.467149887910092,Male,PhD,Married,533.267458995337,19,5,1,49,26.663372949766853,4266.139671962696,0.1,1,Loyal Regular Customers
10827,20,60536.02673822323,10,7,6,7,4,42.992397804833736,21.12874084715675,351.34668842754,63.34225318352661,15.508875051730204,25.532604391963574,3,0,1,0,0,0,1,9,5.625118351718984,0,0,5.963743961031812,425.49727743144433,8,7,9,0,3.6274684131424935,Male,High School,Divorced,519.8515597067509,17,4,2,40,28.880642205930606,5718.3671567742595,0.0,1,Loyal Regular Customers
10828,70,44736.362202203985,9,5,7,3,2,25.38851169276581,66.93349161221622,356.60513950796025,65.50254596686645,62.18171801120402,7.83709057925211,1,2,0,0,1,0,0,12,9.979448229287371,0,0,6.771184240174542,735.8095672404306,9,0,7,1,3.860249162529215,Male,Graduate,Divorced,584.4484973702649,12,4,1,33,44.95757672078961,5844.484973702649,0.0,0,VIP High-Value Customers
10829,64,63132.33401917086,10,7,5,5,4,102.30003614706277,37.58111188065601,117.79800887304552,10.047436936236277,46.920728503104705,66.87081894004446,0,0,0,0,0,0,1,10,6.419538158566879,2,0,6.9243982424919,619.0803311346157,9,1,12,2,3.4244463959148717,Female,Graduate,Married,381.51814128014973,14,1,1,39,25.434542752009982,4196.699554081647,0.13333333333333333,1,Loyal Regular Customers
10830,32,64423.21169258436,9,4,5,3,2,84.15102508089241,47.54756716027056,216.9293147937915,126.2709600013878,76.76947470614503,123.22380347728688,2,1,0,0,0,0,0,8,8.903732440420882,2,0,5.868274719043621,512.6608765890383,6,2,10,1,4.187305372615925,Male,High School,Single,674.8921452197742,10,4,0,30,61.353831383615834,6748.921452197742,0.18181818181818182,0,VIP High-Value Customers
10831,23,44495.09335757861,10,4,7,12,0,115.2315981119619,27.234645070275384,245.3755534679443,69.65686932564218,47.996943345955934,73.48077041359242,3,2,1,1,0,0,0,8,3.1376052710562705,2,4,5.903628937116782,338.8648774493761,10,3,6,1,4.047552765076242,Male,Graduate,Married,578.976379735372,19,6,2,31,28.9488189867686,6368.740177089092,0.1,1,Loyal Regular Customers
10832,20,44151.684633196695,11,7,4,9,3,292.4833200870761,60.61863992818634,57.58028185729743,1.8990602591310402,66.6458477301529,52.03667171270709,0,1,0,0,0,0,0,12,12.093324802010889,1,0,7.770683032040733,818.3181848253855,7,5,5,1,4.7703694024687175,Female,Graduate,Single,531.2638215745509,16,2,0,36,31.25081303379711,6375.16585889461,0.058823529411764705,0,VIP High-Value Customers
10833,68,77319.58838271211,13,6,4,4,3,190.45671638174431,12.533060556078732,304.3695530400076,43.70832392465759,36.31010741647847,136.08372503108862,3,0,0,0,0,0,0,9,10.145445003560173,5,1,6.2038149522107044,790.8865373824874,8,3,9,0,2.8908931847048267,Male,High School,Single,723.4614863500553,11,4,0,35,60.28845719583794,10128.460808900774,0.4166666666666667,0,VIP High-Value Customers
10834,59,59048.520822756596,3,11,6,14,5,74.92239348623866,77.75325756890916,65.42200060862132,68.0932713029195,90.86422433231533,55.003553563883315,2,0,0,0,0,1,0,5,7.9254100954499185,0,0,6.106071006293094,460.72239992561873,5,4,8,1,4.616612283590737,Male,Postgraduate,Divorced,432.05870086288724,25,3,1,33,16.617642340880277,1728.234803451549,0.0,1,Loyal Regular Customers
10835,51,45941.63227323197,11,7,6,8,6,134.1459330841447,2.7002602300763643,123.51266274944486,45.45652252763169,30.33967408376434,170.77976650080777,2,1,1,0,0,0,0,11,6.551438880745155,1,1,6.707892653666624,687.7315254401226,6,5,9,0,4.701377406156224,Male,Graduate,Single,506.93481917586973,20,4,1,38,24.139753294089036,6083.217830110437,0.047619047619047616,1,Loyal Regular Customers
10836,53,53330.886569588656,13,11,4,10,2,125.07400420687372,3.3240533099279808,77.40980596670794,106.60058964294122,9.353055309215835,77.79654416631817,1,0,1,0,0,0,0,13,10.499553236048696,2,1,4.171444902486137,654.0804560662285,7,1,18,1,5.0,Female,High School,Married,399.55805260198485,16,2,1,50,23.503414858940285,5593.812736427788,0.11764705882352941,1,Loyal Regular Customers
10837,47,41809.30643928107,5,7,3,9,10,206.1164220061365,22.73017754222785,193.2974373961528,25.299273978415158,9.744230732527603,41.81477609313776,1,0,0,0,0,0,0,7,6.447826129422144,2,0,5.161274655753267,658.9721086535463,5,1,11,0,5.0,Male,Graduate,Single,499.00231774859765,22,2,0,31,21.695752945591202,2994.0139064915857,0.08695652173913043,1,Loyal Regular Customers
10838,50,58790.695548085496,8,7,3,5,3,194.66154336502925,27.008809157775705,93.1945148641615,55.51059152779242,6.030873568022942,6.119044871748086,1,1,0,0,0,0,0,10,6.424779109970653,1,0,5.957362807355567,269.55597376855536,18,1,13,1,3.585363556405529,Male,Graduate,Single,382.52537735452995,11,3,0,49,31.87711477954416,3442.7283961907697,0.08333333333333333,1,Loyal Regular Customers
10839,27,74969.30953796043,8,5,10,12,1,114.69703527058198,26.25667636536106,107.64275108802464,22.808494630503727,107.42714977517369,12.14569175927691,2,2,0,0,0,0,0,11,7.312531606694224,6,0,9.8871690736222,270.1192212279818,5,8,9,1,3.951424716975472,Female,Graduate,Married,390.977798888922,23,5,0,38,16.29074162037175,3518.800190000298,0.25,1,Loyal Regular Customers
10840,58,59501.92798330329,4,5,6,3,5,170.5975659895825,15.39278848320317,271.1570562629616,28.495321952283646,32.50078131262328,142.25049595583516,0,2,1,0,0,1,0,8,12.390153698859645,0,2,8.846849369236866,459.46492451571197,7,1,10,0,5.0,Female,Postgraduate,Single,660.3940099564893,14,3,2,31,44.02626733043262,3301.9700497824465,0.0,0,VIP High-Value Customers
10841,45,102545.40198615692,15,3,6,5,3,227.23494941108504,104.24965785477596,116.25090923572768,2.7820340603296994,5.21254283458406,49.65708896133813,0,2,0,0,0,0,0,7,6.116524588789096,5,1,7.541925988638816,602.2268352597359,7,4,10,1,3.022861635038071,Male,PhD,Single,505.3871823578405,14,3,0,31,33.692478823856035,8086.194917725448,0.3333333333333333,0,VIP High-Value Customers
10842,53,67584.47222488203,15,7,4,7,2,176.6705780155094,32.481054503891,158.3855067160488,43.60489416458551,48.31250725744362,114.69359965772944,2,1,1,0,0,0,0,10,10.041577883438517,2,1,8.775708775827173,942.0911894645512,6,3,10,2,4.933391654667083,Male,PhD,Married,574.1481403152078,13,4,1,36,41.010581451086274,9186.370245043325,0.14285714285714285,0,VIP High-Value Customers
10843,22,64139.18006115982,12,4,1,6,2,73.87297736139521,78.80303459590134,64.71616401226613,30.64071554867161,23.745658663524374,114.31677635003501,2,1,1,0,0,0,0,8,5.6919239590088075,1,0,8.79596413768326,135.96478415861327,6,1,9,0,4.322998168579405,Female,Postgraduate,Married,386.09532653179366,9,4,1,28,38.609532653179365,5019.239244913318,0.1,0,VIP High-Value Customers
10844,69,43650.561642615496,11,8,5,7,6,75.26451581240707,6.0521226158295,50.50413658852122,61.723458760633974,76.81569882203296,55.52196216492439,0,0,0,0,0,0,0,11,1.6690188351422428,4,0,5.223953191704889,779.6801622856997,12,0,10,1,4.189086898180568,Female,High School,Married,325.8818947643491,18,1,0,41,17.151678671807847,3910.5827371721894,0.21052631578947367,1,Loyal Regular Customers
10845,31,55706.397956832,11,6,7,9,1,37.21485752026807,16.095324014389863,177.3860084701382,75.47345361152904,52.31156240756689,126.25857030210457,3,2,0,0,0,0,0,16,9.182979016097569,0,0,5.353165312067466,182.9327951531563,9,2,7,3,4.3128343764500015,Female,Postgraduate,Single,484.7397763259967,17,6,0,40,26.92998757366648,5816.87731591196,0.0,1,Loyal Regular Customers
10846,20,45977.75082539354,1,6,4,9,2,72.00306098036474,12.592870188587874,113.12936093689953,9.435575030261404,46.811875266444346,82.07288389732561,0,0,0,0,0,0,0,14,5.401575220748986,4,0,6.4859525230567066,559.5619828690176,5,1,17,3,3.4613137261377513,Male,Postgraduate,Single,336.0456262998835,15,1,0,43,21.00285164374272,672.091252599767,0.25,1,Loyal Regular Customers
10847,63,21018.385888725774,1,8,3,2,5,77.72360193206502,4.830822545050998,402.3658806613885,22.96292814327641,19.91853475986536,112.9791059257596,2,1,0,0,0,1,1,8,7.1115399297507,5,0,7.2018928955247254,41.11535252752179,9,4,9,1,4.24001895351651,Male,Graduate,Single,640.7808739674058,10,4,2,38,58.252806724309615,1281.5617479348116,0.45454545454545453,0,VIP High-Value Customers
10848,24,77536.71999831854,15,6,5,4,2,19.809207230516474,40.018811984355054,506.0109327428948,39.9827814060415,112.28542895157622,54.482710890744244,0,2,0,0,0,0,0,8,10.522115230148684,4,0,5.110324179170304,843.2026472562263,7,4,11,0,3.3233177699542176,Female,High School,Married,772.5898732061282,11,3,0,36,64.38248943384401,11635.65917132781,0.3333333333333333,0,VIP High-Value Customers
10849,49,50793.89000009584,4,5,7,9,4,55.990159540702145,22.098602275549712,69.04419503184415,105.39998242031714,38.4693532964615,40.88692706044302,0,1,0,0,0,0,0,9,5.270698287747253,3,1,8.339165950665945,568.0403096296106,11,5,10,1,4.308420427075811,Male,Postgraduate,Married,331.8892196253177,20,2,0,40,15.804248553586557,1659.4460981265886,0.14285714285714285,1,Loyal Regular Customers
10850,49,46312.79866200049,6,9,9,10,3,47.77526431538933,9.600032581563502,51.98866907391468,26.541071373737513,51.94069339819897,29.769616873446985,2,0,0,0,0,0,0,7,6.753860483485664,7,0,7.895616769428205,604.3983060431119,12,0,14,0,3.51993895303471,Female,Graduate,Single,217.61534761625097,22,3,0,42,9.461536852880476,1523.3074333137567,0.30434782608695654,1,Loyal Regular Customers
10851,36,63790.260611252364,8,6,2,4,3,89.83886623146,17.449774872042006,407.3267480954403,0.6861976256149457,16.471800375091885,20.923989486405375,3,0,0,0,0,0,0,16,9.928447766203908,2,1,9.04961141659628,707.0038951311994,10,5,12,2,4.348792005856854,Male,Graduate,Single,552.6973766860544,9,4,0,49,55.269737668605444,4974.27639017449,0.2,0,VIP High-Value Customers
10852,67,69224.9919399873,6,6,6,9,3,128.02870621939397,54.06577240193589,208.0064297211633,95.22451658513504,26.474756591693314,58.32475410203559,2,1,0,0,0,0,0,10,7.913311281193783,2,0,6.4622591700498315,498.7109214113636,11,3,12,1,3.6511023406624563,Female,PhD,Divorced,570.1249356213572,18,4,0,42,30.0065755590188,3990.8745493495003,0.10526315789473684,1,Loyal Regular Customers
10853,66,54226.05300768698,12,5,2,5,1,70.31018704542757,88.71155007201611,174.74137825018119,57.491419666632396,8.145881159434818,22.146533208819296,1,1,0,0,0,0,0,13,8.261367753502899,5,2,6.014054619729041,68.15541011961204,7,4,9,0,4.14804213339278,Male,High School,Single,421.54694940251136,8,3,0,38,46.83854993361237,5480.110342232648,0.5555555555555556,0,VIP High-Value Customers
10854,42,59953.16998303767,9,7,3,6,1,271.21246567411174,22.739438663851367,56.50321257479432,60.16508125705114,26.20494475910519,71.7173348048537,1,2,0,0,0,0,0,12,7.561190137266321,1,1,10.0,57.38518340775511,7,6,4,2,3.300582214184311,Female,Postgraduate,Married,508.5424777337675,10,4,0,36,46.23113433943341,5085.424777337675,0.09090909090909091,0,VIP High-Value Customers
10855,34,73431.37333165926,15,7,5,11,4,55.12836371094918,19.283116535276832,484.13468881962626,90.91809050571746,44.496009663187095,32.46182804752484,0,1,0,1,0,0,0,12,7.568470328039865,3,4,6.3951593399758515,637.5928678892028,8,6,11,0,2.9628740999477774,Female,Graduate,Married,726.4220972822817,20,2,1,44,34.59152844201341,11622.753556516507,0.14285714285714285,0,VIP High-Value Customers
10856,56,53516.515297020946,15,5,3,8,4,16.878647740566418,23.988836667351798,90.68285066024231,50.01938138582454,5.450725025180767,43.20454990393075,2,0,1,0,0,1,0,13,7.375850265039642,0,1,6.433008552270759,433.4666862908852,9,0,7,0,3.2065035021842383,Female,High School,Married,230.22499138309655,15,3,2,34,14.389061961443534,3683.599862129545,0.0,1,Loyal Regular Customers
10857,40,65442.007351740016,9,8,4,8,2,111.54128195488538,18.36335760028762,250.5611200594742,111.77874015450944,9.658147602822735,83.30642390345018,3,0,0,0,0,0,0,11,9.340823735083928,2,0,6.526556458571822,801.50535298296,6,1,7,2,3.2186446457352855,Female,Postgraduate,Married,585.2090712754296,14,4,0,33,39.013938085028634,5852.090712754296,0.13333333333333333,0,VIP High-Value Customers
10858,33,30133.596868995293,14,5,5,8,4,184.1900722961747,19.468900568043132,242.97313529927516,69.65981148115718,16.07302643180521,105.9434760686926,0,1,0,0,0,0,0,13,2.2724621889757355,2,0,8.63470762966331,512.2298614441866,6,0,7,1,4.913573056813523,Female,Graduate,Single,638.3084221451479,17,2,0,31,35.46157900806377,9574.626332177219,0.1111111111111111,0,VIP High-Value Customers
10859,21,37656.25802830052,2,7,4,2,2,87.52848742116782,94.73806207587417,48.34663666842308,63.6735959445732,14.2841458676288,34.05518126201146,2,1,0,1,0,0,0,9,7.199138995108975,1,1,8.66030841083958,667.4292609438883,8,3,15,1,4.091577614546413,Female,High School,Married,342.6261092396785,8,4,1,42,38.069567693297614,1027.8783277190355,0.1111111111111111,1,Loyal Regular Customers
10860,30,70899.71600544726,10,9,5,5,2,93.85301475260827,55.97971384630633,102.4597482475163,18.394287183087798,11.856339784137568,18.394953479916058,0,2,0,0,0,1,0,9,5.63901693316213,1,1,7.541925988638816,731.7022042670302,6,6,9,0,3.580695635834382,Male,Postgraduate,Married,300.93805729357234,12,3,1,39,23.149081330274797,3310.3186302292956,0.07692307692307693,1,Loyal Regular Customers
10861,70,59642.99767046553,1,5,2,6,3,319.5961711773933,62.24369614642326,59.90609444262416,13.970192374406315,20.12719395990267,69.13032216287569,0,0,0,0,1,0,0,11,10.037558492944957,5,1,9.126452298178446,726.9860859362092,8,4,11,1,3.3236058003853666,Male,Postgraduate,Single,544.9736702636254,11,1,1,39,45.41447252196878,1089.9473405272508,0.4166666666666667,0,VIP High-Value Customers
10862,58,64214.47584803933,2,4,4,10,3,192.99467409374697,15.14259642644275,33.80872230201535,100.19261759122512,42.82795299065856,64.35109936305179,2,0,0,0,0,0,0,17,11.575469056558465,0,0,10.0,442.62090195764335,13,1,10,2,3.3852861546236954,Female,Graduate,Married,449.3176627671405,17,3,0,45,24.962092375952253,1347.9529883014216,0.0,1,Loyal Regular Customers
10863,57,57354.021920452695,5,8,5,10,2,135.42611619588396,53.66508661414133,137.84175261939794,13.11562980002229,8.203654033506213,126.08156802912283,3,0,0,0,0,0,0,7,7.940012543678273,2,0,6.518364346340413,525.2123735787973,7,3,3,0,5.0,Female,Graduate,Single,474.3338072920746,17,4,0,28,26.35187818289303,2846.0028437524475,0.1111111111111111,1,Loyal Regular Customers
10864,53,53439.58927463588,4,5,6,3,2,115.58239327787167,28.32931682165258,65.70378371296839,130.2023595291143,10.556125390828647,31.018896509664533,3,1,0,0,0,0,0,6,7.5012236711052305,5,1,4.683830849997411,708.4681586208496,9,2,6,2,5.0,Female,High School,Married,381.3928752421001,11,5,0,28,31.782739603508343,1906.9643762105006,0.4166666666666667,1,Loyal Regular Customers
10865,57,59642.99767046553,4,9,10,7,2,23.53995495297623,13.296380120400084,90.96358826343867,84.47580974203223,38.43490012029588,30.256305391151,1,0,0,0,0,0,0,9,9.49922504151167,2,0,7.161605610558105,564.5098663167399,3,5,8,0,3.914699404934578,Female,Graduate,Single,280.9669385902941,19,2,0,34,14.048346929514704,1404.8346929514705,0.1,1,Loyal Regular Customers
10866,69,76368.12032589676,9,10,5,7,1,238.543891867094,136.48570267327207,55.206101583595945,32.61096869606163,66.19987865425435,74.72597693290017,3,1,1,0,0,0,0,11,8.380212847198498,0,1,7.965749266915768,59.48858265733173,14,5,6,0,4.769815711397953,Male,Graduate,Married,603.7725204071781,13,5,1,46,43.126608600512725,6037.725204071781,0.0,0,VIP High-Value Customers
10867,53,91138.04078135703,11,7,6,8,2,116.33049310837619,45.88630979233151,126.91961495637847,28.05460342509962,105.62986837169753,53.00799742393647,1,2,0,0,0,0,0,10,7.526058020533867,2,0,8.054311474794874,0.0,10,3,9,1,5.0,Male,Graduate,Married,475.8288870778198,16,4,0,39,27.9899345339894,5709.946644933838,0.11764705882352941,1,Loyal Regular Customers
10868,37,65403.4589268035,8,7,7,7,3,43.188729532205144,93.02011311806558,400.33635673324324,30.42129492028677,11.175856110873637,103.30905761462364,2,1,0,0,0,0,0,16,8.723143241153746,0,0,6.143274155704967,349.524911302282,10,3,13,1,3.068004501351513,Female,Graduate,Married,681.4514080292979,17,4,0,49,37.85841155718322,6133.062672263681,0.0,0,VIP High-Value Customers
10869,49,65804.83288211071,6,8,4,10,1,166.2300625215091,71.90584183897398,190.95231964584832,15.830591223936011,15.098054689320382,64.28383534488299,0,2,0,0,1,0,0,6,6.992137603742448,2,2,7.112204395840074,735.9664168044554,6,1,10,2,4.247934324519542,Female,High School,Married,524.3007052644708,15,3,1,31,32.768794079029426,3670.104936851296,0.125,1,Loyal Regular Customers
10870,34,47718.04866256511,1,12,7,7,3,197.1474849048445,5.566290156803614,111.12148317521905,72.55137003152299,13.844820581828829,72.2150562407145,0,2,1,0,1,0,0,11,10.155204530256281,0,0,8.154504473482415,506.6114932862132,8,0,11,0,3.772306772328333,Male,PhD,Single,472.4465050909335,17,3,2,42,26.247028060607416,944.893010181867,0.0,1,Loyal Regular Customers
10871,46,38470.24982716116,2,4,6,6,1,92.0895465412308,15.52355525246768,151.11442651966368,67.48690345426104,147.0409610929539,39.294015248505154,3,1,0,0,0,0,0,10,13.25153697076236,1,1,6.067901182432912,898.2105259472129,7,3,9,3,3.488698704521247,Female,Graduate,Single,512.5494081090823,13,5,0,33,36.61067200779159,1537.6482243272467,0.07142857142857142,0,VIP High-Value Customers
10872,70,59284.69971348886,6,9,2,7,1,79.65216024973085,53.540866302761444,182.53708773520248,40.130835776773175,22.817503496239418,53.47208377683039,0,2,1,1,0,1,0,12,7.480705091209498,1,0,8.39547356321903,700.6243985037216,2,4,11,0,4.38539146035488,Male,Postgraduate,Single,432.15053733753774,10,3,3,38,39.286412485230706,3025.0537613627644,0.09090909090909091,1,Loyal Regular Customers
10873,53,42472.50633675463,11,4,3,6,3,105.26449370433396,26.12508781058111,184.30833420507693,14.166055103046657,130.63514325074925,87.43149084323868,2,1,1,0,1,0,0,9,9.284999552503269,2,0,5.637740950866043,170.92988175536976,9,1,10,0,4.292859156358862,Female,PhD,Married,547.9306049170266,12,4,2,33,42.14850807054051,6575.167259004319,0.15384615384615385,0,VIP High-Value Customers
10874,57,28093.01769031521,2,5,4,10,4,68.99597101586309,46.46772787635637,130.1245925348562,125.33293581756043,42.876753374011344,5.571958002280235,3,0,0,0,0,0,0,14,2.09061305091228,2,2,8.562405891263117,755.0530770365041,11,6,9,1,3.6694319617955196,Female,Postgraduate,Married,419.36993862092766,18,4,0,45,22.0721020326804,1258.1098158627829,0.10526315789473684,1,Loyal Regular Customers
10875,52,74462.02462258049,15,6,4,7,7,54.04577792823562,70.4159008968025,98.18363237796716,15.49495297487778,65.43533287312572,177.40752009675055,3,1,0,1,0,0,0,13,2.778778267392404,0,1,7.541925988638816,196.7997059873353,8,5,10,1,4.2873163533876815,Female,Postgraduate,Married,480.98311714775934,18,5,1,42,25.31490090251365,7695.7298743641495,0.0,1,Loyal Regular Customers
10876,43,75339.00218853299,13,8,5,4,2,112.18419746006678,5.292696245428111,249.55619040403658,34.09462758305414,42.74935173043119,28.747397948230496,1,2,0,0,0,0,1,15,8.6601401431999,1,1,10.0,917.3826091056164,7,2,10,0,3.8631518287075703,Male,Graduate,Single,472.6244613712473,11,4,1,42,39.38537178093728,6616.742459197462,0.08333333333333333,0,VIP High-Value Customers
10877,34,44540.902086844304,10,8,7,7,3,191.96676140609551,43.87690392034985,72.40645079166185,26.92001218749424,27.568474920069015,57.945858760258794,2,2,0,1,0,0,0,7,6.887435064451038,4,1,6.959553488363756,630.1908703635045,4,1,8,0,4.509908332332921,Male,High School,Married,420.6844619859293,17,5,1,28,23.371358999218295,4627.529081845222,0.2222222222222222,1,Loyal Regular Customers
10878,49,64391.3577830264,5,6,3,5,2,303.00605945998655,21.949880417665156,251.87410811367357,18.30657894719153,25.666588299350117,37.18982543996659,1,0,0,0,1,0,0,10,5.834422581887925,1,1,8.794349115153544,859.1733847071661,9,2,13,0,4.280269363331014,Female,High School,Married,657.9930406778335,10,2,1,40,59.81754915253032,3947.958244067001,0.09090909090909091,0,VIP High-Value Customers
10879,61,78035.1408202518,14,11,3,7,4,116.34660305878559,57.79853713627411,118.12999267274144,7.440446978911256,4.263902119365116,111.6793238774101,3,1,0,0,1,0,0,10,9.343887071047241,1,0,7.377469980470868,637.754382629533,8,2,11,0,4.750239645645143,Male,PhD,Single,415.6588058434876,14,5,1,42,27.710587056232505,6234.882087652314,0.06666666666666667,1,Loyal Regular Customers
10880,70,63690.48036711382,5,4,6,7,1,272.5224598687616,78.74106091056856,306.0010912860405,10.350870975142337,52.956099384348356,58.06636830511601,1,0,0,1,1,0,0,12,7.127076311260416,3,0,9.07437636382356,497.5956720917994,9,0,9,0,5.0,Female,Graduate,Divorced,778.6379507299774,14,2,2,34,51.90919671533183,4671.827704379864,0.2,0,VIP High-Value Customers
10881,36,38523.2163702228,6,3,3,8,3,52.7644105606755,32.41593668427333,79.75619822725017,23.779337621823068,79.11209293634109,249.26220576769597,2,2,0,0,0,0,0,8,9.331667246022443,0,0,9.575535906514963,537.0141783541194,5,3,9,0,3.137201553944698,Female,Graduate,Single,517.0901817980591,14,5,0,28,34.47267878653727,3619.6312725864136,0.0,0,VIP High-Value Customers
10882,24,55807.91856173222,6,6,9,7,6,187.184777058377,29.261438171747194,78.61050140854289,43.799800258873226,6.167358365236904,105.87675919609889,1,1,0,0,0,0,0,13,8.374329772069718,3,0,7.71879613994243,498.7109214113636,8,1,5,0,4.860982010330304,Male,High School,Married,450.9006344588761,22,3,0,33,19.604375411255482,3156.3044412121326,0.13043478260869565,1,Loyal Regular Customers
10883,48,83882.56956075583,14,7,7,8,1,91.07470372986454,45.832713621393786,162.00145853120404,102.00718639481052,19.553394059004457,80.94627565515162,3,2,1,1,0,1,0,14,10.246100529924496,4,0,7.541331562850073,553.3517057885479,8,2,5,2,3.6127770110334856,Female,High School,Married,501.4157319914289,16,6,3,36,29.495043058319347,7521.235979871433,0.23529411764705882,1,Loyal Regular Customers
10884,23,64446.47958489203,6,8,5,6,4,369.6338186678208,57.09127559123885,90.21438753424995,28.188558260886186,12.00870475780887,3.019912115424826,1,1,0,0,0,0,0,11,7.605165178903767,3,1,9.153915679025623,529.9619325112349,6,5,11,1,3.4837799209767315,Male,High School,Single,560.1566569274296,15,3,0,41,35.00979105796435,3921.096598492007,0.1875,0,VIP High-Value Customers
10885,29,69704.3778572905,14,6,6,6,3,74.51787730176169,119.37842711551268,409.64204027891253,24.296207774223408,68.58272104877454,15.389851255496973,3,0,0,0,0,0,0,8,7.94015951526514,1,0,8.702382195959022,640.0830853203429,9,3,5,2,5.0,Male,Postgraduate,Single,711.8071247746818,15,4,0,31,44.487945298417614,10677.106871620228,0.0625,0,VIP High-Value Customers
10886,36,66149.32594864405,2,6,6,4,3,134.88961954702273,114.844832749516,100.1529658727537,12.059136623948522,9.001157009295861,47.879125160348025,3,0,0,0,1,0,0,10,7.132331179004157,3,0,4.959570671493109,445.48844219183775,7,3,8,0,3.717937802248415,Male,PhD,Married,418.82683696288484,13,4,1,34,29.91620264020606,1256.4805108886544,0.21428571428571427,1,Loyal Regular Customers
10887,29,44600.795556391444,14,8,3,9,2,34.74143077518628,73.19832989100345,84.64363318693569,25.121725054608607,33.48610511794314,105.30768883027508,1,2,0,0,1,0,0,10,6.596678567634657,2,0,9.004253764586723,283.4558755772169,11,5,14,1,1.9943250637643,Male,Graduate,Married,356.49891285595226,14,4,1,48,23.766594190396816,5347.483692839284,0.13333333333333333,1,Loyal Regular Customers
10888,36,48824.78605291243,10,9,8,9,3,86.02062383321822,92.24331523306364,203.15446066071945,40.49151814247564,87.28079408813359,40.09900792647034,0,0,0,0,0,0,0,12,9.33212400002491,3,1,10.0,498.5920770308948,6,3,8,3,2.715897875781808,Male,Graduate,Single,549.2897198840809,20,1,0,38,26.156653327813377,6042.18691872489,0.14285714285714285,1,Loyal Regular Customers
10889,39,66099.57282693137,14,3,10,10,4,208.55543174745398,31.968549950965244,25.148121741028252,30.959835057105057,25.049949701091577,111.54038817250922,2,0,0,0,0,0,0,13,5.191447685160531,4,0,9.296315556746006,289.4009499555074,6,3,8,1,4.287245429848226,Male,Graduate,Single,433.22227637015334,24,3,0,33,17.328891054806135,6498.3341455523005,0.16,1,Loyal Regular Customers
10890,43,74703.69204036734,13,11,6,4,1,183.07285593896825,24.929955885730063,424.8216855541873,27.577638167558682,35.90932911090023,39.004139891931224,3,2,0,0,1,0,0,8,11.160271829242731,3,0,6.862199876534245,274.34331636638984,7,2,8,2,3.727792358249119,Female,Graduate,Single,735.3156045492757,11,6,1,36,61.27630037910631,10294.418463689859,0.25,0,VIP High-Value Customers
10891,24,79798.28911652189,15,6,7,9,3,135.73549917555962,6.574389119213334,226.40683477789793,54.16026194429472,10.63604072314903,18.956508443341495,0,2,0,0,0,0,0,7,5.061564838959303,1,1,5.069708472869278,185.0152370592262,6,2,10,2,3.8095683017175723,Female,High School,Married,452.4695341834561,19,3,0,31,22.623476709172806,7239.512546935298,0.05,1,Loyal Regular Customers
10892,53,44554.10019417252,14,6,2,8,4,188.19175950259344,19.51482369637527,183.31762423469547,70.72074795318555,30.893806812343833,65.76900834684986,2,2,0,0,0,0,0,9,7.012160529837404,2,0,6.1191476945707235,466.88252769511485,7,4,12,0,3.92839072590767,Female,Graduate,Divorced,558.4077705460434,14,5,0,38,37.22718470306956,8376.11655819065,0.13333333333333333,0,VIP High-Value Customers
10893,25,67796.16962418948,3,8,5,4,4,109.62504468305916,53.88852639137412,93.81468497220746,65.03097222544845,17.544096824073677,29.900997948832433,0,1,0,0,0,0,0,7,6.762172731832035,0,1,8.614885681608028,531.3930695612246,3,2,7,2,3.204635259084073,Male,Graduate,Divorced,369.8043230449953,13,2,0,27,26.414594503213948,1479.217292179981,0.0,1,Loyal Regular Customers
10894,21,81366.79401094158,14,6,8,9,3,288.29906535404695,19.1295651907597,143.4617294697016,35.63457319212777,29.36405369883248,35.13036578783168,1,2,0,0,0,0,0,11,9.711070443171497,2,1,4.734778768313241,362.7856932854776,12,2,10,1,4.867377313221417,Female,Graduate,Married,551.0193526933002,20,4,0,41,26.23901679491906,8265.290290399504,0.09523809523809523,1,Loyal Regular Customers
10895,32,42232.5281348156,6,10,6,3,2,32.89136569526186,37.100944851447096,102.31276014723507,78.74017556252245,122.73350317609867,60.046998461814,3,1,0,0,0,0,0,11,11.668391404920479,0,0,9.366670438270658,592.5963483098757,11,3,12,1,4.859803340831915,Male,Graduate,Married,433.8257478943791,11,5,0,47,36.15214565786493,3036.7802352606536,0.0,1,Loyal Regular Customers
10896,62,86761.44844439594,13,15,2,4,4,133.15425848765085,48.513010784249076,115.81222531896704,35.7313389065303,102.96772911143749,42.46513823113329,0,2,0,0,0,0,1,10,8.932256555525894,3,1,10.0,477.17774269216534,9,5,12,1,5.0,Female,PhD,Married,478.64370083996806,10,3,1,51,43.51306371272437,6701.011811759553,0.2727272727272727,0,VIP High-Value Customers
10897,62,89500.93489219542,8,9,3,11,6,37.87677582218548,58.82282629672602,264.63103518216843,84.86578295913993,85.04950162224051,49.47442331006614,0,1,0,0,0,0,0,15,7.913311281193783,1,0,8.07380102558171,413.77272636581563,7,3,8,0,3.4355785016177416,Female,Graduate,Divorced,580.7203451925266,20,2,0,42,27.653349771072694,5226.4831067327395,0.047619047619047616,1,Loyal Regular Customers
10898,67,107251.5541131899,12,8,10,8,3,56.50063340774901,132.07009735272712,194.79192976977365,127.32541469933413,32.758884922256954,157.6369230011087,2,2,0,0,0,0,0,9,5.9184076930907175,4,1,8.9975593441899,770.5047203624821,8,2,11,0,3.708997764530202,Female,Postgraduate,Married,701.0838831529495,21,5,0,38,31.867449234224978,9114.090480988343,0.18181818181818182,0,VIP High-Value Customers
10899,30,64156.801934939904,13,6,3,6,7,81.62609904741329,36.624740213763836,123.47563851555692,50.43962057266141,28.184027127867868,82.9661425756532,2,1,0,0,1,0,0,7,7.194708366617736,2,1,7.00079958061499,345.68042440171575,7,4,11,1,3.5211420516110903,Male,Graduate,Single,403.3162680529165,16,4,1,35,23.724486356053912,5646.42775274083,0.11764705882352941,1,Loyal Regular Customers
10900,70,64255.644172724074,11,11,4,5,3,92.9446007744506,56.16926898571667,45.22708579164417,105.97955047604167,13.045269340540385,21.127232782362924,3,0,1,0,1,0,0,10,3.83648361946224,3,3,7.327795581557618,418.6269294159454,13,2,10,2,3.8822470214052895,Female,PhD,Single,334.4930081507564,12,4,2,46,25.73023139621203,4013.9160978090767,0.23076923076923078,1,Loyal Regular Customers
10901,66,74885.89900411172,12,7,9,4,2,110.78256234359903,26.827355128397517,522.0122801711447,51.864375645055304,41.59311790216801,163.17072930619418,0,2,0,0,0,0,0,8,4.664094278230008,2,0,7.231151310760788,575.9108629232611,11,1,4,0,4.725647504676982,Male,Graduate,Married,856.2110599076855,15,3,0,31,57.26565128103492,11635.65917132781,0.125,0,VIP High-Value Customers
10902,42,74360.4481148895,1,4,2,7,2,111.7289308808509,13.361807483793907,74.41935242680276,107.23238943001236,7.043797311654903,40.386016232114436,3,2,1,0,0,1,0,9,10.791124414216949,1,0,6.834411854588178,684.9590179728037,8,3,7,1,3.4450383042136323,Female,PhD,Single,354.17229376522926,11,6,2,31,29.514357813769106,708.3445875304585,0.08333333333333333,1,Loyal Regular Customers
10903,35,80274.6034979209,1,4,5,10,5,78.13328261275673,21.320962796734648,265.8960405760517,72.57062396976704,31.284395320875817,61.30195546921556,2,1,0,0,0,1,0,11,7.3933260129798954,1,0,8.35676786468985,237.31846503087655,9,1,8,0,3.763211450216196,Female,Graduate,Married,530.5072607454015,20,4,1,33,25.262250511685785,1061.014521490803,0.047619047619047616,1,Loyal Regular Customers
10904,50,74112.59724837187,11,7,1,6,4,117.80380583838155,30.63439712519543,100.22933438840049,29.032410303717953,38.51792081547691,68.67237920258144,3,0,0,1,0,0,0,13,6.575489074343923,6,0,9.328013382798993,530.1900423452222,7,1,15,0,4.552927491461472,Female,PhD,Married,384.8902476737538,11,4,1,43,32.07418730614615,4618.682972085046,0.5,1,Loyal Regular Customers
10905,30,58090.8856373153,13,8,5,7,1,46.876323820775205,48.386867743833896,174.18915291822023,76.44511504911074,11.105995845444674,168.4095327483636,1,0,1,0,0,0,1,17,5.329159183152336,1,2,6.4571465825599965,483.7410192332277,10,2,14,0,3.293020796458829,Female,Graduate,Married,525.4129881257484,13,2,2,51,37.52949915183917,7355.781833760477,0.07142857142857142,0,VIP High-Value Customers
10906,35,81995.94817752304,2,10,9,11,3,195.44638225558194,116.29071291646102,85.03136217965385,8.659102446368083,46.62025925018142,3.391869065062892,3,1,0,0,1,1,0,11,10.042184068317074,1,0,7.353836858646274,673.0772233110451,5,2,11,1,4.238746126106117,Female,Postgraduate,Divorced,455.4396881133092,23,5,2,39,18.976653671387883,1366.3190643399275,0.041666666666666664,1,Loyal Regular Customers
10907,27,40717.42530553094,11,9,2,5,1,169.66533638967286,34.312576094323475,97.89793460426121,34.28033175624363,33.58444756377902,72.81605599416852,1,2,0,0,0,0,0,14,6.764250996143533,0,0,7.80950263089324,344.19768176871844,5,5,11,1,3.9048817508421703,Male,High School,Divorced,442.5566824024487,8,4,0,44,49.17296471138319,5310.680188829385,0.0,0,VIP High-Value Customers
10908,23,60105.34206105678,15,6,5,8,5,285.81089315449003,23.319520906611338,92.85902754623976,44.28104365650496,28.481809716097768,65.79042428269459,3,0,1,0,0,0,0,11,4.5366470311339855,4,0,7.095333583419153,505.9196200324462,6,3,10,0,5.0,Male,High School,Single,540.5427192626385,18,4,1,36,28.44961680329676,8648.683508202215,0.21052631578947367,0,VIP High-Value Customers
10909,59,88147.24108889638,12,11,6,13,4,152.27236608071507,23.18323989186764,166.72243510831524,35.730083932007794,44.77709009267505,92.1228993982389,3,2,0,0,0,0,0,6,8.074778377073622,6,0,7.403603265239128,906.513685802183,4,2,8,3,5.0,Male,Graduate,Single,514.8081145038198,23,6,0,31,21.450338104325823,6692.505488549657,0.25,1,Loyal Regular Customers
10910,23,37495.563033834245,12,5,7,8,0,163.6897440189733,43.504425987871215,93.90182555181951,13.991109906474076,23.632587950872946,30.091947387767245,1,1,0,0,0,0,0,8,9.52622720500818,2,0,6.178984059837924,395.98961103913337,2,3,9,0,4.38554213237042,Male,Graduate,Single,368.8116408037783,15,3,0,27,23.050727550236143,4794.551330449118,0.125,1,Loyal Regular Customers
10911,44,47805.438174051065,6,8,3,10,2,161.8220923075857,42.695520445394834,162.32148035814492,45.54081096694117,24.93389630618202,60.90806354237265,2,2,0,0,0,0,0,14,7.509076939512624,0,0,7.514119463513099,779.4027490382916,8,5,11,2,4.398385857146938,Male,Graduate,Divorced,498.2218639266213,15,5,0,46,31.138866495413833,3487.5530474863494,0.0,1,Loyal Regular Customers
10912,22,72091.45123939124,9,6,7,5,2,64.70954980259688,40.31361370859378,328.9332219506196,35.73639638001552,25.80210195060073,51.717424657548264,3,0,0,0,0,0,0,11,6.420376400692057,1,3,7.7283849257999355,411.6090064451563,7,2,8,0,4.1907235177322875,Female,Postgraduate,Single,547.2123084499748,14,4,0,34,36.480820563331655,5472.123084499748,0.06666666666666667,0,VIP High-Value Customers
10913,51,67090.41551825074,4,7,7,1,3,132.45970564099295,31.81615461375526,69.53218720853081,18.547643268867724,23.443873143722417,42.168408155620696,2,1,0,0,0,1,0,13,8.175558935074276,2,1,7.13781675211909,468.9733912884593,13,1,8,0,4.078903811225917,Male,High School,Single,317.96797203148986,11,4,1,42,26.497331002624154,1589.8398601574493,0.16666666666666666,1,Loyal Regular Customers
10914,22,44249.542662187596,3,8,6,6,6,88.28941264448102,60.862689894034546,69.82339348127567,129.92618599621983,30.6974899494844,47.890975102570295,0,0,0,0,0,0,0,16,3.902550861178658,1,0,8.285762079047572,498.7109214113636,4,2,10,2,4.6178137640718635,Male,Graduate,Married,427.49014706806577,18,1,0,40,22.49948142463504,1709.960588272263,0.05263157894736842,1,Loyal Regular Customers
10915,46,52508.50795085747,12,5,4,6,3,140.90998905726542,4.767219316714818,371.24441184829806,24.266826581835794,54.04063864291521,16.555451500254136,2,2,0,0,0,0,0,18,9.951487510056491,5,1,7.218478808772185,246.71877072213417,7,5,8,1,4.123063463780665,Female,Graduate,Married,611.7845369472834,13,5,0,43,43.69889549623453,7953.198980314684,0.35714285714285715,0,VIP High-Value Customers
10916,48,38745.9228722939,8,8,10,3,3,154.95769074350187,53.330704374571184,229.66128874232174,29.67332330530457,24.77555527660671,86.12298198603332,0,2,0,0,0,0,0,6,9.124749739407825,1,0,6.013816712383327,249.2509786719958,11,1,14,0,5.0,Male,Postgraduate,Divorced,578.5215444283394,16,3,0,40,34.030679084019965,5206.693899855055,0.058823529411764705,0,VIP High-Value Customers
10917,51,77648.7299913703,11,5,6,9,3,181.51642789444804,24.976847997962356,155.92001638263594,53.03858831177959,24.602444805735807,10.77521169041546,2,1,0,0,0,0,1,12,11.042694909242107,4,1,9.064720801287116,663.4950184823285,9,1,8,1,3.874361820425309,Female,Postgraduate,Single,450.8295370829772,18,4,1,35,23.727870372788274,5409.954444995727,0.21052631578947367,1,Loyal Regular Customers
10918,69,55394.13556193043,10,10,8,4,3,161.34824034847782,46.83200013870022,53.95072598662645,31.83692737913624,9.934365570782223,11.588756535853502,2,0,0,0,0,0,1,11,5.48600926152062,3,1,8.708687147963902,372.96429492113,8,4,5,2,4.398997093938501,Female,High School,Married,315.4910159595765,15,3,1,38,19.71818849747353,3470.4011755553415,0.1875,1,Loyal Regular Customers
10919,70,92258.80639369138,14,11,3,8,2,164.02513879420096,52.32814037727977,46.63959939686948,41.773373012366555,12.339810003128786,132.04970687139138,0,0,0,0,0,0,0,12,3.2768586692178943,2,0,8.101308967440145,320.2238508089282,7,2,6,0,3.697273718488543,Male,PhD,Married,449.1557684552369,13,1,0,38,32.08255488965978,6737.336526828553,0.14285714285714285,0,VIP High-Value Customers
10920,38,61459.80439272038,9,5,6,5,1,92.02612386279074,22.858130077533815,83.99472600014377,73.50822999565186,39.9281211004775,45.83269955594151,1,0,0,0,0,0,0,16,3.5336718670923783,2,1,10.0,333.02422890264023,11,3,11,0,4.921636088711606,Male,Graduate,Divorced,358.1480305925392,12,2,0,46,27.5498485071184,3581.4803059253923,0.15384615384615385,1,Loyal Regular Customers
10921,40,56044.674538748215,12,6,9,15,1,459.33941184885066,144.7234602513723,169.65817943748223,9.26904882478422,22.52988578379623,74.2922941215971,2,1,0,0,0,0,1,13,5.00166132415328,2,2,4.664224798533397,98.28406747452505,12,2,10,1,3.399568241512592,Female,Postgraduate,Single,856.2110599076855,25,4,1,43,33.83893385645703,11437.559643482477,0.07692307692307693,0,VIP High-Value Customers
10922,24,54297.208296747645,11,9,3,7,2,157.34873037100488,15.289004974507609,278.1507295159715,107.46929201830244,51.45949946533176,116.84717541077514,0,2,0,0,0,0,0,8,4.394165259295632,2,0,6.796245202630877,342.8001432324785,5,4,13,0,4.213287886500634,Female,PhD,Married,726.5644317558932,12,3,0,39,55.88957167353025,8718.77318107072,0.15384615384615385,0,VIP High-Value Customers
10923,37,55604.40296653629,5,11,7,1,1,121.7569151931287,85.56440021565761,166.5925954924709,29.1181738978132,33.00614732584033,27.350529561352662,2,2,1,0,0,0,0,8,9.569923073630424,0,0,5.466906018161582,448.6926229543578,7,2,9,0,3.916417574494715,Male,Postgraduate,Married,463.3887616862635,9,5,1,37,46.33887616862635,2780.332570117581,0.0,0,VIP High-Value Customers
10924,47,61994.77971240845,9,9,4,6,4,227.45279832524946,31.57871420305042,173.03153857522247,11.751774105551254,46.042262204083784,71.91595792076158,2,2,1,0,0,0,0,5,6.532621335893128,2,0,10.0,259.9899491953356,12,3,7,0,4.08426524488945,Male,High School,Single,561.773045333919,14,5,1,36,37.4515363555946,5617.73045333919,0.13333333333333333,0,VIP High-Value Customers
10925,61,105223.33637840973,2,10,3,10,5,98.11462827095168,67.59128332951984,299.0331210636262,33.203403757050665,17.728246618701377,91.70289133202421,2,0,1,0,0,0,0,8,7.264512951833081,5,0,9.412257048457471,576.5825361684208,8,4,9,1,3.037282601293699,Male,High School,Single,607.373574371874,18,3,1,39,31.967030230098633,1822.1207231156222,0.2631578947368421,1,Loyal Regular Customers
10926,41,53900.52593821153,3,9,9,5,5,39.35070383494776,7.1674096929599145,202.19509689651483,38.725709091130994,42.05754640301183,58.526137647816334,2,1,1,0,0,0,0,13,6.185023687948582,3,0,7.835698837010209,463.25697068384693,7,2,7,1,4.538308550469136,Male,Graduate,Divorced,388.02260356638163,19,4,1,38,19.401130178319082,1552.0904142655265,0.15,1,Loyal Regular Customers
10927,40,54485.63770611643,7,9,4,8,2,73.54003520172475,50.56266082104023,108.87608266222735,7.055343884535581,8.991411524841643,37.048314547170754,3,0,0,0,0,0,0,6,7.483510973987758,2,2,7.823238703459271,319.19917662923024,15,2,7,2,2.3691858612948105,Male,Postgraduate,Married,286.07384864154034,14,4,0,39,19.07158990943602,2288.5907891323227,0.13333333333333333,1,Loyal Regular Customers
10928,25,61180.68922229722,7,7,4,5,4,54.646615234055155,33.61751965631561,149.6714172198284,66.68908625714796,55.75441496100781,71.90388616418782,2,1,0,0,0,0,0,11,9.98764456009113,4,0,5.805760645402016,542.4170982423528,10,2,14,1,4.015043754426013,Male,PhD,Single,432.28293949254277,13,4,0,44,30.87735282089591,3458.263515940342,0.2857142857142857,1,Loyal Regular Customers
10929,20,79624.94111419668,6,3,3,4,2,143.39327107366694,53.89192077421286,282.7030184010925,13.61526884551403,36.366866121666526,27.68402085961769,0,0,0,0,0,0,0,8,12.638880856182839,2,1,7.773838910216682,498.0224079270911,11,6,14,1,2.898861723122341,Female,Graduate,Married,557.6543660757706,9,1,0,42,55.76543660757706,3903.5805625303938,0.2,0,VIP High-Value Customers
10930,24,34422.27790068998,6,10,2,6,4,193.27433057005675,53.70103917949213,182.55290840279983,52.47187635865139,172.99750171957558,72.40774983235931,2,1,1,0,0,0,0,14,10.679205550603795,0,0,5.701584843925442,680.6468074409917,3,1,11,0,3.749080848583835,Female,Graduate,Divorced,727.405406062935,12,4,1,39,55.95426200484115,5091.837842440545,0.0,0,VIP High-Value Customers
10931,60,68191.66926437362,2,3,3,6,4,49.61374071145459,64.15881089901644,389.4839381766505,53.47233741544113,35.0902162801498,7.822290916696056,0,0,0,0,0,0,0,11,8.091051192583542,1,0,10.0,169.48020318256607,6,3,5,1,3.6564805463326926,Female,Postgraduate,Married,599.6413343994084,13,1,0,28,42.83152388567203,1798.9240031982251,0.07142857142857142,0,VIP High-Value Customers
10932,31,45286.346831619085,10,3,6,6,7,168.51225511065084,84.41309637038944,95.25039630411031,34.62026128454817,30.049719804468438,67.68944020180655,0,0,0,0,0,0,0,17,7.1064837772781715,1,0,8.498162064286605,885.2451515424164,12,3,6,1,3.7439777057891703,Female,Graduate,Married,480.5351690759737,19,1,0,41,24.026758453798685,5285.886859835711,0.05,1,Loyal Regular Customers
10933,45,69958.90840111708,6,5,12,6,2,161.23727094489118,100.27534980178663,74.59987475931531,24.794743224489796,32.04801708805233,67.77575212844573,1,1,0,0,0,0,0,11,11.625432300548837,5,1,9.473954076756113,438.4518199854096,7,5,13,3,5.0,Female,High School,Married,460.73100794698104,20,3,0,41,21.939571806999098,3225.117055628867,0.23809523809523808,1,Loyal Regular Customers
10934,65,51112.32103751179,4,5,7,6,2,277.77224160114645,9.313232734683213,191.00627650330372,81.97860010449767,46.78067406647887,55.96322462827421,0,2,0,1,0,1,0,11,5.177575323569609,0,0,5.825221404957991,701.936880326808,13,1,8,1,4.536603967737031,Male,High School,Married,662.8142496383842,15,3,2,38,41.425890602399015,3314.0712481919213,0.0,1,Loyal Regular Customers
10935,53,20000.0,12,6,4,8,9,213.88833199196583,6.269323390754322,164.11573437938605,29.449302460577453,21.768422811649145,28.48970624811444,0,2,0,0,0,0,0,8,7.950932022519063,1,0,7.541925988638816,219.21620168459634,4,3,10,2,3.996153769871225,Female,High School,Married,463.9808212824472,21,3,0,31,21.090037331020326,6031.750676671813,0.045454545454545456,1,Loyal Regular Customers
10936,68,66652.39684837473,3,7,7,7,4,73.55099761104366,24.419649655159542,69.38239845337417,38.92597829414905,39.35428665795559,12.504888712481137,1,1,0,0,0,0,0,15,4.505336850957444,4,1,5.750406631792431,498.54058484253767,9,3,10,1,4.184873560510205,Male,Postgraduate,Married,258.13819938416316,18,3,0,44,13.586221020219114,1032.5527975366526,0.21052631578947367,1,Loyal Regular Customers
10937,33,66500.60586624364,13,10,5,8,5,92.55942246153386,41.09345324099529,103.19035983638517,24.903718206295277,35.44414827636966,4.869146726177323,2,1,0,0,0,1,0,16,11.507196106670479,4,0,6.427566240656574,403.8191087310578,12,2,13,1,2.9821331372922213,Male,Postgraduate,Single,302.0602487477566,18,4,1,53,15.897907828829295,4228.843482468592,0.21052631578947367,1,Loyal Regular Customers
10938,45,49576.55444737026,11,7,8,12,1,98.2109692362683,25.22674150461072,330.6432608815999,28.09354771981222,65.05495187733001,118.94177944663765,3,2,1,0,0,1,0,9,12.167832960593232,3,0,9.619884884094,604.4076172262766,6,0,6,1,2.2548243682758073,Male,Graduate,Married,666.1712506662587,21,6,2,28,30.28051139392085,7994.0550079951045,0.13636363636363635,0,VIP High-Value Customers
10939,64,48509.810517425954,13,5,4,11,0,255.44784876825457,68.22057662913603,207.43096613227345,20.019377761235923,25.93886929066896,21.21716587343487,1,0,0,0,0,0,0,8,4.112754222523837,2,1,7.29205720533166,864.1319124961569,5,5,7,2,5.0,Female,Graduate,Single,598.2748044550037,15,2,0,30,37.39217527843773,8375.847262370053,0.125,0,VIP High-Value Customers
10940,46,36395.290948422255,2,6,7,4,4,288.3164782304961,94.21493001418538,108.03073012912324,37.79145716219615,44.679434774556526,26.950295430874384,3,2,0,0,0,0,0,16,3.893747894944399,2,0,6.85015022566916,514.6752652211782,7,4,16,1,4.174802977856547,Male,High School,Single,599.9833257414317,15,6,0,49,37.49895785883948,1799.9499772242953,0.125,1,Loyal Regular Customers
10941,28,73915.79894769969,1,6,5,9,3,157.62839523065207,61.480544074370286,81.97562237648901,40.43118301281948,49.38084696814836,14.005304974872061,2,1,1,0,0,0,0,8,6.482939377832668,3,2,8.149676413538442,369.33755512551113,9,0,9,1,4.862741441975471,Female,PhD,Single,404.9018966373513,17,4,1,32,22.494549813186183,809.8037932747026,0.16666666666666666,1,Loyal Regular Customers
10942,45,75879.88408440254,11,6,2,8,1,42.52172455813456,10.569018883651111,123.6107918736799,28.331539558428055,72.07267543887193,98.39379387397871,2,0,1,0,1,1,0,9,9.674615081175329,2,1,10.0,512.7939533119466,10,1,10,1,4.200459351966548,Female,Graduate,Married,375.4995441867443,11,3,3,36,31.29162868222869,4505.994530240931,0.16666666666666666,1,Loyal Regular Customers
10943,66,44177.08406683398,11,13,4,5,6,106.74055724080935,86.27515526961092,273.97096199125554,24.363868495297716,18.621499192504988,34.52623131186537,3,1,0,0,0,1,0,12,5.583908835680692,0,0,8.30398815956553,0.0,6,2,7,1,4.178406877759383,Male,Graduate,Divorced,544.4982735013439,15,5,1,40,34.03114209383399,6533.9792820161265,0.0,1,Loyal Regular Customers
10944,41,50281.17972830069,5,6,6,5,1,358.5015003220489,21.99156755405465,160.57131746762306,99.63393135050663,45.873824334788445,59.358390626207324,3,2,0,0,0,0,0,14,5.741567918924554,1,2,8.727001217911084,394.6201205511304,9,3,10,2,3.9334066861409234,Female,Graduate,Divorced,745.930531655229,12,6,0,42,57.379271665786845,4475.583189931373,0.07692307692307693,0,VIP High-Value Customers
10945,66,58860.79581949866,2,6,6,6,0,124.08989448442519,3.8885573527752273,147.84346889762998,46.24553867210327,29.244218815441585,14.837191135274422,0,0,0,0,0,1,0,12,9.859774644210901,1,0,7.187169007926806,0.0,6,3,16,0,5.0,Male,Postgraduate,Divorced,366.14886935764963,12,1,1,43,28.165297642896125,1098.446608072949,0.07692307692307693,1,Loyal Regular Customers
10946,49,100875.57505863984,2,5,4,10,1,11.179297021389072,12.83996261654443,281.97052037144647,87.03213226689473,9.00149911720211,61.74151009567937,2,2,0,0,0,0,0,8,8.74446984466749,7,0,7.264602989470034,739.9067264100861,8,4,11,1,3.619614167823073,Female,Graduate,Single,463.76492148915617,15,5,0,36,28.98530759307226,1391.2947644674684,0.4375,1,Loyal Regular Customers
10947,62,69812.19145660078,7,8,3,4,1,116.43543535008962,67.38619362493634,71.86716764790664,48.005613151801626,34.040561740279514,26.119608494514214,1,2,0,0,0,0,0,12,7.704901931823736,4,0,4.13600545407923,704.9427685143205,9,2,7,0,4.450562673572441,Male,High School,Married,363.854580009528,8,4,0,38,40.42828666772533,2910.836640076224,0.4444444444444444,0,VIP High-Value Customers
10948,67,43018.52072984917,8,8,4,7,6,235.33000298585526,54.65991125678909,92.10334155953511,20.12995101081235,7.543377406761542,85.9827460830253,1,2,1,0,0,0,0,13,8.134796992675028,4,0,5.153951917718851,652.1330556228876,15,3,8,0,4.159879755109547,Female,High School,Single,495.7493303027786,17,4,1,47,27.54162946126548,4461.743972725008,0.2222222222222222,1,Loyal Regular Customers
10949,36,65468.0455708291,13,5,5,8,3,34.429961545380976,35.34448638399729,169.0576857915498,42.518337930301406,63.980408048043664,99.83992529950085,2,0,1,1,1,0,0,6,8.765142208439158,3,1,10.0,294.5936769773905,8,1,8,0,4.907077471654567,Male,High School,Divorced,445.17080499877403,16,3,3,28,26.186517941104356,6232.391269982836,0.17647058823529413,1,Loyal Regular Customers
10950,45,35219.552268514526,10,8,7,10,2,44.26422033830046,27.01118131334769,147.67211191347022,55.56335442551211,15.706878802234232,24.977822247492583,3,2,0,0,0,0,0,14,10.416890755893988,0,0,8.28921622413532,166.21303066121482,8,3,10,3,5.0,Female,PhD,Single,315.1955690403573,19,6,0,43,15.759778452017866,3467.1512594439305,0.0,1,Loyal Regular Customers
10951,55,72923.82557849107,8,7,10,4,7,249.840374722742,11.549626184921511,128.61455629953454,16.562024993417772,22.937241866286726,72.40595877438537,3,0,0,0,0,1,0,14,10.501515636172966,0,1,8.528056156873946,736.4048115669318,8,4,7,0,2.867423176073542,Female,High School,Single,501.909782841288,21,4,1,40,22.814081038240364,4517.188045571592,0.0,1,Loyal Regular Customers
10952,20,90159.85308380073,14,9,7,5,4,173.3407379418067,23.974337389837434,289.9874252667613,12.921347591363958,63.59380866865117,132.6278795479215,1,2,0,1,0,0,0,11,6.390350914022214,0,0,6.904037350201823,1129.1849180333868,10,1,7,2,3.307419149296648,Female,Postgraduate,Single,696.4455364063422,16,4,1,38,40.967384494490716,10446.683046095133,0.0,0,VIP High-Value Customers
10953,27,90236.25033151124,4,5,5,11,2,169.77863030688655,8.968512796837082,37.048947576355374,36.519900717112854,33.779581973600145,28.23900383266851,3,2,1,0,0,0,1,10,7.62772339104289,3,0,7.611285139165751,658.6410161572984,12,2,11,0,4.673546670956429,Female,Postgraduate,Divorced,314.3345772034605,18,6,2,40,16.543925115971607,1571.6728860173025,0.15789473684210525,1,Loyal Regular Customers
10954,68,73228.08306253809,15,5,3,7,2,28.244305198374462,54.39830613925464,76.76728086017718,12.514225805371185,76.32287178839421,245.36103472022998,1,1,0,0,0,0,0,11,6.156420843355845,1,0,8.373443884143402,879.5356873490257,9,0,10,0,4.096872244379094,Male,Graduate,Married,493.60802451180166,12,3,0,35,37.96984803936936,7897.728392188827,0.07692307692307693,0,VIP High-Value Customers
10955,54,49498.577594373666,14,4,4,6,3,78.03302320836914,66.41607937264139,76.4722338812611,48.458872412537794,48.37433405176878,25.24424308556307,0,2,0,0,0,0,0,11,9.218353177383037,3,0,9.551911152042916,548.0569968873007,5,4,6,1,4.350028932090528,Male,Postgraduate,Single,342.9987860121413,13,3,0,30,24.49991328658152,5144.98179018212,0.21428571428571427,1,Loyal Regular Customers
10956,34,36583.76838274574,1,11,4,8,1,160.51080013026166,56.44042260055698,219.14783650698917,11.437951966383245,54.43450156952531,63.36085846472038,0,0,0,0,0,0,1,18,4.972814509507724,0,0,9.2651519520868,427.0890155100234,3,4,5,0,3.527819129818158,Male,Graduate,Single,565.3323712384367,13,1,1,41,40.38088365988834,1130.6647424768735,0.0,1,Loyal Regular Customers
10957,66,34796.30921935604,11,10,8,8,1,53.79157367906561,70.44783980401388,116.24383076604748,38.42059245109664,23.6969970896395,185.99619357081176,0,1,1,0,1,0,0,16,4.561789600843708,3,0,7.405914982874117,926.381264495878,9,4,7,2,4.011273925502041,Male,Graduate,Married,488.59702736067493,17,2,2,46,27.144279297815274,5863.164328328099,0.16666666666666666,1,Loyal Regular Customers
10958,41,20000.0,7,3,8,3,2,153.31503339679963,39.68994049625736,488.57704412900483,27.97319036207427,46.512300058663484,51.86511555397495,2,0,0,0,0,0,1,10,6.55917225239739,1,0,8.71651375142795,485.4502422148096,14,3,13,2,2.7504014682475795,Female,Postgraduate,Single,807.9326239967746,13,3,1,43,57.709473142626756,6463.460991974197,0.07142857142857142,0,VIP High-Value Customers
10959,33,72489.40373414259,1,5,4,9,3,54.929872294919015,68.23744992748941,297.9676172142333,17.4454579837093,27.227224822347083,44.91971523246492,3,2,1,0,0,0,0,15,1.6642137196262201,2,0,7.655822172895525,746.3384983432921,5,2,7,2,3.340685453506128,Female,Postgraduate,Single,510.727337475163,16,6,1,34,30.042784557362527,1021.454674950326,0.11764705882352941,1,Loyal Regular Customers
10960,45,58148.96063596081,11,6,4,4,3,39.89349698088197,1.875217726508138,116.74851448363363,78.13511002758723,41.59447973558025,92.18106739500753,0,1,1,0,0,0,0,7,1.0,1,1,8.208572239176288,464.4833649893031,7,3,15,2,5.0,Male,Graduate,Married,370.42788634919873,11,2,1,38,30.868990529099893,4445.134636190385,0.08333333333333333,1,Loyal Regular Customers
10961,47,76365.89099615629,4,6,8,8,6,156.94430571865266,32.67190074008233,215.4066630908912,58.408635769642416,83.27509928834941,83.687831572515,1,1,0,0,0,0,0,5,9.077685465150859,3,1,9.210173246551063,425.10856162626544,7,4,14,1,3.4503810065685734,Female,Graduate,Single,630.394436180133,22,3,0,36,27.4084537469623,3151.972180900665,0.13043478260869565,1,Loyal Regular Customers
10962,42,85704.56673422619,8,7,4,5,8,124.32493806353543,55.36971369549292,208.89631009071678,71.90139285738249,50.891962441824916,35.9561510469394,0,1,0,1,0,0,0,10,9.338170621879366,3,0,8.7591394397867,449.6154679136895,3,1,8,1,4.836903577994743,Male,Graduate,Single,547.3404681958918,17,2,1,29,30.407803788660658,4926.064213763027,0.16666666666666666,1,Loyal Regular Customers
10963,33,61798.29979024338,2,4,6,11,2,107.74256465800352,21.51876865799702,348.9045101641913,104.7762109415171,46.48845073059391,7.2275636911243435,3,0,0,0,0,0,0,6,4.968049725009642,1,0,6.833766192113498,604.9688036625339,8,3,9,1,3.6011241241753194,Female,High School,Married,636.6580688434273,19,4,0,30,31.832903442171364,1909.9742065302817,0.05,1,Loyal Regular Customers
10964,43,62627.308974836706,6,6,6,9,2,114.2775051442406,30.92702758894607,131.30007309100077,62.79856527826442,73.33018246763636,46.55048453964122,1,1,0,0,0,0,0,9,7.426248619853043,4,1,7.541925988638816,396.025041133595,8,1,13,0,4.015674529317151,Female,PhD,Married,459.18383810972944,17,3,0,37,25.510213228318303,3214.286866768106,0.2222222222222222,1,Loyal Regular Customers
10965,21,51642.2337990456,13,11,1,4,2,114.33664836223626,31.55605731940815,106.3914646973953,26.853912776090972,34.18793059952776,55.36178418316847,0,1,0,0,0,0,0,7,12.352342190787928,2,0,10.0,1019.3787204989926,3,4,5,0,4.166102455878796,Female,Graduate,Single,368.68779793782693,7,2,0,30,46.085974742228366,5161.629171129577,0.25,0,VIP High-Value Customers
10966,64,53770.480490896654,6,6,5,9,1,32.19672988578763,36.582447694995594,200.08651660980652,19.88319565699746,18.423111426939307,91.03300013742012,3,0,0,0,1,0,1,13,7.400900804239992,3,1,5.26612453740434,575.4023497008013,5,6,9,1,3.3857668043057885,Male,High School,Single,398.2050014119467,15,4,2,39,24.887812588246668,2787.4350098836267,0.1875,1,Loyal Regular Customers
10967,45,73112.4584245128,12,5,3,5,3,192.61600786350132,16.366843695157257,132.36891483607863,21.610371911576678,75.26121301587564,67.80467994700749,1,0,0,0,0,0,0,6,11.636089105608423,1,1,7.5048487525955085,455.8745421415819,11,2,10,4,4.517385700397764,Female,High School,Divorced,506.02803126919696,11,2,0,34,42.169002605766416,6578.364406499561,0.08333333333333333,0,VIP High-Value Customers
10968,33,56861.24945342441,9,7,9,8,1,241.46775539672203,31.732491171101675,230.230659537634,96.39177055439674,79.2250320290352,38.486932343705995,0,0,1,0,0,0,0,12,5.803946073589729,1,0,6.003138729556326,330.9606928371969,9,3,13,2,5.0,Female,Graduate,Single,717.5346410325957,18,1,1,44,37.76498110697872,7175.346410325957,0.05263157894736842,0,VIP High-Value Customers
10969,70,54257.861998449174,5,4,4,9,4,304.0094917448444,66.26857364883065,326.1794143206766,17.071602988085267,70.12388127859452,59.36420040045651,0,2,0,0,0,1,0,8,8.348546880309302,0,1,7.704278675474875,645.0231912893246,11,1,11,1,4.5110964806882405,Male,Postgraduate,Married,843.017164381488,17,3,1,35,46.83428691008267,5058.102986288928,0.0,0,VIP High-Value Customers
10970,26,59670.29653002868,10,8,8,6,4,141.19291170185903,11.26860441651921,83.57499702095483,14.195330871162293,6.230335551819435,10.31928727962428,3,0,0,0,0,0,0,11,9.260738588400212,3,0,8.633261045585398,0.0,3,1,11,0,3.154172878125344,Female,Postgraduate,Married,266.7814668419391,18,4,0,34,14.041129833786268,2934.5961352613303,0.15789473684210525,1,Loyal Regular Customers
10971,22,75953.94352910861,4,5,8,4,4,39.812590030948165,17.179232696572345,100.1559923422579,53.79904625029519,46.66229314682979,56.198221423764195,0,0,0,0,0,0,0,15,6.334530869064456,2,0,6.577840070485997,452.31570544290685,6,5,11,4,4.212911574495836,Female,High School,Married,313.8073758906676,16,1,0,42,18.459257405333386,1569.0368794533379,0.11764705882352941,1,Loyal Regular Customers
10972,66,47532.091959058154,5,8,2,7,2,189.1681252119813,34.159729566483854,309.2097601680824,27.05025383383328,44.17054815890729,63.512880466857155,3,1,0,0,0,0,0,14,6.902509715382116,1,0,6.109489624419355,695.3259034983727,8,3,10,0,4.916237607334546,Male,Postgraduate,Divorced,667.2712974061453,11,5,0,43,55.60594145051211,4003.627784436872,0.08333333333333333,0,VIP High-Value Customers
10973,42,58802.48668406341,12,4,6,10,1,128.747886155982,54.50615083323442,155.40564303231113,20.473777543976684,27.409154773298354,38.424585842515356,0,2,0,0,0,0,0,7,7.322357693344557,4,1,9.842788044023148,215.56809539368004,11,5,7,0,3.568044696750711,Female,High School,Married,424.9671981813179,17,3,0,34,23.609288787850993,5524.573576357133,0.2222222222222222,1,Loyal Regular Customers
10974,65,64415.00108001174,12,7,9,9,2,134.84069772272383,11.335266724896183,158.9167883054317,32.64402840329942,35.51295398138479,74.4619155150126,1,1,0,0,0,0,0,10,5.385445575449431,1,0,8.134248946710022,597.2847937977228,3,1,10,2,4.153031016794311,Male,Graduate,Married,447.7116506527486,20,3,0,31,21.319602412035646,5820.251458485732,0.047619047619047616,1,Loyal Regular Customers
10975,62,80883.99426453431,10,7,4,10,2,64.41403630517041,21.01642361669984,279.7599682926588,19.205256197426475,51.24855611235816,153.11146313684645,0,0,1,0,1,0,0,5,7.913311281193783,2,1,9.074027762182318,622.9670733009505,13,6,5,0,3.4094808806042893,Female,Graduate,Married,588.7557036611602,16,1,2,36,34.63268845065648,6476.312740272762,0.11764705882352941,0,VIP High-Value Customers
10976,66,55692.65801761046,15,5,4,6,5,152.96981707983628,98.9901037116106,144.78267640145123,146.91043631033557,48.602107223804396,48.51123413442097,2,0,0,0,0,0,0,15,11.437063956640408,2,0,8.818715307543656,428.86555244834676,13,1,6,1,3.552072229255808,Male,Graduate,Married,640.7663748614591,15,3,0,40,40.047898428841194,10252.261997783346,0.125,0,VIP High-Value Customers
10977,64,47079.179051069004,11,9,6,9,3,192.73701755661062,37.3844841360441,250.6272250641234,77.41258725045296,6.609666400829641,87.96898192217473,0,1,1,0,1,0,0,10,11.34439337559538,1,0,6.181541807565609,536.4548495242819,11,4,13,2,3.7943776542093843,Male,Graduate,Single,652.7399623302355,18,2,2,47,34.35473485948608,7832.879547962826,0.05263157894736842,0,VIP High-Value Customers
10978,37,51281.503003097605,5,10,13,4,2,129.59962244955466,52.0415495832394,88.39601796344891,93.16505193362156,49.62615992570937,124.29999387291898,3,2,1,0,1,0,0,9,13.697142960074185,4,0,9.038310930560714,479.9197497833244,8,9,8,1,4.133612624041314,Male,High School,Single,537.1283957284929,19,6,2,44,26.856419786424645,3222.7703743709576,0.2,1,Loyal Regular Customers
10979,57,78955.03379427682,8,2,6,6,6,86.05698499257777,70.87063383290973,119.8136381969145,73.95443704742775,17.897289064025305,18.684696475598763,0,2,0,0,0,0,0,10,6.5603708729033965,4,0,6.686649359863601,270.1539880176419,8,2,8,0,4.898452262560846,Female,Graduate,Divorced,387.2776796094538,18,3,0,30,20.38303576891862,3485.4991164850844,0.21052631578947367,1,Loyal Regular Customers
10980,54,96599.49537486237,10,7,8,7,4,90.72329580832641,37.539779354754124,358.81249480975674,41.02705240287009,90.37516948947462,14.574289737891803,2,1,0,0,0,0,0,14,6.287126339614311,1,0,6.454501015682014,927.198203041336,9,1,8,0,3.795676512004215,Male,High School,Married,633.0520816030738,19,4,0,39,31.65260408015369,6963.572897633812,0.05,0,VIP High-Value Customers
10981,70,36352.35935365141,12,5,8,11,4,136.93525105105323,11.718492740269449,156.9440527472298,126.15188757827343,42.70453090393116,33.55872924353689,1,0,0,0,0,0,0,5,9.696154693284255,1,1,9.037505805984788,606.6397473364718,12,4,9,3,3.821917542024374,Female,Postgraduate,Single,508.01294426429394,23,2,0,35,21.167206011012247,6604.168275435821,0.041666666666666664,1,Loyal Regular Customers
10982,34,40284.57092874257,8,10,1,5,2,88.05503307059037,28.979480617342933,85.0426963507833,34.71962527992095,59.6746238043385,128.49739799536272,2,2,1,0,0,0,0,9,12.01647647867911,2,0,5.359059670617976,472.6864402865486,7,0,13,1,4.836052363440521,Male,Postgraduate,Single,424.96885711833875,8,5,1,39,47.21876190203764,3824.7197140650487,0.2222222222222222,0,VIP High-Value Customers
10983,44,56961.65783936139,2,7,8,11,1,50.88852386406091,54.39956901602895,83.04840679062931,36.735267972094945,24.42549583015236,48.61717189433989,1,2,0,0,0,0,0,11,11.122459447466342,1,0,5.8386139042316465,491.74741697799016,7,5,9,2,3.818334603830821,Male,Graduate,Divorced,298.1144353673063,20,4,0,39,14.195925493681253,894.343306101919,0.047619047619047616,1,Loyal Regular Customers
10984,56,61997.20972922478,7,5,4,10,2,187.29221673718368,58.437619005110534,147.59219929292703,107.73024304710852,60.500433206591104,41.16873779630097,2,1,0,0,0,0,0,12,9.868704777756742,3,0,6.7879338733716175,721.6164736479502,7,1,11,1,4.531065787183734,Male,High School,Single,602.7214490852218,16,4,0,36,35.45420288736599,4821.771592681775,0.17647058823529413,0,VIP High-Value Customers
10985,47,74165.45217998992,8,7,4,7,5,120.55482684091544,22.080717759423266,256.13502559653136,100.98867303639112,18.78792346269652,26.10531364057879,2,2,0,0,0,0,0,10,5.483300563897702,2,0,4.991281972152484,56.59254365593506,8,5,5,0,3.3228862921653253,Male,PhD,Married,544.6524803365364,16,5,0,35,32.03838119626685,4901.872323028828,0.11764705882352941,1,Loyal Regular Customers
10986,29,43959.605845173246,11,4,2,4,3,130.84809849474675,20.19307815384636,21.29854015138017,21.754580390763152,19.11106333235001,16.595997028663515,2,0,1,0,0,0,0,13,5.7084726890170785,2,0,7.603539891824734,456.4570729137632,8,1,7,0,3.9868954273786836,Female,Postgraduate,Married,229.80135755174993,9,3,1,33,22.98013575517499,2757.6162906209993,0.2,1,Loyal Regular Customers
10987,58,40864.037340309646,6,7,6,10,4,75.6004252251979,20.133651518890183,110.60085449360047,97.90172982114692,24.709843925095598,25.751003997335097,1,1,0,0,0,0,0,7,9.467835440368356,2,0,6.709505085030893,186.06309281798895,8,6,11,0,5.0,Female,Graduate,Divorced,354.69750898126614,20,3,0,39,16.890357570536484,2482.882562868863,0.09523809523809523,1,Loyal Regular Customers
10988,36,62485.56875640534,5,11,6,5,1,50.80589996363311,58.87264785500687,209.4464648617011,57.21891627242329,101.08683641557654,39.67766667465029,0,2,0,0,0,0,1,17,9.191266108219581,3,1,7.898821890295411,688.426694904558,6,4,12,2,2.907446751068286,Female,Graduate,Divorced,517.1084320429912,12,3,1,50,39.77757169561471,3102.650592257947,0.23076923076923078,0,VIP High-Value Customers
10989,58,55348.787036270965,11,9,3,5,4,67.19267020333065,23.541307340349256,178.76505071549536,18.2746322653826,25.311771832919362,30.86795025017725,3,0,0,0,0,0,1,15,7.506990601575442,5,0,10.0,689.7976104597616,15,3,6,1,3.9493743928520493,Female,High School,Divorced,343.9533826076545,12,4,1,48,26.457952508281114,4127.440591291854,0.38461538461538464,1,Loyal Regular Customers
10990,41,76680.97795988744,9,8,5,7,5,82.74426566075064,5.15064192160975,197.80163671266126,13.592130274505266,32.08978391297468,36.06587350316394,0,0,0,0,0,0,0,14,9.33238534906876,2,1,5.683410806718733,422.51327474847267,6,4,9,0,3.1517534021107987,Female,High School,Single,367.4443319856656,17,1,0,41,20.413573999203646,3674.4433198566558,0.1111111111111111,1,Loyal Regular Customers
10991,45,68772.4764574269,13,3,8,3,3,48.715237238274085,26.85523559087826,94.60402105568413,16.29398889657113,4.98225016085347,117.9220831459131,2,1,0,0,0,0,0,9,8.224008348101853,2,0,5.396926187684967,617.0357039997107,8,3,10,1,4.357132596893213,Male,High School,Married,309.3728160881742,14,4,0,33,20.62485440587828,4331.219425234439,0.13333333333333333,1,Loyal Regular Customers
10992,63,69996.82825739794,3,3,9,7,1,87.35178770627793,53.59187011078313,167.22228122851507,74.31553787529181,130.2972594786809,30.68304004929981,1,1,0,0,0,0,0,13,10.259910237536594,3,0,6.8206841275974375,601.7046565780297,9,3,14,0,4.430715191881961,Male,Graduate,Married,543.4617764488487,17,3,0,42,30.19232091382493,2173.847105795395,0.16666666666666666,1,Loyal Regular Customers
10993,44,58119.335765216405,12,10,3,10,3,108.53816121508864,67.7921157028523,286.0576469172857,21.75704890156938,18.21073716648257,18.438160352708252,1,0,0,0,0,0,0,9,6.267475402977929,2,0,6.235956947006073,911.910926075479,8,5,12,0,2.939104551953288,Female,Postgraduate,Divorced,520.7938702559868,16,2,0,44,30.634933544469813,6770.320313327828,0.11764705882352941,0,VIP High-Value Customers
10994,36,102400.4446542277,13,10,2,10,2,206.98258490814973,21.463042863760002,117.62298532800351,50.062150047058694,54.71687915032594,81.24588374570997,0,0,0,0,0,0,0,9,3.710402523984813,1,1,7.491924724685162,642.0855343017822,5,5,8,0,3.7994555752238286,Female,Graduate,Married,532.0935260430078,14,1,0,37,35.47290173620052,7449.30936460211,0.06666666666666667,0,VIP High-Value Customers
10995,32,44920.53633131232,13,11,7,9,5,176.34223616619698,33.82818355229139,161.99687176187712,53.17738095888808,55.59430975355588,35.62318098648698,1,2,0,0,0,0,0,16,4.1427594306425615,3,0,9.933900722318207,216.96483825815233,7,4,11,1,2.7666303331568542,Male,Graduate,Married,516.5621631792965,21,4,0,49,23.480098326331657,7231.870284510151,0.13636363636363635,1,Loyal Regular Customers
10996,39,70994.57700758595,10,11,6,2,3,168.25537535855875,32.49978479143115,43.202098870796505,23.347325892966936,31.278327321239985,37.652979550783684,1,2,0,0,0,0,0,11,5.818604911521113,0,0,10.0,317.88606215737565,6,2,12,0,4.08297768205951,Female,Postgraduate,Divorced,336.235891785777,11,4,0,42,28.019657648814754,3698.5948096435473,0.0,1,Loyal Regular Customers
10997,44,37145.580232684064,4,4,6,4,2,52.341515372999886,29.19788932819992,207.16491775505182,41.06908221396278,19.028427500834216,25.81577144055041,2,2,0,0,0,0,0,10,6.2549327667942825,4,0,6.731985344926482,529.5317833982116,9,4,12,1,4.39451095657931,Female,Graduate,Divorced,374.61760361159895,12,5,0,39,28.816738739353767,1873.0880180579948,0.3076923076923077,1,Loyal Regular Customers
10998,23,40677.58180068986,9,9,6,9,3,162.14452423107645,29.0654889084724,96.79831674285347,17.69746280451034,64.89394308111873,47.628545881518264,1,2,1,1,0,0,0,9,7.8932665309803065,2,1,6.095900592182959,0.0,7,2,12,0,4.582680524782688,Male,High School,Married,418.2282816495497,18,4,2,39,22.012014823660508,4182.282816495497,0.10526315789473684,1,Loyal Regular Customers
10999,29,49067.77922222181,6,9,4,5,1,203.9853384220984,48.59641994104652,64.21722508791302,34.86127452791307,37.16172981172555,134.3988647356923,1,2,0,0,0,0,0,14,5.433733154819553,2,0,6.128671239648695,790.744439545849,6,1,12,1,4.72022942789466,Female,Postgraduate,Married,523.2208525263889,10,4,0,42,47.56553204785353,3662.545967684722,0.18181818181818182,0,VIP High-Value Customers
11000,22,89327.82005912447,8,9,6,3,1,86.81322900600702,69.16443927878933,110.10099964071482,27.840665587300506,24.43656194623148,117.4821517349001,2,1,0,0,0,0,0,12,4.679555305625214,2,1,8.029488523190661,498.7109214113636,11,7,10,2,4.394608184417857,Female,Postgraduate,Married,435.8380471939432,10,4,0,49,39.62164065399484,3922.542424745489,0.18181818181818182,0,VIP High-Value Customers
11001,60,64750.099748172346,7,6,10,3,4,49.93627066999027,29.778540743792597,213.75244883462733,60.7316525825208,23.324271868792366,66.95794960961128,0,2,0,0,0,0,0,15,3.3892362383787704,1,1,7.443772120271116,90.53825205216873,12,1,4,1,3.3281314750648923,Female,Graduate,Divorced,444.4811343093346,17,3,0,38,24.69339635051859,3555.849074474677,0.05555555555555555,1,Loyal Regular Customers
11002,64,49371.39476620124,11,5,4,4,5,155.19738179048272,14.391934566042208,98.44237023240976,85.32599401532725,65.77109201097319,29.94903608420832,3,2,0,0,0,1,0,15,8.54506016710853,2,0,7.617560719819119,491.22912616319684,12,1,12,1,4.327018576135121,Female,Graduate,Married,449.07780869944344,13,6,1,45,32.07698633567453,5388.933704393321,0.14285714285714285,1,Loyal Regular Customers
11003,37,66739.85386718232,2,8,3,9,1,174.4600629924599,45.67505044107804,73.37592804995649,9.126746123220975,53.966250438903415,71.52418282056726,3,2,0,0,0,0,0,12,7.923864103250837,0,1,6.694605759151129,1156.4973047999374,8,6,10,0,4.459438030388104,Female,Graduate,Single,428.1282208661861,13,6,0,44,30.58058720472758,1284.3846625985584,0.0,1,Loyal Regular Customers
11004,66,60632.66186564115,3,7,0,10,3,115.30329997162006,115.81381353228173,234.70370772050933,14.960532379616453,31.486283978467835,150.03451105410187,3,0,0,0,1,0,0,13,8.568683496658801,3,2,7.750833688921457,370.9877595346728,8,8,6,0,4.308013885563572,Male,Graduate,Single,662.3021486365972,13,4,1,42,47.30729633118551,2649.2085945463887,0.21428571428571427,0,VIP High-Value Customers
11005,55,51144.479355495845,1,8,8,13,3,191.0472544022511,44.560547323129015,83.34823793902282,81.04015574185962,66.04735164982658,74.61144848225518,0,2,0,0,0,0,0,11,6.570115964127189,2,1,10.0,137.31129863247662,7,0,9,4,3.3964226867575147,Male,Graduate,Single,540.6549955383443,24,3,0,35,21.626199821533774,1081.3099910766887,0.08,1,Loyal Regular Customers
11006,66,34860.68059581191,9,3,3,8,2,120.35765604776597,39.11711348994244,473.11852040027395,25.838653910165,43.45551988299213,59.477902731210904,1,1,0,0,0,0,0,10,13.357929182849055,2,0,9.451520231955485,363.11938032453094,4,3,7,1,4.445588412763718,Female,Graduate,Married,761.3653664623504,13,3,0,27,54.38324046159646,7613.653664623504,0.14285714285714285,0,VIP High-Value Customers
11007,41,85893.76472122122,13,5,4,10,2,61.417285415973026,15.550302179639864,279.2642910244503,117.57799992280495,49.127880377887166,17.645155664332847,2,0,0,0,0,0,0,14,4.457211108342697,1,0,10.0,68.0610398473757,8,0,13,1,5.0,Female,Postgraduate,Married,540.5829145850881,16,3,0,40,31.79899497559342,7568.160804191234,0.058823529411764705,1,Loyal Regular Customers
11008,53,63776.726316780754,7,3,5,6,4,119.24014333755117,5.88739477259354,359.85966760962805,93.63895377690328,39.74873054399128,73.62424481829136,0,0,0,0,0,1,0,11,8.171621380547117,3,1,7.6611152228987685,568.0762643340704,5,3,13,0,5.0,Female,Postgraduate,Single,691.9991348589587,15,1,1,35,43.249945928684916,5535.993078871669,0.1875,0,VIP High-Value Customers
11009,66,99127.2907224283,1,7,3,10,4,127.95700673702899,31.49505544881147,170.99673915855345,16.67514770870638,22.64550025411789,84.02872506022456,3,2,0,0,0,1,0,13,1.3664858958949075,2,1,5.729960933224253,240.25194829560695,9,2,13,0,4.84650976253698,Male,Graduate,Married,453.7981743674428,17,6,1,44,25.211009687080157,907.5963487348856,0.1111111111111111,1,Loyal Regular Customers
11010,27,76925.78916973584,3,5,2,5,1,114.07241637039975,44.81065729653564,95.81167499787266,53.43061982342924,26.748718021886738,53.89978109784842,1,0,0,0,0,0,1,9,9.200489951159723,3,0,4.340457449084488,663.7936989349165,3,3,13,1,3.627384271167957,Female,PhD,Married,388.7738676079725,8,2,1,33,43.19709640088583,1555.09547043189,0.3333333333333333,0,VIP High-Value Customers
11011,59,69923.75504569877,4,9,8,6,2,42.57122159966384,85.39683623227725,290.9873088674131,36.81810317662921,8.033869441840713,7.958687563477527,3,2,0,0,0,0,0,4,5.680852185369955,3,0,8.41295136858096,561.6846192575383,7,2,11,0,3.290525890410271,Male,Graduate,Single,471.7660268813017,16,6,0,33,27.750942757723628,2358.8301344065085,0.17647058823529413,1,Loyal Regular Customers
11012,68,52166.32208489459,4,2,4,6,3,271.75354167760275,37.92119607836093,68.87991932578541,6.165379149919627,44.45178135665434,89.17330549650514,3,2,0,1,0,1,0,12,3.9712792868239664,4,1,5.348181245047588,335.0343227940379,8,3,6,0,3.4966039252528796,Male,Postgraduate,Divorced,518.3451230848282,13,6,2,31,37.0246516489163,2591.725615424141,0.2857142857142857,1,Loyal Regular Customers
11013,63,40283.7798505755,5,8,3,9,0,357.6287687587603,7.4878148827205475,38.999431851134645,17.60946460199415,15.51557029512076,66.77012158585887,3,2,0,0,0,0,0,16,9.341017269852355,2,0,10.0,131.63427498807118,7,3,16,0,4.134515415442224,Male,Graduate,Married,504.0111719755893,12,6,0,50,38.77009015196841,3024.067031853536,0.15384615384615385,1,Loyal Regular Customers
11014,38,56080.84227920795,14,3,8,5,1,100.10140510841636,15.814076144257571,198.16026001979824,28.693970722538285,50.513398815393266,59.50967602717968,0,1,0,0,0,0,0,14,4.344765195426978,4,1,7.520114923325491,577.3687348088932,8,2,12,2,4.7026474574299755,Male,High School,Married,452.7927868375834,14,2,0,39,30.186185789172225,6791.89180256375,0.26666666666666666,0,VIP High-Value Customers
11015,61,39762.73330429505,3,7,5,7,7,106.60175934025528,40.16869568820758,59.18265633142822,5.071383855921819,23.870774232374426,67.19172376250275,1,0,0,0,0,0,0,12,5.482918418487939,2,0,7.0879217313623615,520.0788651395823,7,3,9,1,4.601441288866696,Female,Postgraduate,Married,302.0869932106901,19,2,0,38,15.104349660534504,1208.3479728427603,0.1,1,Loyal Regular Customers
11016,60,71703.42685315358,3,7,6,3,3,119.9806597750024,40.035123006561875,147.15182614394502,15.282734984582252,121.92372033313441,20.93587906123211,3,0,0,0,1,0,0,12,10.909518678996115,3,0,7.458466850868374,115.70796274549667,9,5,9,0,3.689813552240409,Male,Graduate,Married,465.30994330445805,12,4,1,42,35.79307256188139,1861.2397732178322,0.23076923076923078,1,Loyal Regular Customers
11017,56,89387.74495854834,1,9,7,9,2,110.4619871245905,57.78004500069585,141.60471927604482,50.07819938945822,37.88455367548882,34.48808861058843,0,0,0,0,0,0,0,7,8.44975696501891,1,0,7.872559641325162,301.84286694950686,7,6,13,0,3.4883197368907304,Female,Postgraduate,Single,432.29759307686663,18,1,0,42,22.752504898782455,864.5951861537333,0.05263157894736842,1,Loyal Regular Customers
11018,25,55303.57920989166,7,6,10,6,7,62.432557464384715,17.83801525121066,250.54433072428958,18.56248868339981,8.623111083312311,55.32786674327188,2,0,0,0,0,1,0,16,6.830137307181114,1,0,8.892872254916211,110.89746137429307,6,1,4,1,3.502989146499276,Female,PhD,Single,413.328369949869,23,3,1,33,17.222015414577875,3306.626959598952,0.041666666666666664,1,Loyal Regular Customers
11019,45,77000.83750304155,11,9,7,4,4,183.07187336632043,87.22705541765805,65.92414578783769,43.17500574408529,9.654251823909746,39.84093184283944,2,0,0,0,0,0,0,9,8.407986184733536,2,0,7.386282740207419,271.05825159078495,5,4,7,1,3.5392597678710094,Male,High School,Married,428.89326398265064,15,3,0,34,26.805828998915665,5146.719167791807,0.125,1,Loyal Regular Customers
11020,53,47593.87673609658,10,6,3,8,1,188.12960103475035,47.836639751917275,52.526552028541396,35.512629904935785,21.779625896807254,51.728692734232524,0,2,0,1,1,0,0,16,6.7616917797803,2,1,7.756628734325337,439.22449806251564,5,3,15,0,4.922929098924654,Male,Graduate,Married,397.51374135118465,12,3,2,45,30.577980103937282,4372.6511548630315,0.15384615384615385,1,Loyal Regular Customers
11021,64,54555.59691226768,14,10,3,4,3,108.78926969058193,17.378171412788543,134.66309897410386,13.063207644217997,18.66467219845536,28.084813503401705,2,2,0,1,0,0,0,6,9.915542136502918,0,1,8.301349305498436,336.2732814677563,19,4,9,0,3.516667519321831,Female,Graduate,Married,320.6432334235494,10,5,1,48,29.14938485668631,4809.648501353241,0.0,1,Loyal Regular Customers
11022,25,45330.64827782202,1,6,7,8,2,104.43636257766295,28.22787302055911,17.33997855679646,81.31248521853848,157.088383219083,44.31502684823766,3,2,1,0,0,0,0,14,7.504438014660054,0,0,7.805001546101186,187.03917115310105,11,7,9,1,4.622065547138927,Male,Postgraduate,Divorced,432.7201094408777,17,6,1,47,24.040006080048762,865.4402188817554,0.0,1,Loyal Regular Customers
11023,56,21603.60536873081,2,9,3,7,3,102.62232215156627,11.786634593546548,189.29732807266802,4.066684316548815,3.9293799674681926,169.85093425852233,0,1,0,0,0,0,0,10,5.136844577707268,1,0,5.216601330223919,584.1826668966714,8,3,10,0,2.3338554492990733,Male,Graduate,Married,481.55328336032017,13,2,0,40,34.39666309716573,1444.6598500809605,0.07142857142857142,1,Loyal Regular Customers
11024,52,59342.39970146501,13,3,3,5,11,180.4067684999951,57.33705930842066,178.8678243224146,81.08472573660266,30.24037055338262,52.39894632404908,0,1,1,0,0,0,0,13,3.522353907588897,3,0,6.758327576143288,629.7107287768833,5,4,5,0,4.19801567999129,Male,Postgraduate,Single,580.3356947448648,19,2,1,30,29.01678473724324,8124.699726428107,0.15,0,VIP High-Value Customers
11025,41,62312.131276759545,4,4,3,7,4,118.36063918018324,75.14570805011894,180.85270286978326,22.318412152366754,88.95223410579767,37.52250156721745,2,1,0,0,0,0,1,10,11.35913956207197,0,0,9.154427409659109,683.886238767858,8,7,10,0,3.347159260240576,Male,High School,Married,523.1521979254674,14,4,1,39,34.876813195031154,2615.760989627337,0.0,1,Loyal Regular Customers
11026,40,79185.49797770947,13,3,8,4,1,99.36771718323925,106.89176183755401,132.97467803237961,24.658647214252966,45.85699746818474,18.053773275907208,1,1,0,0,0,0,0,10,3.7519770059696596,1,0,10.0,910.4627831809131,5,3,12,1,1.9503431162858411,Male,Graduate,Married,427.80357501151775,13,3,0,33,30.55739821510841,5989.2500501612485,0.07142857142857142,0,VIP High-Value Customers
11027,25,74317.88854804718,4,7,2,6,2,50.756119832771674,33.024242321375425,414.80663326631895,40.80398356945452,20.241000443673272,70.66019955676502,2,0,0,0,0,0,0,9,10.228475530478189,2,0,9.915308288760029,601.2537280609238,11,3,7,2,2.9217776011739236,Female,PhD,Single,630.2921789903589,10,3,0,37,57.29928899912354,3151.4608949517947,0.18181818181818182,0,VIP High-Value Customers
11028,25,74561.15218270192,5,10,5,14,3,196.92606231249297,41.391382670961356,201.71308261248004,41.602646015209444,77.20787156153789,51.50252409426026,3,1,0,0,0,1,0,13,5.37186911919616,3,0,8.350500898852559,246.73225554373153,5,2,12,1,3.886341357747586,Male,Postgraduate,Single,610.3435692669419,22,5,1,42,26.536676924649647,3662.061415601652,0.13043478260869565,1,Loyal Regular Customers
11029,67,42467.347983878215,11,6,4,5,2,71.88014983141554,38.77570994853319,234.79937834260846,49.61121062631316,51.75292469452998,59.28186530019847,1,0,0,0,0,0,0,8,6.005892388459062,4,0,6.881244100686017,345.1550099848783,3,3,5,2,4.521140484549561,Female,Graduate,Divorced,506.1012387435988,11,2,0,25,42.17510322863323,6073.214864923186,0.3333333333333333,0,VIP High-Value Customers
11030,23,68270.95150927246,2,1,2,5,2,50.02557044841437,72.23131876334072,104.4210916028347,57.44472304254512,7.8901733109179855,23.865605980779673,1,0,0,0,0,0,0,15,11.713305708817819,1,0,9.57071079007445,588.0082949253328,9,2,6,0,4.506913008276441,Male,Graduate,Married,315.8784831488325,9,2,0,33,31.587848314883253,947.6354494464975,0.1,1,Loyal Regular Customers
11031,49,88486.69137866866,4,12,3,7,2,162.6096644910334,19.240256079825635,136.18100718410446,46.73389329338519,67.42266456357282,40.86039470518136,3,0,0,1,0,0,0,13,5.953680944385258,1,2,6.999720591438795,594.4903696948417,4,1,14,2,5.0,Male,Graduate,Married,473.04788031710285,12,4,1,44,36.38829848593099,2365.2394015855143,0.07692307692307693,1,Loyal Regular Customers
11032,30,66837.62131276345,1,4,2,5,2,117.49114470749231,28.246938165367848,86.22471636652774,51.71774330722603,56.68450741935601,45.98235962663674,1,2,0,0,0,0,0,17,7.160874205387075,1,1,6.793835848242516,276.24791223474983,10,6,12,0,3.5007639564321145,Female,Postgraduate,Married,386.3474095926067,9,4,0,49,38.63474095926067,772.6948191852134,0.1,1,Loyal Regular Customers
11033,49,92914.68503516995,2,12,6,2,2,368.2832694957484,42.688430648471034,167.33957902416418,109.828389718669,14.767416257239853,66.40155747120008,0,2,0,0,0,0,0,8,11.468839683846454,2,0,8.174762108798145,716.6474938362453,4,4,10,0,4.152011219262238,Male,Postgraduate,Divorced,769.3086426154925,10,3,0,38,69.93714932868114,2307.925927846478,0.18181818181818182,0,VIP High-Value Customers
11034,50,96341.39000015754,1,6,3,8,7,45.29775387537485,69.26022214005263,87.29330152618944,6.703599655885983,131.60243804662537,174.32970619352466,1,0,0,0,1,0,0,9,9.81045028327399,1,0,3.8745006374380586,206.86908189224727,11,4,8,1,4.829168646795839,Female,Graduate,Single,514.487021437653,18,2,1,38,27.078264286192262,1028.974042875306,0.05263157894736842,1,Loyal Regular Customers
11035,43,55167.57113475038,10,6,6,8,3,80.29435018134977,81.7880542360467,238.71747220827817,30.03674071479825,34.46240187941023,63.65587767141764,1,1,0,0,0,0,0,11,9.971589047704349,5,2,7.555874236477638,116.25530084229604,6,3,11,0,4.967889237304523,Male,Graduate,Divorced,528.9548968913008,17,3,0,37,29.386383160627823,5818.503865804309,0.2777777777777778,0,VIP High-Value Customers
11036,28,47455.08458854971,10,5,5,11,0,162.3827501629333,64.40531408098,151.78326191023106,40.268108443754066,34.50824495285094,71.57955214460414,2,0,0,0,0,0,0,14,5.511723340764367,0,0,7.593304219903332,642.416745151667,3,0,5,0,4.592540300270342,Female,High School,Single,524.9272316953535,16,3,0,27,30.87807245266785,5774.199548648889,0.0,0,VIP High-Value Customers
11037,22,46293.6810224589,13,11,4,4,5,113.91635367669434,30.2410745601765,11.321222027464522,5.716504724847214,62.47125154146461,23.403461222109744,0,2,0,0,0,0,0,8,5.356054312287412,3,0,7.290165916897814,327.0637475119099,11,3,13,2,4.806945433148448,Female,High School,Divorced,247.06986775275692,13,3,0,46,17.647847696625494,3458.978148538597,0.21428571428571427,1,Loyal Regular Customers
11038,70,32709.55523814204,4,6,6,5,2,129.18615266213845,51.90413997337381,81.6972293189027,8.732027276116069,32.86644404731,9.580582857399595,3,1,0,0,0,0,0,8,9.652422946262996,3,0,7.272088254776476,362.3497257944207,10,5,9,0,4.093257267173898,Female,Graduate,Married,313.9665761352406,13,5,0,38,22.42618400966004,1569.8328806762029,0.21428571428571427,1,Loyal Regular Customers
11039,50,50668.74781052061,4,5,6,7,4,128.9238055848336,35.10152379419803,340.2889706689707,8.172384803964526,26.8704284858028,65.94635215017156,0,2,0,0,0,0,1,13,7.996412652646883,2,1,9.747559217341102,344.0189689344502,15,1,13,1,3.925819214289916,Male,High School,Single,605.3034654879413,17,3,1,47,33.62797030488562,3026.517327439706,0.1111111111111111,1,Loyal Regular Customers
11040,59,81737.97809561243,7,4,6,5,2,33.40967851918663,23.37309088144581,353.94775179699127,15.957750473050853,32.761823772436934,33.76366865109359,1,1,1,0,0,0,0,8,7.84376095154966,4,0,5.0629715192558855,533.9527353509773,12,2,14,2,3.2857876902150442,Female,PhD,Single,493.2137640942051,13,3,1,40,35.229554578157504,3945.7101127536407,0.2857142857142857,0,VIP High-Value Customers
11041,56,20327.323645477678,10,5,7,12,3,134.05421638760868,38.487586008111066,217.28218964332507,57.28414017463563,41.7225079202112,49.44793430570291,2,2,1,0,0,0,0,9,4.296722459168918,6,1,8.154499329078936,406.08634760865607,9,4,8,2,3.376165381688223,Female,Graduate,Single,538.2785744395945,22,5,1,35,23.40341627998237,5921.06431883554,0.2608695652173913,1,Loyal Regular Customers
11042,55,41325.83878715256,11,8,10,5,3,176.68377683506296,163.42225825810206,135.84070117354048,13.147829700526998,57.274875715558515,21.652195524796483,3,0,1,0,0,0,0,7,5.89339824941123,2,0,8.46070085833782,492.61725875186687,10,1,12,0,4.176677652718409,Female,Postgraduate,Married,568.0216372075876,18,4,1,38,29.89587564250461,6816.259646491051,0.10526315789473684,1,Loyal Regular Customers
11043,43,57711.634050264045,11,4,12,8,8,65.39582788295212,18.887457274922713,314.12893568414046,20.90914015880391,20.64354707748546,23.740073961515378,3,2,1,0,0,0,0,11,2.8539258699729313,2,0,9.957922970911332,695.0774259790344,7,1,14,0,2.9464655846243764,Female,Postgraduate,Married,463.70498203982004,27,6,1,37,15.989826966890346,5564.45978447784,0.06896551724137931,1,Loyal Regular Customers
11044,50,44210.6663888094,9,5,5,6,5,68.07099340797411,20.803389756934997,142.3856528230831,40.03980523586869,62.61417098283811,236.60199638230802,1,1,0,0,0,0,1,8,8.364766515467313,2,0,8.000462838532721,371.30477961551094,9,6,12,0,4.828453015478508,Male,Graduate,Single,570.516008589007,16,3,1,40,33.55976521111806,5705.16008589007,0.11764705882352941,0,VIP High-Value Customers
11045,25,50508.853003676035,9,11,7,6,7,88.38395294628548,33.18216741738086,304.86658114634804,30.057320638152735,23.10467149831257,89.86390622407465,0,2,1,0,0,1,0,11,9.267067582587238,3,0,8.27731770008444,614.1134045835558,9,1,6,1,4.063664679782382,Male,High School,Married,569.4585998705543,20,3,2,38,27.117076184312108,5694.585998705543,0.14285714285714285,1,Loyal Regular Customers
11046,21,59642.99767046553,5,5,10,5,3,48.99190848469862,67.47433614621515,166.5818476150434,33.90408924721825,32.85090727185783,54.208617392141704,2,1,0,1,1,0,0,12,10.754873820668536,3,0,7.541925988638816,878.249283743303,14,6,10,1,5.0,Male,Graduate,Single,404.01170615717496,18,4,2,47,21.263774008272367,2424.0702369430496,0.15789473684210525,1,Loyal Regular Customers
11047,39,55364.27603888852,10,9,2,5,2,60.32212777902671,7.343423689341813,127.52885962125319,75.64637754490053,18.57472187187508,35.13920316520378,0,2,0,0,0,0,0,16,3.6564503321610973,2,0,7.974214718217749,216.7721188723504,3,3,5,1,3.782771455426433,Male,PhD,Married,324.5547136716011,9,3,0,36,32.455471367160115,3570.101850387612,0.2,1,Loyal Regular Customers
11048,47,46869.8154700247,1,6,4,9,4,121.40497555986371,59.67632409048836,237.95948765671488,57.22376501582753,11.769473723552363,236.07215179169566,0,2,0,1,0,0,0,11,10.01799391634239,2,2,7.51939672431899,823.3090229649108,4,2,8,1,3.8340854450684527,Female,Postgraduate,Single,724.1061778381425,17,3,1,31,40.22812099100791,1448.212355676285,0.1111111111111111,0,VIP High-Value Customers
11049,30,45398.16215060013,1,4,6,7,4,229.92533089859688,22.6899492764899,74.4987193876352,100.94247180865482,52.90482506228223,45.90112533441549,3,0,0,0,0,0,0,7,7.782225247649908,0,0,5.706481261820432,261.3889200080481,9,4,11,0,3.540111179691836,Female,Postgraduate,Married,526.8624217680745,17,4,0,35,29.270134542670803,1053.724843536149,0.0,1,Loyal Regular Customers
11050,23,76817.57542658216,6,10,4,7,3,82.12465129222632,56.49368411194686,87.38132262967021,11.654297969231715,62.725613415070065,64.14510557896465,0,1,1,0,0,0,0,7,11.105319719522893,1,0,7.9473499289448855,306.00752403622664,2,2,10,0,3.3782731273822724,Male,High School,Married,364.52467499710986,14,2,1,31,24.301644999807323,2551.672724979769,0.06666666666666667,1,Loyal Regular Customers
11051,34,78893.77520148622,2,7,5,9,3,285.3537198892773,43.16541702513937,55.777958774408184,65.45905029732978,18.962017541570656,127.69863437774634,0,1,0,0,0,0,0,15,2.5905242845582883,2,0,7.869203893765227,115.73581509577173,6,1,13,0,3.930096500700157,Female,PhD,Single,596.4167979054716,17,2,0,42,33.13426655030398,1789.250393716415,0.1111111111111111,1,Loyal Regular Customers
11052,25,35150.21978554663,8,9,3,5,0,81.23282563444805,27.584754860766907,202.93870018251855,8.451495744881491,83.05888313237047,25.44300630466239,3,0,0,0,0,0,0,13,12.708836364213159,4,1,6.630155789637345,356.53617258305087,6,4,10,1,4.45380487122508,Female,High School,Single,428.7096658596478,8,4,0,42,47.63440731773865,3858.3869927368305,0.4444444444444444,0,VIP High-Value Customers
11053,68,20000.0,13,6,3,18,3,186.0583834267895,10.647899305442717,148.0105258669394,5.403406944188474,26.436579652923065,115.46559684507763,3,2,1,0,0,1,0,9,7.355101774889218,2,1,7.886441161517208,586.9200084222381,5,2,10,1,3.7610544914940824,Male,Postgraduate,Married,492.0223920413608,24,6,2,32,19.68089568165443,6888.3134885790505,0.08,1,Loyal Regular Customers
11054,49,79140.74729227676,9,5,3,9,1,70.77806609403004,69.20912072824328,644.9191267533398,57.91647700977509,10.671146210430432,112.80371218965429,0,1,0,0,0,0,0,15,8.57994829583806,1,0,9.436321303161202,672.8303228240941,13,0,15,0,4.3003364139989,Male,Graduate,Divorced,856.2110599076855,13,2,0,48,69.0212606418195,9662.97648985473,0.07142857142857142,0,VIP High-Value Customers
11055,57,37881.59246606153,13,9,6,10,1,145.34285102312515,32.36444976453757,207.32075696753427,54.60136156767806,11.446721958551112,12.000647526615095,3,1,0,0,0,0,0,14,5.4941510694919256,2,0,7.046019562117451,733.1648029424584,11,4,12,1,3.326470907602976,Male,Graduate,Married,463.0767888080412,17,5,0,50,25.7264882671134,6483.075043312577,0.1111111111111111,1,Loyal Regular Customers
11056,70,63829.407092275316,4,5,5,10,3,264.01633484788186,27.485290185066976,124.98585807209436,17.686004384740396,67.13522165336015,67.72445757438508,2,1,0,0,0,0,0,15,5.03113025480558,2,0,10.0,0.0,3,3,9,0,2.912675936030679,Female,High School,Divorced,569.0331667175287,18,4,0,35,29.94911403776467,2845.1658335876436,0.10526315789473684,1,Loyal Regular Customers
11057,21,31817.90628549209,5,8,9,10,2,164.89945902747775,19.778335733053098,141.10957720091105,15.164123682368022,22.58241149345181,43.38367842693266,2,0,0,1,1,0,0,9,9.496554497423071,1,0,9.736611342013152,75.51860878549115,5,7,4,1,4.649132004727409,Male,High School,Divorced,406.9175855641943,21,3,2,33,18.49625388928156,2441.505513385166,0.045454545454545456,1,Loyal Regular Customers
11058,34,83359.5897346741,11,8,1,13,3,106.84569232293151,45.93203052472802,178.55705668320925,52.979643480116366,24.325117079687253,28.729412736703722,0,0,0,1,0,0,0,8,6.979728573013547,2,0,6.373376614281586,567.2636300923791,7,1,11,2,5.0,Male,Postgraduate,Married,437.3689528273761,17,1,1,35,24.29827515707645,5248.427433928513,0.1111111111111111,1,Loyal Regular Customers
11059,30,105786.0221154275,8,7,5,6,3,102.64459911550144,67.95451234328094,104.72325644355391,10.627749266513456,11.262582365099494,53.7293991022382,1,1,0,0,0,0,0,13,12.84877572467398,1,0,6.675086541261661,626.4779335450122,5,3,8,1,4.410609517685805,Male,Postgraduate,Single,350.9420986361874,14,3,0,36,23.39613990907916,3158.4788877256865,0.06666666666666667,1,Loyal Regular Customers
11060,27,63290.52436569606,3,6,6,9,1,146.52699407426874,35.30199387146378,22.730661588500478,12.706194419863465,17.434536955086063,105.61952544822253,3,2,0,0,1,0,0,12,7.114939544934588,1,1,7.234872053996955,744.5625772472873,7,5,6,1,2.9470280115635967,Female,High School,Single,340.3199063574051,16,6,1,36,20.01881802102383,1361.2796254296204,0.058823529411764705,1,Loyal Regular Customers
11061,45,58306.1523277287,5,10,5,6,3,173.61122198499925,19.71447797185982,56.244868946217686,37.44884752807393,39.801551281759046,65.366288228211,1,2,0,0,1,0,0,15,10.492790365045579,1,1,5.5903885640653455,580.6968187168839,10,2,11,1,3.8494851159720973,Male,Postgraduate,Married,392.1872559411207,14,4,1,48,26.145817062741383,2353.123535646724,0.06666666666666667,1,Loyal Regular Customers
11062,70,54201.48764657885,3,8,8,5,3,185.0163349286479,79.35138239579003,113.883408112714,103.44350050852589,22.002418654077598,13.086981121940992,3,0,0,0,0,0,0,6,7.3295876235017134,1,1,6.105488562655213,193.56258535899855,6,0,7,1,3.5138175783024934,Male,Graduate,Married,516.7840257216964,16,4,0,27,30.399060336570376,2067.1361028867855,0.058823529411764705,1,Loyal Regular Customers
11063,64,74072.3876036324,12,11,4,3,4,122.47144829377747,14.608038077170635,44.71280312250159,40.03254489424001,24.77030744612091,62.79169694703913,3,2,0,0,1,0,0,14,1.0,2,1,4.210305231616977,258.0868732139174,11,2,12,1,4.043286469921318,Female,High School,Married,309.38683878084976,11,6,1,50,25.782236565070814,4022.028904151047,0.16666666666666666,1,Loyal Regular Customers
11064,63,70218.36151682254,10,5,6,9,1,143.24900451960602,30.946183891344564,154.5453524193582,21.266970398872846,39.0887354230457,36.25424464992682,0,0,0,0,0,1,0,6,6.719900193601719,2,0,8.460953533577621,525.5939557163025,6,3,9,1,3.1762376603207825,Male,Postgraduate,Married,425.3504913021541,16,1,1,29,25.02061713542083,4678.855404323695,0.11764705882352941,1,Loyal Regular Customers
11065,24,78062.97216395156,3,3,5,3,1,68.78430643584832,72.54932353942947,277.2420514607959,58.0501416958731,37.60844194713745,61.21104478359869,2,1,1,0,1,0,0,7,10.22315085516854,3,1,8.60979494066105,132.907344913982,8,2,6,1,4.804461136487511,Female,Graduate,Married,575.445309862683,9,4,2,26,57.5445309862683,2301.781239450732,0.3,0,VIP High-Value Customers
11066,25,48697.502593234516,3,10,7,5,2,154.54543561549224,28.992921234864987,87.88188402630588,118.81569074169471,43.278899709398495,106.77079329941864,1,1,0,1,0,0,0,14,8.433757644650806,3,0,5.160784577135724,253.96650005168843,14,2,9,2,3.7752303875318893,Male,High School,Married,540.2856246271749,14,3,1,49,36.01904164181166,2161.1424985086996,0.2,1,Loyal Regular Customers
11067,45,66122.1187152836,13,11,4,3,2,71.55146266195278,9.940421708409872,116.17225655860543,58.15666495557167,49.49483801042861,108.71750382489932,2,1,0,0,0,0,0,9,6.470762932345759,4,0,5.221609813540406,471.706623728301,9,3,16,3,4.469336534549064,Male,High School,Married,414.0331477198677,9,4,0,48,41.40331477198677,5796.464068078148,0.4,0,VIP High-Value Customers
11068,23,50235.57479928847,12,8,7,4,2,130.05560348408162,41.07033830541177,140.0386369837591,21.483758485396063,104.9561703868332,32.29418689191654,2,0,0,1,0,0,0,18,8.657039243997266,2,0,7.3957891804181335,434.0841890286542,11,6,9,1,4.4568374058915765,Male,Graduate,Married,469.8986945373982,13,3,1,52,33.56419246695702,6108.683028986177,0.14285714285714285,1,Loyal Regular Customers
11069,38,40961.118334739025,7,4,4,6,3,94.2857961714267,80.8310831028061,126.65651694632149,16.05154946448481,19.739497394965234,22.573657344953276,1,2,0,1,1,0,0,12,11.803913980413451,2,0,7.625732729717628,492.74895200858185,7,2,9,1,3.850138261436711,Male,Graduate,Divorced,360.13810042495766,13,4,2,34,25.724150030354117,2881.1048033996613,0.14285714285714285,1,Loyal Regular Customers
11070,39,59261.72242193766,15,7,5,4,0,248.72988812913758,22.93269459486425,155.62220976939045,170.66159824417028,17.97876767342239,47.17925723703617,3,1,0,0,0,0,0,15,11.179111976522947,2,1,9.387113161582077,570.4240221055167,9,2,7,0,2.974799688037388,Female,Graduate,Married,663.104415648021,9,5,0,40,66.3104415648021,10609.670650368336,0.2,0,VIP High-Value Customers
11071,52,43394.770853212525,7,8,5,4,6,121.77583153528903,25.361193933668847,31.02423901166011,26.282076549518518,29.385322406524118,60.22037061347359,1,2,1,0,0,0,0,13,3.6256382480381557,2,1,6.477317272556453,138.6871544945227,10,0,11,0,5.0,Male,Postgraduate,Married,294.0490340501342,15,4,1,42,18.378064628133387,2352.3922724010736,0.125,1,Loyal Regular Customers
11072,39,81127.0859593666,7,10,5,7,2,263.62727352179286,68.62693064763674,294.1748348499745,47.20901011246414,31.98503045281415,25.924569261249797,2,2,0,0,0,0,0,11,8.074396707911555,2,0,6.500240756334929,513.5722785176471,12,1,13,0,5.0,Female,Graduate,Married,731.5476488459323,14,5,0,47,48.76984325639548,5852.381190767458,0.13333333333333333,0,VIP High-Value Customers
11073,68,44485.43319571519,10,5,6,4,5,114.7463878269408,1.6026385782629757,133.14578111557776,79.29311304918782,31.09693713339348,138.42480758754476,1,0,0,0,0,0,0,14,8.493356989689147,0,0,7.669576090420438,173.4784155789772,7,2,11,1,3.5774572556688753,Male,High School,Married,498.3096652909076,15,2,0,39,31.144354080681726,5481.406318199984,0.0,1,Loyal Regular Customers
11074,31,66543.82693237248,8,9,5,4,0,289.08335524411746,82.25116927334989,81.99266172221607,26.209408011660823,69.49931566772331,46.944535279048054,0,0,0,0,0,1,0,7,4.703151780817639,5,0,9.281688462375362,471.8094669305815,11,5,13,1,3.119374394087604,Female,Postgraduate,Divorced,595.9804451981156,9,1,1,45,59.59804451981156,5363.82400678304,0.5,0,VIP High-Value Customers
11075,66,49138.398622324996,5,11,3,8,2,158.70907276376926,21.469790169379166,184.61917254905535,29.710751889158583,39.21411739051198,188.75252534527775,3,2,0,0,0,0,0,10,5.6238675201641595,1,0,9.768862222416306,648.9118659923349,9,2,13,1,4.986746036999461,Female,High School,Single,622.4754301071521,13,6,0,45,44.46253072193944,3734.8525806429125,0.07142857142857142,0,VIP High-Value Customers
11076,20,64987.129507875215,5,10,3,9,5,34.94695734783989,7.738998433786032,268.931035600046,125.15894697974694,33.054819680465805,41.0535460427552,3,2,1,0,0,0,0,10,5.104801838786704,5,0,6.073774062050484,594.8842286481296,11,6,14,0,3.8572062812916936,Female,Graduate,Divorced,510.8843040846399,17,6,1,51,28.38246133803555,3065.305824507839,0.2777777777777778,1,Loyal Regular Customers
11077,45,50568.061677803584,14,9,5,8,4,95.5301573472303,29.862748042521222,72.52499193975129,40.1189642784263,11.664399262893742,60.093277004842264,1,1,0,0,1,0,0,8,5.312470711642453,4,0,9.1670268165388,247.41070092602513,7,5,9,1,3.3120541834283137,Male,Postgraduate,Married,309.7945378756651,17,3,1,38,17.210807659759173,4646.918068134977,0.2222222222222222,1,Loyal Regular Customers
11078,33,37370.19705256433,4,8,4,9,2,75.95865678175298,53.97863512144865,189.31191978578644,71.49209909511896,6.843355296612784,22.69932984009619,3,1,0,0,0,0,0,9,7.913311281193783,4,0,6.176321890893762,220.44621623501325,12,5,7,2,3.1620364584080245,Female,High School,Single,420.2839959208161,15,5,0,41,26.267749745051006,2101.4199796040803,0.25,1,Loyal Regular Customers
11079,57,68707.90933713321,7,7,5,4,2,51.59720671591852,27.667360614191608,322.6119272148978,87.3909922636202,57.265644615255624,94.05638767750376,3,1,0,0,0,0,0,7,7.419325611254186,0,1,4.799130854247132,863.6970623424829,9,4,11,1,4.608275211197499,Male,Postgraduate,Single,640.5895191013875,11,5,0,38,53.382459925115626,5124.7161528111,0.0,0,VIP High-Value Customers
11080,56,55762.51880556201,10,8,2,9,3,73.28772617420982,12.943821380909545,324.05868357353063,60.02084215326514,72.4391295372738,82.9222806654717,2,2,0,0,0,0,0,6,10.08287198402518,2,2,7.8298844633984945,681.5906722878905,5,2,16,0,3.769216210957784,Female,High School,Single,625.6724834846607,14,5,0,37,41.71149889897738,6882.397318331267,0.13333333333333333,0,VIP High-Value Customers
11081,30,65147.72893300427,4,9,8,7,1,83.83433331754416,67.96513106084787,241.91395015804727,23.405484625068652,31.692842210834748,22.853864488829533,2,0,0,0,0,0,0,7,6.111126237130718,2,0,9.386649112590888,448.23646513830056,7,1,8,3,4.552054440490919,Female,PhD,Single,471.6656058611722,16,3,0,32,27.74503563889248,2358.328029305861,0.11764705882352941,1,Loyal Regular Customers
11082,55,52280.82715865212,15,5,4,5,3,37.257191278586646,31.616881143552348,106.08603895737093,18.751819333150436,87.81061006154178,59.80958594730744,3,2,0,1,0,0,0,9,12.900893156120965,3,0,7.163375651733575,791.5227551558139,8,2,12,2,3.744110194043367,Male,High School,Married,341.3321267215096,12,6,1,36,26.256317440116124,5461.314027544154,0.23076923076923078,1,Loyal Regular Customers
11083,32,36097.14275216786,2,8,1,8,6,105.74317452025993,7.357412390026399,75.23814566159416,112.3490004624522,18.311685050737317,70.4104324993229,3,1,0,1,1,1,0,7,11.848014423836236,5,1,9.15205409786681,461.47473803329297,9,4,14,1,3.0525599334152282,Male,Graduate,Married,389.40985058439287,15,5,3,42,24.338115661524554,1168.2295517531786,0.3125,1,Loyal Regular Customers
11084,62,79497.21474701262,4,16,3,5,2,154.49156083581087,45.95789209082951,87.2632919172172,32.21582288747541,11.224127580580587,80.23714480110657,2,1,0,0,0,0,0,10,7.055687686322448,1,0,6.320336937854274,1070.3297388017747,6,3,14,1,3.81093547833904,Female,High School,Single,411.3898401130202,10,4,0,49,37.39907637391093,2056.949200565101,0.09090909090909091,1,Loyal Regular Customers
11085,22,73261.63959793959,13,3,6,4,3,373.5198180698849,10.051863404227921,319.77200359909864,8.338500353683386,34.59675913367206,152.55462693393645,3,0,0,0,0,0,0,11,7.218859331002245,1,0,7.712457102989677,498.7109214113636,6,5,5,2,2.9047197377151424,Female,PhD,Married,856.2110599076855,13,4,0,30,64.20239796389309,11635.65917132781,0.07142857142857142,0,VIP High-Value Customers
11086,52,49794.70244004161,13,9,7,9,1,235.29929502011186,108.09454650706172,216.5991681981404,201.55078661446905,15.85041486503004,204.24682282024793,3,2,1,0,1,0,0,8,11.787771768828874,2,0,8.873315618736699,1116.6311468337585,7,3,18,2,3.909731943879601,Male,High School,Married,856.2110599076855,17,6,2,45,54.535613001392285,11635.65917132781,0.1111111111111111,0,VIP High-Value Customers
11087,25,61256.025842978364,8,9,5,3,0,103.3461321756538,37.61267535438923,246.5276905977708,65.46477825912832,76.16503281221968,59.48274391557764,2,1,1,0,0,0,0,11,5.870865263809216,1,2,8.010191907947398,542.2074288765166,9,1,6,0,3.4064585053049483,Female,Graduate,Married,588.5990531147395,8,4,1,36,65.39989479052662,5297.391478032656,0.1111111111111111,0,VIP High-Value Customers
11088,69,78756.35069693287,9,4,3,8,2,119.87678506265078,17.82485562226844,148.48261149145492,23.05073530152709,11.024955496410914,103.80570105548826,2,0,0,0,0,0,0,12,8.716072461554745,5,0,7.274318188898035,195.88207763724415,4,4,13,3,3.37612630225477,Male,Postgraduate,Single,424.0656440298004,13,3,0,37,30.290403144985742,4240.656440298004,0.35714285714285715,1,Loyal Regular Customers
11089,29,51773.309954476856,3,6,5,10,3,162.94385328309158,17.4220181643311,34.07441581648116,37.54901721085818,29.860288430442743,31.68243354669608,2,1,1,0,0,0,0,8,10.793069678240812,0,0,6.634575229351766,508.3449297554547,10,3,12,2,4.68369790013662,Male,High School,Married,313.53202645190083,18,4,1,39,16.501685602731623,1254.1281058076033,0.0,1,Loyal Regular Customers
11090,24,54566.07890657007,7,5,4,10,6,108.09674169283457,36.43379209579717,187.7248599856607,14.367762489767863,25.412112648033904,165.68946347217087,0,0,0,0,0,0,1,9,6.465280626728809,3,1,7.112305376485072,675.5900977030732,8,3,16,1,3.922954564350233,Male,Graduate,Single,537.724732384265,20,1,1,41,25.605939637345955,4301.79785907412,0.14285714285714285,1,Loyal Regular Customers
11091,42,64385.38500013272,14,5,4,3,1,123.26415405965076,92.109701401937,81.76356146655922,22.297953594827373,40.69014914576016,41.91530454367707,2,2,0,0,0,0,0,11,7.748025017934352,1,1,9.075022229800465,503.8681865856993,9,4,7,0,2.494717862248926,Female,Postgraduate,Single,402.0408242124116,8,5,0,36,44.67120269026796,6030.612363186175,0.1111111111111111,0,VIP High-Value Customers
11092,29,51736.360856017454,12,4,2,8,2,73.25852681838647,21.12623302158369,281.76551416587637,10.090074484566033,30.122140799804814,73.81964782640362,3,0,0,0,0,0,0,12,4.2206834467545535,5,1,7.306209989911806,353.80162612046723,5,4,9,1,3.8436859043225358,Male,PhD,Single,490.18213711662105,12,4,0,34,37.70631823974008,6372.367782516074,0.38461538461538464,0,VIP High-Value Customers
11093,63,75427.6559457664,14,5,3,8,4,117.07449859042434,28.54341736095231,87.81914292293234,1.1436453965350246,40.77835923672772,48.97680849600652,2,2,0,0,0,0,0,9,4.549108775370295,3,1,4.9888859230071745,566.0932065572313,12,0,9,0,4.822854539303487,Female,Graduate,Single,324.3358720035783,15,5,0,35,20.270992000223643,4865.038080053674,0.1875,1,Loyal Regular Customers
11094,21,56959.78595446612,9,7,4,5,3,126.65291958246276,45.075594565403335,174.7798147326858,41.40196529944628,44.37583661611842,116.34146682635048,0,2,1,1,1,0,0,11,12.536684054302066,2,1,7.891077199729653,656.8967207331973,10,2,12,0,4.932049564833778,Female,High School,Married,548.627597622467,12,3,3,42,42.202122894035924,5486.27597622467,0.15384615384615385,0,VIP High-Value Customers
11095,32,45887.35425010847,11,12,6,12,6,52.6718091478617,28.956935537161055,220.8951794100378,74.86964160099801,25.071239568144623,9.480655913357236,2,1,0,0,1,0,0,11,9.139836221313312,1,1,7.476838720177382,325.113927999828,11,5,6,2,4.307886422581847,Female,Postgraduate,Married,411.94546117756045,24,4,1,45,16.47781844710242,4943.345534130725,0.04,1,Loyal Regular Customers
11096,59,70955.4989377319,4,5,8,5,2,160.498513923504,9.747757581842114,654.5022679458614,118.42754575169,44.02188882576445,32.12735164337037,2,2,0,0,1,1,0,7,10.086851488819477,3,0,8.07860228062997,485.0132808025083,6,2,10,0,3.439299814648548,Male,High School,Divorced,856.2110599076855,15,5,2,30,63.70783285450202,5096.626628360162,0.1875,0,VIP High-Value Customers
11097,21,39441.64831023576,10,7,5,7,4,165.0349995381048,36.604451296165465,145.3092075736667,114.55673563386024,43.98049117945806,73.26163684526541,0,1,0,0,0,0,0,9,9.190897414563825,3,0,7.3159294523048555,249.8432722464779,12,3,13,0,4.090568517232634,Male,Graduate,Single,578.7475220665207,16,2,0,44,34.04397188626592,6366.2227427317275,0.17647058823529413,0,VIP High-Value Customers
11098,39,96267.81410023585,15,5,2,9,6,168.88552708301006,20.733068950362593,149.37017828205194,60.71949740741861,44.69070274446815,139.30035669023528,1,1,0,0,0,0,0,14,8.36399802675379,5,0,7.342613116714342,590.6486095817353,9,5,12,0,4.327862912264161,Female,High School,Married,583.6993311575466,17,3,0,45,32.4277406198637,9339.189298520745,0.2777777777777778,0,VIP High-Value Customers
11099,20,88484.93454444365,3,10,3,3,2,74.21503948763313,27.726742109364586,283.2049933533352,54.810256865203144,8.491645629765106,11.967102220627515,1,2,0,0,0,0,0,11,6.42912648124916,5,0,8.784411199813874,265.7617226154586,7,5,9,1,5.0,Female,Postgraduate,Divorced,460.4157796659287,8,4,0,42,51.157308851769855,1841.6631186637148,0.5555555555555556,0,VIP High-Value Customers
11100,56,69242.91858457828,5,9,6,4,3,263.84768104805164,100.61637598947966,134.42238693929627,89.40256399078517,58.71473025058307,69.81281087023663,2,0,0,0,0,0,0,11,13.254843640991549,2,0,10.0,558.4905224080477,6,1,8,1,3.337647418525149,Female,Postgraduate,Married,716.8165490884325,13,3,0,35,51.20118207774517,4300.8992945305945,0.14285714285714285,0,VIP High-Value Customers
11101,28,67727.95839275824,1,4,6,11,1,95.97602090899436,28.957587259433772,116.97061474480304,12.279339232362382,15.050518758130163,30.32271004075784,1,2,0,0,0,1,0,16,4.143857756240985,1,0,7.241522454807554,784.3742727091017,9,2,12,0,3.6233025371601446,Male,Postgraduate,Married,299.5567909444816,18,4,1,43,15.76614689181482,599.1135818889632,0.05263157894736842,1,Loyal Regular Customers
11102,36,66883.94552074737,3,14,9,9,6,55.98538639014164,3.615049549940755,97.80772569933644,12.017856294004778,72.7602607265293,14.911486906757283,1,2,0,0,0,0,0,12,4.418672549710062,2,0,8.985078889822267,668.2535786616698,12,4,12,0,3.9925974769317687,Female,Graduate,Single,257.09776556671017,24,4,0,54,10.283910622668406,1028.3910622668407,0.08,1,Loyal Regular Customers
11103,28,51196.293853459676,15,8,5,3,4,253.8188192979044,26.72544572656092,160.88934305336574,26.423943939187,39.113013620494385,70.76041543635613,3,0,1,0,0,1,0,10,6.100475921614095,1,0,5.464204911943595,437.3696406030084,6,4,8,0,3.411596795461169,Female,Graduate,Single,577.7309810738685,12,4,2,36,44.44084469798989,9243.695697181896,0.07692307692307693,0,VIP High-Value Customers
11104,30,65351.573622255164,8,10,3,6,2,63.52921874520811,32.479392503141426,108.23301377293491,25.286456344178376,42.98245549356484,160.16754690106956,3,1,0,0,0,0,0,7,9.176969484084903,2,0,7.388798655753301,172.28878516716514,9,2,7,2,3.783669324076476,Male,High School,Single,432.6780837600972,11,5,0,35,36.0565069800081,3894.102753840875,0.16666666666666666,0,VIP High-Value Customers
11105,34,43383.61301175873,11,5,6,7,4,141.02116291049796,53.30471104928164,333.94113303346364,24.37815238301298,66.9136510790496,55.51962005948328,3,1,0,0,0,0,0,12,8.503401958375647,0,0,7.091759217499284,505.22138253928824,12,1,5,1,3.622135599471809,Male,Graduate,Divorced,675.0784305147891,17,5,0,35,37.50435725082162,8100.94116617747,0.0,0,VIP High-Value Customers
11106,43,69068.73153192326,8,11,4,8,4,81.65345183348411,40.89500433317923,241.04249454448563,32.496760969073456,10.99734656840373,93.67350502069891,0,2,0,0,0,0,0,13,5.546590360972452,1,1,5.7150283754381785,407.294141786722,10,3,7,1,4.894693077691058,Female,Graduate,Married,500.7585632693251,16,3,0,44,29.456386074666185,4506.827069423926,0.058823529411764705,1,Loyal Regular Customers
11107,57,75621.24497456332,15,7,5,10,2,41.58572777660851,40.423895338789734,169.20217442165597,39.610884655393996,45.44914777662047,25.98173212438464,1,0,0,0,1,0,0,10,6.97477759437169,1,1,8.257199022413484,506.4204453727343,12,1,10,0,4.107339980542205,Male,High School,Married,362.2535620934533,17,2,1,40,20.12519789408074,5796.056993495253,0.05555555555555555,1,Loyal Regular Customers
11108,54,53194.45018229998,13,10,4,5,5,62.25702447160463,43.022870763379544,159.4577833219274,53.09954285635978,48.19322716101439,11.639637858074124,2,0,0,0,0,0,1,13,6.644748214416804,0,0,8.948231970382807,527.7339680035597,7,4,9,1,4.13386905335619,Female,Graduate,Married,377.6700864323599,14,3,1,43,25.178005762157326,5287.381210053039,0.0,1,Loyal Regular Customers
11109,49,49288.16770521505,4,10,7,6,2,237.6123339152521,58.69166877092158,93.87738972845847,41.910211696384465,77.9647588653537,27.53058875362297,0,0,0,0,0,0,0,12,8.692261091127158,2,1,8.260140063937405,399.6906425830269,10,4,6,0,3.910361437463707,Male,Graduate,Single,537.5869517299933,15,1,0,42,33.59918448312458,2687.9347586499666,0.125,1,Loyal Regular Customers
11110,50,38175.413556337626,2,10,9,6,2,120.51617347548431,9.554111954840952,147.73535528591873,24.082979212580906,18.425862712006474,59.78501889355178,1,0,0,0,1,0,0,7,6.591791122491053,1,1,7.65137975593826,328.5328123083417,3,6,7,1,3.4280377490142246,Male,Graduate,Divorced,380.0995015343831,17,2,1,33,21.116638974132393,1140.2985046031492,0.05555555555555555,1,Loyal Regular Customers
11111,68,86243.19420418244,13,12,6,8,3,86.6159060641139,125.46140935454886,138.58151798643004,18.50243770196584,70.39434108805514,45.81348846939515,2,2,0,1,0,0,0,15,12.995141833944484,1,1,6.826234065016826,605.848700791746,10,1,10,1,4.841633718485241,Female,PhD,Married,485.36910066450895,17,5,1,48,26.964950036917163,6795.167409303125,0.05555555555555555,1,Loyal Regular Customers
11112,24,50718.04739084019,8,5,5,7,4,100.0529676386314,25.522662492392726,422.7273711837073,48.82676579288028,52.33442235758706,16.515970460373406,0,2,1,0,0,0,0,11,7.122262312138837,4,0,9.60614555970339,884.1109113362301,5,3,4,1,4.325563462220398,Female,Graduate,Single,665.9801599255723,16,3,1,28,39.17530352503366,5993.8214393301505,0.23529411764705882,0,VIP High-Value Customers
11113,63,56422.69735170079,8,6,2,12,2,57.05566967078835,13.85672272332975,133.3334659746833,97.75811597515947,3.312776570725886,21.67216934190644,3,1,1,0,0,0,0,19,7.141582743528107,3,1,8.101990696493194,547.0799473209091,11,2,8,1,4.214262918623182,Male,Graduate,Married,326.9889202565932,16,5,1,46,19.234642368034894,2942.9002823093388,0.17647058823529413,1,Loyal Regular Customers
11114,69,65402.80052992306,10,3,7,8,3,69.57544534173087,45.98002902014079,207.07311387570212,33.93359844108599,62.40738254526655,84.30672357719709,2,0,0,0,1,0,0,8,10.111757748160027,2,2,6.861598349799223,482.5184082649948,11,2,7,0,4.738339332262777,Female,Postgraduate,Married,503.2762928011235,18,3,1,31,26.488225936901234,5536.0392208123585,0.10526315789473684,1,Loyal Regular Customers
11115,33,65079.73757201882,4,8,2,7,5,185.6089797195254,27.963520090657372,214.14343034929522,26.04720325130645,8.395562015215152,132.85032621535032,3,2,0,1,0,0,0,8,9.596656432149691,2,0,10.0,757.282376711536,10,5,20,0,3.687151021129482,Female,High School,Divorced,595.0090216413498,14,6,1,51,39.66726810942332,2975.0451082067493,0.13333333333333333,0,VIP High-Value Customers
11116,30,73438.08172225926,3,6,5,7,4,134.14166011626713,64.32695944872188,79.98634442903148,34.26574695657438,37.8428471161528,66.3874561319837,1,2,1,0,0,0,0,10,11.406081191016417,2,0,3.5985794596871568,435.84753477798444,12,3,13,1,5.0,Female,Graduate,Single,416.95101419873134,16,4,1,44,24.526530246984198,1667.8040567949254,0.11764705882352941,1,Loyal Regular Customers
11117,28,53172.06144291008,2,9,5,4,2,116.6830220365364,21.58740286798364,131.52763194545918,49.74899943595762,32.858996810184735,54.278019631687094,2,0,1,0,0,0,0,11,10.862885374716015,1,2,7.575325472268273,823.0290171409755,6,2,10,1,3.746785045100639,Male,Graduate,Single,406.68407272780865,11,3,1,38,33.89033939398406,1220.052218183426,0.08333333333333333,1,Loyal Regular Customers
11118,53,39503.97710752356,9,6,4,5,4,105.27876727835802,70.30598869469603,237.4894270120668,17.947106838761,23.810858085588574,29.864974523798658,3,0,0,1,0,0,0,10,7.295271908473025,2,1,7.898928823217706,699.5528085695067,5,3,6,3,4.72398506586734,Male,Graduate,Married,484.69712243326904,13,4,1,30,34.62122303094779,4846.97122433269,0.14285714285714285,0,VIP High-Value Customers
11119,31,36354.02443849831,1,7,2,6,2,37.593050796135266,14.116880453118606,73.45293475414381,11.023392682971235,61.90116153486012,2.8345699946087506,3,1,0,0,0,0,0,8,11.434004873642856,1,2,10.0,0.0,14,3,9,2,3.219835711946871,Female,High School,Single,200.92199021583778,10,5,0,41,18.26563547416707,401.84398043167556,0.09090909090909091,1,Loyal Regular Customers
11120,54,49573.405808828764,7,6,11,6,3,110.58949826867,108.87522613078964,480.8903251881268,17.808850763047456,174.1179822629382,113.91097284911594,1,0,1,1,0,0,0,15,6.779787686520789,3,0,7.2106691745149325,601.1971227270675,3,0,8,2,3.959711609483197,Female,Graduate,Single,856.2110599076855,20,2,2,32,47.91394549822324,8049.542843701504,0.14285714285714285,0,VIP High-Value Customers
11121,54,42866.691455856766,5,3,5,4,2,185.7131436287342,33.650548960594435,166.82379887996865,35.60154903790174,33.027240156969356,47.96680478874067,1,1,0,0,0,0,0,11,4.696020580221113,2,0,6.632394182605774,348.03733465689845,9,5,10,2,4.74403649522863,Male,Postgraduate,Married,502.78308545290906,11,3,0,38,41.89859045440909,3016.6985127174544,0.16666666666666666,0,VIP High-Value Customers
11122,20,54534.899304460356,8,8,8,6,2,80.48031352114863,89.42138247161935,107.28259943444762,22.836573591397126,51.076845299932074,215.3910724277302,1,1,0,0,0,0,0,11,7.87739275007825,4,0,8.215456854491922,697.5456827841354,11,4,13,0,4.210388037738576,Female,High School,Divorced,566.4887867462751,16,3,0,47,33.322869808604416,5098.3990807164755,0.23529411764705882,0,VIP High-Value Customers
11123,59,83536.41859367969,4,10,10,5,4,111.62286934353095,12.189416662495937,63.347433092478596,18.30062224001531,54.99240624311065,40.97020893939716,1,0,0,0,0,1,0,15,9.140802101891227,1,0,3.317578563476352,95.94240657147066,11,2,6,0,5.0,Male,Postgraduate,Married,301.4229565210286,19,2,1,44,15.07114782605143,1507.1147826051429,0.05,1,Loyal Regular Customers
11124,41,53208.9922940936,7,6,10,5,0,22.10687360963234,56.799550853723126,370.0550896400265,28.26350588774149,76.57588483407194,56.89656536161425,1,0,0,0,0,0,0,11,8.645317636140534,1,0,4.74422025152209,482.91242180306426,9,2,12,3,3.691006681562216,Male,High School,Divorced,610.6974701868096,15,2,0,40,38.1685918866756,4885.579761494477,0.0625,0,VIP High-Value Customers
11125,48,53202.284495977976,13,6,5,8,1,225.9066850214885,55.80430005186302,137.0111570965847,99.16833069129984,19.426094314296854,47.34127588120728,0,2,0,0,0,1,0,9,9.349272901719536,1,1,4.675556370999219,457.8726654545034,11,5,8,0,4.410384443867752,Male,Postgraduate,Single,584.6578430567401,14,3,1,39,38.97718953711601,8185.209802794362,0.06666666666666667,0,VIP High-Value Customers
11126,27,59704.82202739581,5,8,2,5,6,265.73816499966733,29.76238858132833,204.68982720300912,31.419572928246218,9.85264588227045,24.87010595724772,3,0,0,0,0,0,0,6,5.633543405071439,3,0,7.254556129730815,402.1686237218685,3,5,12,3,3.209145691658314,Female,High School,Single,566.3327055517691,13,4,0,34,40.45233611084065,3397.9962333106146,0.21428571428571427,0,VIP High-Value Customers
11127,30,52698.75015818281,15,5,7,6,3,264.8353338933049,3.853073679055349,70.32294117774902,14.702941983332588,26.01403516074476,104.22435056402418,1,0,0,1,0,1,0,8,9.81612233706839,3,1,8.098838448924218,751.9858545717715,13,5,9,2,4.433247281454122,Male,Graduate,Single,483.9526764582108,16,2,2,40,28.467804497541813,7743.242823331373,0.17647058823529413,1,Loyal Regular Customers
11128,60,59642.99767046553,14,10,7,8,4,40.27047450456008,57.177436673491115,97.21404217239795,96.68645249720059,71.49725055721737,19.24940479601288,3,1,0,0,0,0,0,12,12.139089005476214,4,0,9.389589708576882,1203.1808296991585,10,3,8,1,3.9387918452632618,Female,PhD,Divorced,382.09506120087997,19,5,0,43,19.104753060043997,5731.425918013199,0.2,1,Loyal Regular Customers
11129,56,69735.64600466423,5,2,10,6,6,194.47952608753764,26.445031393567938,273.21736371874675,73.13190238886406,28.189898896704875,46.644726143110844,0,0,0,0,0,0,0,12,5.661925370154422,3,0,8.207588588293165,562.743794049438,10,6,8,0,3.1537215458040193,Male,Graduate,Divorced,642.1084486285321,22,1,0,38,27.917758636023134,3852.650691771192,0.13043478260869565,1,Loyal Regular Customers
11130,33,75925.51898573965,14,10,3,5,4,16.04381170317961,79.86205240915884,364.1863487307011,43.76347261642308,23.352488500757413,25.983008381516477,2,2,0,1,0,1,0,12,10.683306396189934,2,0,6.964394989049693,830.8425405201801,4,5,13,1,4.078311425102343,Male,Postgraduate,Married,553.1911823417365,12,5,2,44,42.55316787244127,8297.867735126049,0.15384615384615385,0,VIP High-Value Customers
11131,49,78057.83759530242,9,2,7,6,3,200.69201596342904,65.92698274768232,85.50299235129538,96.99520432798523,8.052899591544172,39.92618413849229,3,2,0,0,0,0,0,9,9.151183864336616,1,0,7.467727301725248,835.0719717916394,10,2,14,0,5.0,Male,Graduate,Married,497.09627912042845,16,6,0,37,29.24095759531932,4970.962791204284,0.058823529411764705,1,Loyal Regular Customers
11132,54,97023.33997315835,9,7,6,5,2,115.62768991686546,79.59070219539284,201.24166660035635,52.4918044955335,30.39073025816712,71.5216359234432,3,0,1,0,0,1,0,12,10.026725286444162,4,0,8.290473675845075,1105.9444653626888,9,2,11,1,3.9641533159130034,Female,Postgraduate,Married,550.8642293897585,13,4,2,41,39.34744495641132,5508.642293897585,0.2857142857142857,0,VIP High-Value Customers
11133,40,70248.47003110388,13,6,2,3,6,93.8808638706932,50.54445613575584,199.27047949977228,52.95254523233528,53.85145392517284,194.4852650358194,3,0,0,0,0,0,0,10,5.632917372883618,1,0,8.512079454654078,693.798611967938,12,3,9,1,4.254679605313601,Male,Graduate,Single,644.9850636995488,11,4,0,40,53.748755308295735,9029.790891793684,0.08333333333333333,0,VIP High-Value Customers
11134,56,100220.62022428756,9,6,2,3,8,193.69980691593625,37.31486566119266,273.17106415049795,36.52136658995172,38.691758404096284,111.27033120758614,2,1,1,0,0,0,0,14,8.412782143764968,1,1,6.841249666036652,706.3060267935159,10,1,8,0,4.094672863957497,Male,Graduate,Married,690.669192929261,13,4,1,39,49.333513780661505,6906.69192929261,0.07142857142857142,0,VIP High-Value Customers
11135,24,46023.327454926424,12,11,3,7,5,124.57062122509237,91.54792892347466,211.20533628680167,88.99639053160048,17.301290611341695,66.72401591869915,0,0,0,0,0,0,0,16,8.11220925616334,4,0,8.545468621628673,470.8010840026933,6,4,7,2,4.009369702233713,Female,Graduate,Divorced,600.3455834970099,15,1,0,44,37.52159896856312,7804.492585461128,0.25,0,VIP High-Value Customers
11136,38,97643.12824364254,6,4,4,6,2,69.32990478375946,156.227736173944,233.44904180859666,12.077223484079514,61.750376327388416,66.98351068161116,3,1,1,0,0,0,0,10,7.912992966374995,2,2,7.2399687069159135,262.1268768683676,8,4,8,2,3.3783058149327916,Female,Graduate,Married,599.8177932593793,12,5,1,34,46.13983025072149,4198.724552815655,0.15384615384615385,0,VIP High-Value Customers
11137,33,53153.231024047374,6,5,2,7,1,171.4487845028092,34.80673174593268,33.02795995453992,73.93016090341645,16.68553214662174,7.7359571607755395,0,0,1,0,0,0,0,13,8.69971720774658,4,0,6.372446070048472,784.4294821548162,8,3,11,0,4.320724359180973,Female,Graduate,Divorced,337.6351264140955,10,1,1,40,30.69410240128141,2363.4458848986687,0.36363636363636365,1,Loyal Regular Customers
11138,45,54923.659246265364,5,7,9,2,6,221.7787767125962,78.69416550230616,195.53334792976392,195.81886624615456,30.409170029060245,129.5351164253568,3,1,1,0,0,0,0,10,9.606240607513069,5,0,7.424708757248762,364.32680680253804,3,4,6,1,3.3989290386395252,Female,Postgraduate,Married,851.7694428452378,17,5,1,30,47.32052460251321,5110.616657071427,0.2777777777777778,0,VIP High-Value Customers
11139,23,57842.294146388274,9,11,7,9,3,185.68420042528928,19.884152715563623,61.80243766384357,88.57680460227377,44.31250520131891,82.19806410047882,3,2,0,0,0,0,0,15,12.230288907095249,0,0,9.104966103003642,0.08574370645311546,9,2,9,2,5.0,Male,High School,Married,482.4581647087679,19,6,0,46,24.122908235438395,4824.581647087679,0.0,1,Loyal Regular Customers
11140,44,56064.82719914284,10,9,8,1,1,192.2282524427317,13.474674947236132,185.34505785734962,67.99615973393196,38.92707817664964,87.6967832570372,3,0,0,0,0,0,0,7,11.057477336922801,3,0,6.088017311534273,881.7276748884938,10,3,8,2,3.3191271499245376,Female,PhD,Single,585.6680064149363,10,4,0,37,53.242546037721475,6442.348070564299,0.2727272727272727,0,VIP High-Value Customers
11141,64,61545.12714107706,8,8,3,9,2,56.59080017589627,20.197113485887872,296.1991869115391,20.99602816434844,49.35908165185946,2.605732256776381,2,0,0,0,0,0,0,6,10.75625254010262,3,0,6.350221092162604,455.3718785529088,10,1,7,2,4.935668659960193,Female,Graduate,Single,445.9479426463075,14,3,0,32,29.72986284308717,4013.531483816768,0.2,1,Loyal Regular Customers
11142,61,49559.49595520809,7,5,7,10,1,85.26944894402796,18.756228933205705,177.02719535844346,140.46606135594934,48.634839278017445,62.39920386590471,0,1,1,0,0,0,0,15,11.998415215544853,2,2,7.692631232525815,587.6465000979426,13,1,10,1,2.943656600699678,Female,High School,Single,532.5529777355487,18,2,1,44,28.029104091344667,4260.423821884389,0.10526315789473684,1,Loyal Regular Customers
11143,44,74939.3191152847,7,7,3,9,5,135.51390855957155,58.47858527040201,236.64443125986165,19.422905340061924,14.025455114155228,25.997030157287295,0,1,0,0,0,0,0,10,8.6026628110783,2,0,9.049585008128448,225.67904529433582,10,3,13,0,3.9790394218830683,Female,PhD,Divorced,490.08231570133967,17,2,0,43,27.226795316741093,3920.6585256107173,0.1111111111111111,1,Loyal Regular Customers
11144,37,50048.969376818764,6,7,10,6,3,250.2639437018157,23.508596945397287,266.24044538340627,40.868008865647184,18.30927596319353,53.074572024564226,1,0,1,1,0,0,0,12,5.3565661493836645,1,0,6.616252889678442,716.4389455285624,7,3,8,1,3.6515893007026596,Female,Graduate,Married,652.2648428840241,19,2,2,37,32.61324214420121,4565.853900188169,0.05,1,Loyal Regular Customers
11145,59,71800.98716855205,5,6,4,6,2,70.86520306808231,14.532181012302338,252.03318777119352,42.872515798351394,55.259972214649565,41.99871883995757,3,1,0,1,0,0,0,12,8.559242537623028,2,0,8.983494024477828,434.338792628373,11,4,11,0,3.4136297527326986,Male,PhD,Married,477.5617787045367,12,5,1,44,36.735521438810515,2865.3706722272204,0.15384615384615385,1,Loyal Regular Customers
11146,27,87499.02515142776,13,5,7,7,4,243.08009287341537,14.677650816797055,184.95277847806898,2.6635662187958458,51.6549643595858,65.92783665295815,2,0,0,1,0,0,0,15,9.334402871330724,2,0,8.927586345071665,544.9083168283796,8,2,13,0,4.474570436525375,Female,Postgraduate,Married,562.9568893996211,18,3,1,43,29.62930996840111,7881.3964515946955,0.10526315789473684,1,Loyal Regular Customers
11147,58,53572.15734346068,4,5,2,7,5,33.24626663355793,49.759351607786115,194.1876716694279,51.54039895847957,27.681424471819565,56.64961824992402,3,2,0,0,0,0,0,9,10.485664700362813,3,0,7.9412422448061255,655.6244697592665,7,3,17,1,4.446156377593854,Female,Postgraduate,Single,413.0647315909951,14,6,0,41,27.537648772733007,2065.3236579549757,0.2,1,Loyal Regular Customers
11148,59,74298.90152362519,3,6,2,6,3,226.23714881450925,58.212904079166364,289.67098808382246,21.737832517399106,15.30183690209653,19.851499430821743,0,1,0,0,0,0,1,12,9.629672480070473,2,0,9.28106403183243,486.4833639662046,7,3,10,1,3.0614274547810894,Male,Postgraduate,Married,631.0122098278154,11,2,1,38,52.58435081898461,2524.0488393112614,0.16666666666666666,0,VIP High-Value Customers
11149,33,70064.86720025733,3,8,5,8,2,214.96647216171866,52.39757867869416,528.6242664123372,1.3538611201343433,78.38481788601665,84.94061325273614,0,0,0,1,0,0,0,9,7.4674595799100825,2,0,6.715506885825519,322.27070559536827,10,2,9,1,4.130457087733517,Female,High School,Single,856.2110599076855,15,1,1,38,60.04172559447732,3842.6704380465485,0.125,0,VIP High-Value Customers
11150,51,100551.9638799555,6,6,10,12,6,323.6192298935905,56.66084258564453,92.09730058009912,74.70356673934351,21.96992160102424,30.55078707703947,3,2,0,0,0,0,0,4,11.611875186763047,3,1,9.75959910399141,503.4226396436131,6,4,7,2,4.217448011990087,Female,Graduate,Single,599.6016484767414,27,6,0,27,20.675918912991083,4197.21153933719,0.10344827586206896,1,Loyal Regular Customers
11151,70,50913.0498327909,15,7,6,5,0,199.88397653760154,26.468360424768722,115.73016456155597,35.79004415380206,45.188312010044015,85.8764381761971,0,0,0,0,0,0,1,6,8.910699022019669,2,2,9.739311460993118,408.2064132329434,14,3,11,1,4.183186005129231,Female,Graduate,Single,508.9372958639694,11,1,1,41,42.41144132199745,8142.99673382351,0.16666666666666666,0,VIP High-Value Customers
11152,57,74311.28910250412,4,9,4,9,2,142.55143415696648,122.79713589684958,254.4024404721948,10.699706555098068,41.48707753799891,26.294618253776854,3,0,1,0,0,1,0,11,7.3739225678232145,5,0,9.649215151700176,0.0,8,6,12,1,3.8659677061971562,Female,Postgraduate,Married,598.2324128728847,15,4,2,46,37.38952580455529,2991.1620643644233,0.3125,1,Loyal Regular Customers
11153,52,30731.800348022043,12,6,1,9,6,94.61049584571859,26.971317387606753,433.2585727089463,74.21947852068136,23.267466714424057,32.29022290101858,3,2,0,0,1,0,1,14,2.7916393697516924,2,1,8.467937215964815,511.4834372220589,7,0,9,3,3.3784081400786246,Male,Postgraduate,Married,684.6175540783956,16,6,2,36,40.27162082814092,8900.028203019143,0.11764705882352941,0,VIP High-Value Customers
11154,42,51074.548606737364,12,5,8,4,3,87.74480465398553,22.419574057779986,53.90013315134151,17.56941733741436,29.67008967525359,48.65369972488904,1,1,0,0,0,0,0,18,9.38207393649295,2,1,5.609960854648545,719.6802101055985,9,3,11,1,4.954382832638994,Male,Graduate,Married,259.957718600664,15,3,0,46,16.2473574125415,3379.450341808632,0.125,1,Loyal Regular Customers
11155,34,66361.07107674434,6,7,5,4,4,113.37145855578379,57.37130139729562,62.18997284540339,19.522287281116412,38.900335269081324,51.47367673481318,2,2,0,0,0,0,0,16,4.510988972693,1,0,8.490522859630632,46.555277793022015,13,2,11,1,4.158995239443664,Male,PhD,Married,342.8290320834937,13,5,0,49,24.487788005963836,2399.803224584456,0.07142857142857142,1,Loyal Regular Customers
11156,52,85076.87944361605,3,8,3,8,1,90.61497734788409,26.147787944186366,163.2678786940172,59.085106478182084,55.278711312931804,47.31034322479036,2,0,1,0,0,0,0,17,4.990338584878335,2,1,9.62955049291902,662.296650994422,3,5,11,2,3.1690826084093686,Female,Graduate,Married,441.70480500199193,12,3,1,44,33.97729269246092,1766.8192200079677,0.15384615384615385,1,Loyal Regular Customers
11157,44,37933.19943028435,15,8,4,7,4,171.4184251171292,22.063469122722836,87.0646555334623,6.597170009653573,26.516716156235383,25.360176364013665,0,2,0,0,1,0,0,10,9.36770577691606,1,0,3.5908524909353465,662.9237096001061,7,0,12,0,5.0,Male,High School,Married,339.0206123032169,15,3,1,37,21.188788268951058,5424.329796851471,0.0625,1,Loyal Regular Customers
11158,36,74149.63153333998,4,9,3,10,2,197.14822033127976,27.92262356365642,178.83265267056248,40.706983247789495,45.27202893114732,207.38975276074268,0,0,0,0,0,1,0,8,9.432393065842096,3,0,8.207429436111674,802.4682021311903,8,5,9,3,2.312179002648258,Female,Postgraduate,Divorced,697.2722615051782,15,1,1,39,43.57951634407364,3486.361307525891,0.1875,0,VIP High-Value Customers
11159,52,58861.97778330674,15,10,3,7,1,67.56576720763486,39.83483825062093,253.06130012990724,60.96641352206157,71.89987625740952,29.872248797481117,1,2,0,1,0,0,0,13,4.643182631020398,1,0,8.114633608094811,572.757580293554,9,2,5,0,3.134617913002795,Female,Postgraduate,Single,523.2004441651152,11,4,1,39,43.6000370137596,8371.207106641843,0.08333333333333333,0,VIP High-Value Customers
11160,66,32612.502238938374,9,2,4,8,2,202.84554660488058,70.34116766749219,153.76799599466582,13.298557985849946,30.85602481953993,20.562553562674093,0,1,0,0,0,0,0,12,6.8178672795227335,0,1,6.5168888997685155,443.3678003700992,7,2,10,3,4.211277170267447,Female,High School,Married,491.6718466351026,14,2,0,33,32.77812310900684,4916.718466351026,0.0,1,Loyal Regular Customers
11161,21,63268.56322707822,5,13,4,7,3,148.31659329318785,7.129887440840472,116.26183700460682,20.40912272125823,11.60850500196319,18.891921205724838,0,2,0,0,0,1,1,12,7.804129442076844,0,0,4.6286758596328,501.48560226618486,3,3,11,2,3.724413587441944,Female,High School,Single,322.6178666675814,14,3,2,42,21.50785777783876,1935.7072000054882,0.0,1,Loyal Regular Customers
11162,33,90764.90219360782,13,4,5,4,3,98.77911138194631,70.60648767245186,246.31998794226678,49.171360889488504,13.540743218379065,26.21735962073798,3,2,1,0,0,0,0,8,10.452970240383987,1,0,6.822367766077798,466.4517798673878,3,5,10,1,4.127234981565556,Male,Postgraduate,Married,504.63505072527045,12,6,1,30,38.8180808250208,7064.890710153786,0.07692307692307693,0,VIP High-Value Customers
11163,59,39832.39212159089,7,14,3,7,3,223.42860704663346,9.444224673387161,51.058443955063055,80.31637351149563,52.75954219574512,14.948311455626795,1,1,0,0,0,0,0,8,6.265060871881802,2,0,8.25006543144928,208.1528382207822,10,1,10,2,3.7019329550191733,Female,Postgraduate,Married,431.9555028379512,13,3,0,43,30.853964488425085,3455.6440227036096,0.14285714285714285,1,Loyal Regular Customers
11164,59,58021.1211233367,10,8,6,1,4,74.18253869766195,10.780289934223122,99.70524142404162,132.52129385512401,19.26327703895492,71.56669740661893,3,0,0,0,0,1,0,17,10.326777044103626,1,1,6.566874607045832,406.7198564856907,7,5,9,0,3.815116212251672,Female,Postgraduate,Single,408.01933835662453,11,4,1,46,34.00161152971871,4488.21272192287,0.08333333333333333,1,Loyal Regular Customers
11165,70,42240.49827648781,2,4,4,10,3,50.98456885633719,41.40583453027859,187.47140550255145,98.33425958986815,40.25555443123342,31.387092216655844,3,2,0,1,0,0,0,9,5.449660627784196,4,0,9.825549561965746,623.1445691330582,6,5,6,0,3.2059447617750334,Male,Graduate,Single,449.8387151269247,17,6,1,30,24.991039729273595,1349.516145380774,0.2222222222222222,1,Loyal Regular Customers
11166,58,51565.507225619716,14,1,6,9,4,71.88793592882247,7.731576530694423,203.91563553947222,84.78366112518059,31.48925144519199,65.82372954089665,0,0,1,0,0,0,0,13,4.2055622121476075,2,2,7.542348758334255,478.71766638763756,3,3,11,1,4.163709476523762,Female,Postgraduate,Single,465.63179011025835,19,1,1,31,23.28158950551292,6984.476851653875,0.1,1,Loyal Regular Customers
11167,70,85779.0625834434,14,13,6,10,3,85.30247777783678,21.586197561586932,229.7217406831189,57.10851977364456,23.887396029810688,29.35655017532937,3,2,0,0,0,0,0,9,11.25772594802091,3,0,7.702672114038214,386.6643396707421,11,3,14,1,3.32057478611595,Female,High School,Married,446.9628820013272,19,6,0,50,22.34814410006636,6704.443230019908,0.15,1,Loyal Regular Customers
11168,25,55112.559441155114,5,5,5,3,1,218.46018993637733,65.24515518701583,106.33305286706792,19.499619062438477,28.976456643906772,69.61829754052516,2,1,0,0,0,0,1,8,12.318159394442137,4,0,7.099169332170572,521.3557201461963,9,2,10,0,4.157318893888573,Female,High School,Married,508.13277123733144,9,4,1,34,50.813277123733144,3048.796627423989,0.4,0,VIP High-Value Customers
11169,25,85228.18327527588,9,3,7,9,1,366.9469262963942,57.26259282175298,54.97796416005178,71.30933952064728,25.255057072585775,137.17732449755084,2,2,0,0,0,0,0,9,11.493622899915888,2,0,7.070107249254003,316.5087888711337,10,4,6,2,4.580263190542313,Male,High School,Married,712.9292043689829,17,5,0,32,39.60717802049905,7129.292043689829,0.1111111111111111,0,VIP High-Value Customers
11170,22,79962.97286276855,11,9,5,12,1,212.52019665722204,70.2722466112555,88.76556296102407,33.40925862174007,25.332288021099263,18.09266677795946,2,0,0,0,0,0,1,12,10.11626509159219,3,2,7.128831789191009,541.1111335987741,8,3,11,1,4.437756660381507,Female,Graduate,Single,448.39221965030043,18,3,1,43,23.59959050791055,5380.706635803605,0.15789473684210525,1,Loyal Regular Customers
11171,26,53470.71755727994,3,4,6,10,4,121.1109145299428,20.374190141941206,78.16536015076633,15.139083558507998,40.19199242059402,110.73803633069892,1,0,0,1,0,0,0,14,8.314300502047342,2,1,7.456990273505416,610.241296615575,12,2,9,3,3.893112614087734,Male,Postgraduate,Single,385.71957713245126,20,2,1,41,18.36759891106911,1542.878308529805,0.09523809523809523,1,Loyal Regular Customers
11172,70,50953.209709087816,14,5,4,7,3,29.329005954203918,27.115473482966465,77.82954929522602,41.48072714551329,14.247476211681,109.02182239247476,1,1,1,1,1,0,0,7,9.68926165942643,0,0,7.0489022015980005,537.4225288893477,8,2,15,4,3.2760407001900957,Male,Graduate,Single,299.0240544820655,14,3,3,37,19.93493696547103,4485.360817230982,0.0,1,Loyal Regular Customers
11173,27,43872.02147733897,9,5,8,4,7,76.82051630228149,9.928311760290105,38.72448760004769,100.33150553072187,9.842297431166246,83.47653491791297,2,0,0,0,0,0,0,16,9.569755663827262,2,0,6.646174975291778,246.67417170905264,13,1,6,2,3.396249213903163,Male,Postgraduate,Single,319.12365354242036,19,3,0,41,15.956182677121017,3191.236535424204,0.1,1,Loyal Regular Customers
11174,61,43244.13850451872,14,7,11,5,7,305.95594982795393,27.854710338777107,71.87584598221434,13.245368520096305,16.2406923068319,27.236019996508738,2,1,0,0,0,0,0,8,13.352335748725732,4,0,8.509454670258087,714.1160686095316,9,4,10,3,3.6216039007295704,Male,High School,Married,462.4085869723823,23,4,0,38,19.267024457182597,6936.1288045857345,0.16666666666666666,1,Loyal Regular Customers
11175,34,66357.73310114117,11,10,6,8,4,190.14040783113106,10.370025512877588,279.3968074696601,209.07122895066857,86.28987776563028,10.204177109778627,3,1,1,0,0,0,0,12,5.843177984102173,1,1,7.325292002738017,301.84974263101924,7,2,7,3,4.923217809107186,Male,Postgraduate,Divorced,785.4725246397462,18,5,1,38,41.34065919156559,9425.670295676955,0.05263157894736842,0,VIP High-Value Customers
11176,66,59643.86432613062,15,11,3,4,4,27.7463976652367,160.12062962151708,99.54561499684952,32.48612246770563,33.254118185103486,21.585790451002634,1,0,0,0,0,0,0,13,6.27055909768292,4,0,8.937761698765403,508.24547979963296,8,2,11,2,3.8010269952316214,Male,Postgraduate,Married,374.7386733874151,11,2,0,45,31.22822278228459,5995.818774198641,0.3333333333333333,1,Loyal Regular Customers
11177,48,48775.10217127428,6,8,4,9,3,19.192573574471833,46.83397724572508,215.4174727682176,16.92615476391551,11.30751499382415,119.46573792681068,0,0,0,0,1,0,0,13,5.316155696930878,1,0,7.650591550443457,840.5939768450901,4,2,10,0,2.7743150080715813,Female,High School,Married,429.1434312729649,16,1,1,37,25.243731251350876,3004.0040189107544,0.058823529411764705,1,Loyal Regular Customers
11178,52,32122.26740178098,4,7,8,6,10,185.47435004560415,39.56319035964639,39.30582993540324,28.507829573064342,11.791812248381412,104.57080644960935,0,1,0,0,0,0,0,11,12.060629159929434,2,0,6.30593914890075,75.71416271762104,5,2,8,1,3.382654448818921,Female,Postgraduate,Single,409.21381861170886,24,2,0,33,16.368552744468353,2046.0690930585442,0.08,1,Loyal Regular Customers
11179,49,61911.217820799815,7,6,6,6,3,246.23215044698904,19.38076463974859,124.29464541105057,139.3201886281955,49.912110946080844,40.72421351302481,1,0,0,0,0,0,0,13,8.031066686583081,0,1,5.724433802267949,289.937995021543,5,2,13,0,4.677038466299128,Male,Graduate,Married,619.8640735850893,15,2,0,39,38.74150459906808,4958.912588680714,0.0,0,VIP High-Value Customers
11180,58,51548.060776896,8,11,5,5,4,60.16717094926144,17.903605302328348,123.23935599266834,24.774069683710024,83.47876157769123,69.80724271838206,3,1,0,0,0,0,0,9,5.864540522906173,2,1,7.464511700871366,515.7292537822211,8,2,7,0,4.292104994946055,Male,Postgraduate,Married,379.3702062240414,14,5,0,37,25.29134708160276,3414.3318560163725,0.13333333333333333,1,Loyal Regular Customers
11181,46,56484.64147952231,6,9,6,7,2,74.70302299078894,24.099022571416228,249.04836284760881,16.05251701658819,20.32903921768272,92.21230404640576,2,2,1,1,0,0,0,15,2.2140679492218673,1,1,9.064427718451446,378.99498269565527,5,4,12,1,4.726530842341498,Female,Graduate,Single,476.4442686904906,15,5,2,45,29.777766793155664,3335.1098808334345,0.0625,1,Loyal Regular Customers
11182,55,65483.912916565474,5,6,4,4,5,208.39966357656988,43.30653469360813,156.0354807505733,73.60148469587686,21.857403970189246,57.9754468537815,3,0,1,0,1,0,0,8,5.541057006185056,3,1,9.798733890098342,127.77943924814701,9,1,7,3,3.3769064520728085,Female,Postgraduate,Married,561.1760145405989,13,4,2,31,40.084001038614204,3367.0560872435935,0.21428571428571427,1,Loyal Regular Customers
11183,48,20000.0,6,9,5,13,2,98.9381899239164,13.646823093741528,107.69079852462525,79.56612522078811,129.46703632361567,15.192438146428703,3,0,0,1,0,0,0,11,8.726777328983234,0,0,10.0,511.5787660573244,9,5,11,0,3.974257563770275,Female,PhD,Married,444.5014112331157,20,4,1,45,21.166733868243604,3111.50987863181,0.0,1,Loyal Regular Customers
11184,57,32401.057133235754,5,7,14,4,3,107.24152769879852,10.11844114704078,209.1243732235494,5.502841443330509,22.504860763237836,43.39377781320329,1,1,1,0,1,0,0,17,2.7845805015056095,1,0,9.124403810440347,0.0,9,1,11,0,2.9561391989456762,Female,Graduate,Married,397.8858220891604,21,3,2,45,18.08571918587093,2387.3149325349623,0.045454545454545456,1,Loyal Regular Customers
11185,52,101335.9753824934,8,9,4,8,2,104.12446049831257,1.5578980818217538,164.1805671935436,94.78796601735667,3.653795866681006,29.679406124785306,2,2,0,0,0,1,0,12,5.288880461502536,3,2,10.0,1044.539768557308,15,3,11,1,3.681201883846854,Male,Postgraduate,Married,397.9840937825009,14,5,1,50,26.532272918833392,3581.8568440425083,0.2,1,Loyal Regular Customers
11186,56,50881.01087940688,1,9,6,2,3,128.58340798534033,47.6686481498711,97.02667976212162,43.619085773280176,37.00843389643516,37.68308569463204,1,2,0,0,1,0,0,8,8.110477327133458,1,2,6.277886918307583,720.3192126813562,5,2,10,2,5.0,Female,Postgraduate,Married,391.58934126168043,11,4,1,34,32.632445105140036,783.1786825233609,0.08333333333333333,1,Loyal Regular Customers
11187,46,20000.0,11,7,2,7,4,144.5716705359828,30.552371547006686,207.9097921890038,34.770526304036906,17.52576979085768,59.72303175782685,1,0,0,0,0,0,1,9,7.36868797960009,0,0,8.17344032712846,283.10302234019707,12,3,7,0,4.0894644141194485,Female,High School,Married,495.0531621247148,13,2,1,38,35.36094015176534,5940.637945496577,0.0,0,VIP High-Value Customers
11188,52,33901.076768707455,7,6,5,7,2,320.472211600472,23.981733028831304,247.97335831459563,24.687252534018096,32.64724939488947,50.64872340993734,3,1,0,1,0,0,0,12,4.453612549018905,2,1,6.3412824551294715,423.2354586309449,9,4,9,2,4.688072393955689,Male,Graduate,Married,700.4105282827438,14,5,1,40,46.694035218849585,5603.284226261951,0.13333333333333333,0,VIP High-Value Customers
11189,23,104720.4126355458,15,11,5,6,5,94.10761717061102,13.431199365508693,279.5225705671313,22.55116537924625,99.2417527453098,10.934027443559936,1,1,0,0,0,0,0,10,5.592510581877613,1,0,8.198504393442333,101.5647629660981,9,6,8,0,3.599979845479332,Female,High School,Married,519.788332671367,16,3,0,44,30.575784274786294,8316.613322741872,0.058823529411764705,0,VIP High-Value Customers
11190,41,47346.04571514288,10,5,4,7,3,106.969032529787,24.058630309553504,132.57610714474475,48.46314308192506,32.80767242822818,138.6502939096859,1,0,0,0,0,0,0,8,7.256480152454151,1,0,8.997936278609746,840.0864806246831,11,4,9,1,3.741305494946785,Female,Graduate,Married,483.5248794039244,14,2,0,37,32.234991960261624,5318.773673443168,0.06666666666666667,1,Loyal Regular Customers
11191,21,80862.27440814882,10,7,3,7,3,56.33106482087874,80.86065724040378,192.68680734020626,19.217657737226578,31.70180525994595,24.233789339923526,1,2,0,0,0,0,0,13,9.079606443464186,2,0,6.778570028915756,536.5035911772743,10,3,13,0,4.359814626184349,Female,High School,Married,405.03178173858487,13,4,0,46,28.93084155275606,4455.349599124434,0.14285714285714285,1,Loyal Regular Customers
11192,29,62180.1239700697,11,11,6,8,4,127.77334436055057,17.12219815416254,196.04046373049903,92.95034968201907,10.917529695636139,25.55524765109545,1,1,0,0,0,1,0,12,9.711765852534867,1,0,8.099029018190192,159.12542471187743,8,3,14,2,5.0,Male,Graduate,Married,470.35913327396275,18,3,1,48,24.755743856524354,5644.309599287553,0.05263157894736842,1,Loyal Regular Customers
11193,24,51270.59332501852,2,7,5,6,4,217.35005326353826,51.72486122788093,49.91489419865293,247.2838074706066,33.890456366939254,12.379708560860808,3,1,0,0,1,0,0,10,7.64001761173619,4,1,7.638207614374501,407.56839331245334,9,6,11,0,3.6312022923326346,Male,High School,Married,612.5437810884787,15,5,1,43,38.28398631802992,1837.631343265436,0.25,1,Loyal Regular Customers
11194,29,73958.01847373566,15,6,7,6,4,74.15811132042501,57.185583913814796,235.2502946851751,37.56187205362192,56.90254354207836,80.71295721196064,2,0,1,0,0,0,0,12,11.868773815211473,0,1,7.898809509915097,678.939421459168,7,4,7,0,5.0,Female,PhD,Single,541.7713627270758,17,3,1,36,30.0984090403931,8668.341803633213,0.0,0,VIP High-Value Customers
11195,52,20000.0,14,12,8,4,0,67.27785689149735,12.506415713418635,197.51771781020332,147.59141703265018,113.60942647930818,14.227988920317825,2,0,1,0,0,0,1,13,6.540068894862031,4,0,7.2652100359399805,639.8835025565606,7,3,8,0,5.0,Female,Graduate,Divorced,552.7308228473955,12,3,2,43,42.51775560364581,8290.962342710933,0.3076923076923077,0,VIP High-Value Customers
11196,57,34059.61284258115,9,7,6,4,2,206.48190587612686,14.688559849670035,95.4001914036238,49.426095260871946,4.721195588593056,47.13618444597212,3,2,0,0,0,0,0,13,4.8233903784003935,1,0,5.516579327763599,641.7930659516712,9,1,12,1,3.583866816995407,Male,Graduate,Divorced,417.85413242485777,12,6,0,42,32.14262557114291,4178.541324248577,0.07692307692307693,1,Loyal Regular Customers
11197,32,51137.6817814879,1,8,5,4,6,144.11525765682364,31.8709794145149,198.4150550275261,38.50958374159924,53.5019327361954,95.95844518807088,0,2,0,1,0,0,0,12,2.5794995099293763,1,0,9.65274257814652,531.84518745576,7,2,7,2,3.6705686744060375,Female,Graduate,Married,562.3712537647301,15,3,1,36,35.14820336029563,1124.7425075294602,0.0625,1,Loyal Regular Customers
11198,50,35827.720831147046,11,5,8,4,2,67.6584328409928,118.62009280623778,57.89750652506131,59.23344734767302,15.270977068786049,292.20457568177454,1,1,0,1,0,0,0,10,9.906051833933498,3,2,8.172258748159207,0.0,6,2,11,2,3.948282626339425,Male,PhD,Married,610.8850322705255,14,3,1,34,40.72566881803503,7330.620387246306,0.2,0,VIP High-Value Customers
11199,66,49545.999806928514,10,7,9,6,4,131.8079029846594,65.57272391108347,229.04612382742292,48.94787186967125,62.067115679611724,70.86851397564541,3,0,0,0,0,0,0,11,7.734568089166274,2,1,8.442181169994749,1112.3154964837256,9,3,6,1,3.6523457737503993,Female,Postgraduate,Married,608.3102522480942,19,4,0,36,30.41551261240471,6691.412774729037,0.1,0,VIP High-Value Customers
11200,55,75366.8348222909,6,9,3,7,3,63.57344159864656,31.910179486009618,167.52522044505073,62.28654189054615,8.329745840622998,57.55998866335952,0,0,0,0,0,1,0,10,3.6059828788376134,3,0,9.590002561033423,413.28234921573994,9,3,11,1,4.312619675048578,Female,Postgraduate,Single,391.18511792423556,13,1,1,42,27.941794137445395,2738.2958254696487,0.21428571428571427,1,Loyal Regular Customers
